key,atom,cluster0,cluster1,cluster2,cluster3
1D-000,0,1.2051076872973902e-31,2.601549653731301e-35,1.0,2.0227676522951183e-155
1D-000,1,0.9999974352404798,2.5647595205780662e-06,1.978527893463443e-25,0.0
1D-000,2,0.9999974417022526,2.5582977472250136e-06,1.9839714955639785e-25,0.0
1D-000,3,0.9999995348842707,4.6511572955092885e-07,5.447676201243327e-26,0.0
1D-000,4,0.9999995330123006,4.669876990573039e-07,5.381788236112137e-26,0.0
1D-000,5,0.9999991674295174,8.325704822624579e-07,3.4479626126724095e-25,0.0
1D-000,6,0.9999991708254807,8.291745196633052e-07,3.4945224515468097e-25,0.0
1D-000,7,1.1918901849500963e-31,2.581013378939722e-35,1.0,2.131233261957897e-155
1D-001,0,0.9999999329304603,6.706954009452585e-08,1.5514295691555222e-21,0.0
1D-001,1,0.9999999325577718,6.744222804338923e-08,1.5346452796021416e-21,0.0
1D-001,2,0.999999932714196,6.728580375709557e-08,1.5300305465683618e-21,0.0
1D-001,3,0.9999999325335973,6.74664029796534e-08,1.526381710864953e-21,0.0
1D-001,4,0.9999999326917046,6.730829500959725e-08,1.5328641982269476e-21,0.0
1D-001,5,0.9999999326773126,6.732268730208537e-08,1.5480817199604296e-21,0.0
1D-001,6,0.999999932606547,6.739345322953329e-08,1.5364612592203525e-21,0.0
1D-001,7,0.9999999325587416,6.744125794981952e-08,1.5319880674409831e-21,0.0
1D-002,0,0.9999999098739935,9.01260066678595e-08,2.3760535670912485e-23,0.0
1D-002,1,0.999999910343623,8.965637727543723e-08,2.42869678417947e-23,0.0
1D-002,2,0.9999999102091945,8.979080530101761e-08,2.3771605401719245e-23,0.0
1D-002,3,0.9999999095565771,9.044342289415897e-08,2.3601560832445225e-23,0.0
1D-002,4,0.9999999104347173,8.956528255828529e-08,2.4122526270758346e-23,0.0
1D-002,5,0.9999999101963932,8.980360717940272e-08,2.4096248947577473e-23,0.0
1D-002,6,0.9999999096853115,9.031468892787282e-08,2.351433688351558e-23,0.0
1D-002,7,0.9999999099628948,9.003710507414034e-08,2.3786336501181953e-23,0.0
1D-003,0,0.9999997782335838,2.2176641628096822e-07,2.432617178384124e-25,0.0
1D-003,1,0.9999995582921776,4.41707822398859e-07,6.3224711690585154e-24,0.0
1D-003,2,7.124402551227978e-39,2.7451534985688096e-40,1.0,8.793362085641445e-124
1D-003,3,8.013808671717206e-32,2.8686487258741143e-35,1.0,8.17059088527353e-155
1D-003,4,7.974368491112462e-32,2.859736946226798e-35,1.0,8.36017000538763e-155
1D-003,5,0.9999995524722693,4.475277306840892e-07,6.122333117908793e-24,0.0
1D-003,6,7.124402551228584e-39,2.7451534985688875e-40,1.0,8.793362085639945e-124
1D-003,7,0.9999997756734874,2.2432651265110872e-07,2.3473877741549563e-25,0.0
1D-004,0,3.837449806947274e-42,2.913818649855811e-42,1.0,4.7036903108979814e-111
1D-004,1,0.9999996386501562,3.613498436758053e-07,1.2848710313541525e-23,0.0
1D-004,2,0.9999998019646289,1.9803537128924638e-07,3.734813079820885e-25,0.0
1D-004,3,7.024789690071948e-32,2.8431410515666644e-35,1.0,1.4113586019816593e-154
1D-004,4,3.837449806947274e-42,2.913818649855811e-42,1.0,4.7036903108979814e-111
1D-004,5,0.9999996207267268,3.7927327275853705e-07,1.14607096847849e-23,0.0
1D-004,6,7.163525453743186e-32,2.8814654661323505e-35,1.0,1.287285379498943e-154
1D-004,7,0.9999997953742646,2.0462573586820034e-07,3.3484276431663873e-25,0.0
1D-005,0,7.742898028911597e-32,2.8169869230197956e-35,1.0,9.554525515677602e-155
1D-005,1,0.9999995639615893,4.360384105094985e-07,6.644706419788355e-24,0.0
1D-005,2,3.218153908172456e-39,1.6793250026520511e-40,1.0,2.099871540480457e-122
1D-005,3,0.9999997806807103,2.193192899664597e-07,2.5270544541500267e-25,0.0
1D-005,4,0.9999997805815363,2.1941846397935993e-07,2.5230952205075206e-25,0.0
1D-005,5,0.9999995640619925,4.3593800753747173e-07,6.642306379041922e-24,0.0
1D-005,6,3.218153908172456e-39,1.6793250026520511e-40,1.0,2.099871540480457e-122
1D-005,7,7.720919128455829e-32,2.8116610531998046e-35,1.0,9.682564484022332e-155
1D-006,0,1.0071273280129974e-35,5.645102781245255e-38,1.0,3.94008938105512e-137
1D-006,1,0.9999992947055691,7.052944309227366e-07,4.73525052963764e-25,0.0
1D-006,2,1.0099342668138817e-35,5.647578644511087e-38,1.0,3.8955488515989387e-137
1D-006,3,0.9999992917726205,7.082273795578768e-07,4.680539179483839e-25,0.0
1D-006,4,1.0050056859103495e-35,5.638268613374869e-38,1.0,3.975934820239543e-137
1D-006,5,0.999999293344204,7.0665579610947e-07,4.722115809637632e-25,0.0
1D-006,6,1.0041706147184329e-35,5.631219600772596e-38,1.0,3.9917018690191996e-137
1D-006,7,0.9999992913309075,7.086690920974126e-07,4.673758154659317e-25,0.0
1D-007,0,0.9999943504010871,5.649598912580823e-06,1.4615604421630394e-26,0.0
1D-007,1,0.999996984440837,3.0155591629382265e-06,2.5532183528605008e-26,0.0
1D-007,2,4.8968606509673694e-127,1.7865992317696292e-88,3.656628201357722e-21,1.0
1D-007,3,0.9999969674206091,3.032579391020208e-06,2.5315802438479187e-26,0.0
1D-007,4,0.999994352761574,5.64723842583893e-06,1.466668805589462e-26,0.0
1D-007,5,0.9999974532277557,2.546772243972657e-06,1.579359519615435e-26,0.0
1D-007,6,5.014509867240006e-127,1.8086663891228055e-88,3.682451278039237e-21,1.0
1D-007,7,0.9999974487791158,2.551220883925096e-06,1.5668311761726055e-26,0.0
1D-008,0,7.447658239015645e-33,5.854677458452569e-35,1.0,2.7175820249549716e-149
1D-008,1,6.208064524606142e-33,1.941810316914068e-36,1.0,6.184848886710602e-149
1D-008,2,0.9999998687174176,1.3128258245749093e-07,1.3973905611268528e-24,0.0
1D-008,3,8.535126946197334e-32,2.7822833104947787e-35,1.0,6.5647054382669605e-155
1D-008,4,8.787843780772544e-33,5.149398482337234e-35,1.0,8.230743409822278e-150
1D-008,5,0.9999984686559263,1.5313440732736407e-06,2.1221257077167147e-26,0.0
1D-008,6,0.9999961087619704,3.8912380292752085e-06,8.312873271950831e-25,0.0
1D-008,7,0.9999997224456022,2.7755439737809244e-07,1.3926075522056686e-25,0.0
1D-009,0,5.602479832634309e-37,6.724841763782512e-39,1.0,1.0364159380706637e-131
1D-009,1,5.614495133925787e-37,6.733956358078118e-39,1.0,1.0271347607976643e-131
1D-009,2,5.601903778729596e-37,6.724404584863989e-39,1.0,1.0368635097388348e-131
1D-009,3,5.6104481299103154e-37,6.730887159685629e-39,1.0,1.0302493354472896e-131
1D-009,4,5.612505565206927e-37,6.732447612133671e-39,1.0,1.0286644743919621e-131
1D-009,5,5.600494399493841e-37,6.723334944203387e-39,1.0,1.037959547620377e-131
1D-009,6,5.607859145852802e-37,6.728923284618014e-39,1.0,1.0322479429980063e-131
1D-009,7,5.599318707325025e-37,6.72244258950042e-39,1.0,1.038874948607934e-131
1D-010,0,1.0924021833959976e-32,1.689966350287257e-35,1.0,7.785365391368185e-151
1D-010,1,0.9999999727044789,2.7295520736477543e-08,4.2601055290239216e-21,0.0
1D-010,2,8.039763978546752e-31,1.3107574210758717e-33,1.0,3.461417970186331e-159
1D-010,3,0.9999995069613384,4.93038661495251e-07,1.9265614846507854e-24,0.0
1D-010,4,0.99999983353128,1.6646872049471057e-07,1.073056700702459e-23,0.0
1D-010,5,0.9999992631238076,7.368761920180974e-07,6.119691466857522e-22,0.0
1D-010,6,0.9999998834817504,1.1651824964568686e-07,8.029657842594127e-22,0.0
1D-010,7,0.9999995310886785,4.689113214431548e-07,2.2359480926062593e-24,0.0
1D-011,0,0.9999999378764085,6.212359122366794e-08,4.741798291342594e-23,0.0
1D-011,1,3.552381221874311e-34,4.0949694507388156e-37,1.0,9.513665436132698e-144
1D-011,2,1.6158523422490355e-35,1.1005474765322634e-37,1.0,4.5837411753925684e-138
1D-011,3,3.442311752243589e-34,4.012013541971021e-37,1.0,1.0927277163730372e-143
1D-011,4,1.6245233579116218e-35,1.1044032632866005e-37,1.0,4.477484025417193e-138
1D-011,5,3.4687962382236132e-34,4.04418989081776e-37,1.0,1.0515139928445984e-143
1D-011,6,0.999999937831432,6.216856831332319e-08,4.7395485401285215e-23,0.0
1D-011,7,3.5578052966686862e-34,4.1084075973407214e-37,1.0,9.416070384098792e-144
1D-012,0,0.9999985589136929,1.3947369546314145e-10,1.440946832888481e-06,0.0
1D-012,1,0.9999993329489638,6.670510359476812e-07,9.091859837295098e-25,0.0
1D-012,2,0.9999997090753544,2.909246452786119e-07,1.2136920792586385e-25,0.0
1D-012,3,7.588427117192735e-34,7.41784453610211e-36,1.0,4.975376643263731e-145
1D-012,4,1.3444687292801527e-30,3.5491972783117906e-34,1.0,7.92139743262715e-161
1D-012,5,0.9999998661653119,1.3383468848370652e-07,5.485629832290506e-22,0.0
1D-012,6,1.3667637819055054e-31,3.144087735135915e-35,1.0,9.423658140864242e-156
1D-012,7,7.310901246942988e-07,0.9999992689098754,2.893679282112473e-51,0.0
1D-013,0,3.0069412695452462e-30,1.302602357721994e-32,1.0,8.58127869338254e-161
1D-013,1,3.2768319118421886e-30,1.425355685225458e-32,1.0,6.014168072529675e-161
1D-013,2,2.8510561685168738e-30,1.2323882660467492e-32,1.0,1.0704754974023645e-160
1D-013,3,2.6225368105090425e-30,1.1291653909251755e-32,1.0,1.5126834564022792e-160
1D-013,4,3.0142583454553542e-30,1.3059024130964218e-32,1.0,8.495102409638725e-161
1D-013,5,3.261455445419509e-30,1.4183775149209752e-32,1.0,6.132601908277716e-161
1D-013,6,2.8506003950617553e-30,1.2321837030966558e-32,1.0,1.0711876926716184e-160
1D-013,7,2.628966518058859e-30,1.1320475353412817e-32,1.0,1.4973742525807825e-160
1D-014,0,9.513422505993495e-33,3.352678932237285e-35,1.0,2.8462326631488115e-150
1D-014,1,9.523139535483439e-33,3.356272317138423e-35,1.0,2.833861622998986e-150
1D-014,2,9.518661086056116e-33,3.354683190065923e-35,1.0,2.8396239989803047e-150
1D-014,3,9.518611049937724e-33,3.354631014508137e-35,1.0,2.839653027908011e-150
1D-014,4,9.509038856118121e-33,3.351111889327717e-35,1.0,2.851891338267191e-150
1D-014,5,9.51148124783546e-33,3.3519778937406967e-35,1.0,2.8487295207300756e-150
1D-014,6,9.519839861086406e-33,3.355120896171262e-35,1.0,2.838125871626287e-150
1D-014,7,9.510163385370768e-33,3.3514681436198095e-35,1.0,2.85039111373296e-150
1D-015,0,1.4782525609112894e-33,6.096823526364319e-37,1.0,6.605419939249565e-146
1D-015,1,0.9999976475753186,2.352424681275863e-06,2.057512717794113e-26,0.0
1D-015,2,0.9999977736838164,2.226316183491947e-06,2.813995274326476e-26,0.0
1D-015,3,6.321732270604481e-29,1.8556215039528426e-32,1.0,6.085815240125497e-169
1D-015,4,6.987922634120599e-127,2.075792451818562e-88,4.416232994907275e-21,1.0
1D-015,5,0.9999975702147289,2.4297852707433533e-06,3.133441934318767e-26,0.0
1D-015,6,0.9999969967848082,3.0032151917775496e-06,5.60189497447235e-26,0.0
1D-015,7,0.9999988469825943,1.1530174056574872e-06,2.4361140834690227e-26,0.0
1D-016,0,5.948969665346609e-30,2.420299712274575e-32,1.0,3.985469751607722e-162
1D-016,1,2.160879545938502e-31,7.750376162071355e-34,1.0,4.2819122913188967e-156
1D-016,2,6.89527091535217e-33,2.3673396312024977e-35,1.0,1.1138960923872808e-149
1D-016,3,3.375241084162081e-34,1.2022588965371362e-36,1.0,6.338333861397484e-144
1D-016,4,5.936105904681488e-30,2.4148444110075455e-32,1.0,4.0215348537442633e-162
1D-016,5,2.1629767216092516e-31,7.75797410576493e-34,1.0,4.264227060280363e-156
1D-016,6,6.911822275699498e-33,2.3730081594197565e-35,1.0,1.1023570439396983e-149
1D-016,7,3.375092334347554e-34,1.2022046047632506e-36,1.0,6.339572757300662e-144
1D-017,0,6.166877082462477e-34,2.1469711774924827e-36,1.0,4.355860522403364e-145
1D-017,1,2.854044188966255e-31,1.0212790394399731e-33,1.0,1.2937125528301273e-156
1D-017,2,3.5564323871350096e-34,1.253903300567492e-36,1.0,5.011472250303398e-144
1D-017,3,5.2441567494630205e-31,1.9118675288437097e-33,1.0,9.92437356817774e-158
1D-017,4,6.1493333747972336e-34,2.1409620927425674e-36,1.0,4.411129724435204e-145
1D-017,5,2.8447794125711865e-31,1.0178336721270379e-33,1.0,1.311534788092103e-156
1D-017,6,3.54965384518552e-34,1.2515251402407823e-36,1.0,5.054132453076553e-144
1D-017,7,5.208939732948681e-31,1.8986595236119958e-33,1.0,1.021064300365626e-157
1D-018,0,1.5010929724497043e-32,4.974520725872088e-35,1.0,3.6595247303939374e-151
1D-018,1,3.8149825802461853e-34,1.3130719218760639e-36,1.0,3.6460232239081917e-144
1D-018,2,1.4949064373255395e-32,4.952327452421132e-35,1.0,3.723979207461306e-151
1D-018,3,3.8114706591706584e-34,1.3117728936015636e-36,1.0,3.660920007972187e-144
1D-018,4,1.4991424232177668e-32,4.967670559153307e-35,1.0,3.679835648803108e-151
1D-018,5,3.8176065679919392e-34,1.3140027986825129e-36,1.0,3.6349134016706575e-144
1D-018,6,1.4939592364252626e-32,4.949594753214536e-35,1.0,3.734609273939119e-151
1D-018,7,3.793754780028174e-34,1.305590197293532e-36,1.0,3.737487558163243e-144
1D-019,0,2.813243784066512e-31,8.964390873477302e-34,1.0,1.1002980340534233e-156
1D-019,1,6.369207951717184e-39,4.503741990172735e-40,1.0,1.0901831931601447e-123
1D-019,2,2.514398959556194e-31,7.998066879382939e-34,1.0,1.7792437083677558e-156
1D-019,3,1.461096264575678e-30,5.1987274029455096e-33,1.0,1.1680252621197089e-159
1D-019,4,3.1103106249896303e-31,9.9521091623852e-34,1.0,7.196487512000007e-157
1D-019,5,6.369207951717184e-39,4.503741990172735e-40,1.0,1.0901831931601447e-123
1D-019,6,2.827681716955431e-31,9.035021772882862e-34,1.0,1.0818595650045664e-156
1D-019,7,1.4052369227562838e-30,4.992805775109576e-33,1.0,1.375968038009872e-159
1D-020,0,6.529222803422129e-39,4.590594552152981e-40,1.0,9.85551664240428e-124
1D-020,1,2.441386414932418e-31,7.782114634399454e-34,1.0,2.0280372635168636e-156
1D-020,2,1.7624496243764297e-31,5.84508124336482e-34,1.0,8.87378054134487e-156
1D-020,3,3.1374506066744414e-30,1.0841208010007815e-32,1.0,4.109481864910793e-161
1D-020,4,6.529222803422407e-39,4.5905945521531765e-40,1.0,9.855516642402598e-124
1D-020,5,2.213463937654841e-31,7.036884046738351e-34,1.0,3.078757263878767e-156
1D-020,6,1.755552342852626e-31,5.8234248630521405e-34,1.0,9.028203755629645e-156
1D-020,7,3.3300480221552824e-30,1.1534518604331939e-32,1.0,3.200204023789971e-161
1D-021,0,2.605565409623148e-35,7.685533463259097e-38,1.0,8.261458957983912e-139
1D-021,1,2.6860407215516976e-33,1.2752114054059095e-35,1.0,9.378093699374459e-148
1D-021,2,1.0954977610509081e-32,3.095214963123081e-35,1.0,1.199006167236963e-150
1D-021,3,5.990058319238416e-32,9.482714271693124e-35,1.0,3.604137687089696e-154
1D-021,4,2.178718767078033e-32,3.393776718473114e-35,1.0,3.400418545182404e-152
1D-021,5,2.533022663349004e-33,1.1989955984381632e-35,1.0,1.2013926551089147e-147
1D-021,6,4.369100148021378e-34,1.2956029365330141e-36,1.0,1.9346004492278522e-144
1D-021,7,2.5902481823434266e-34,6.726466886763679e-37,1.0,2.089426305999628e-143
1D-022,0,1.0701462823957369e-35,1.4339022740425468e-37,1.0,3.3391772718080646e-137
1D-022,1,8.422736995660848e-33,3.350691587618369e-35,1.0,5.60268229825277e-150
1D-022,2,8.221569786505516e-33,3.2862207377904327e-35,1.0,6.254532976880909e-150
1D-022,3,1.0299855045961867e-35,1.3948108029926096e-37,1.0,3.9448823937623363e-137
1D-022,4,1.0722517681658056e-35,1.4365675786154238e-37,1.0,3.311626513107339e-137
1D-022,5,8.441613264107963e-33,3.3580697238008183e-35,1.0,5.548734382258495e-150
1D-022,6,8.222898558907427e-33,3.286747328605083e-35,1.0,6.250178087724919e-150
1D-022,7,1.0299218535264058e-35,1.394728691924549e-37,1.0,3.9459085459877537e-137
1D-023,0,3.1308660954720586e-39,2.923066277602635e-40,1.0,1.9421534507023096e-122
1D-023,1,2.94808441290727e-30,1.0164423550008944e-32,1.0,5.341004443230514e-161
1D-023,2,3.726225093078379e-31,1.1916849215953521e-33,1.0,3.301864325580822e-157
1D-023,3,6.430338798533678e-31,2.0928121275749874e-33,1.0,3.2662263797573526e-158
1D-023,4,3.130866095472459e-39,2.923066277602801e-40,1.0,1.9421534507009848e-122
1D-023,5,2.8614094443528427e-30,9.850367860821653e-33,1.0,6.049134184965974e-161
1D-023,6,4.163711895109146e-31,1.3356072332063617e-33,1.0,2.05924984206313e-157
1D-023,7,6.022109843482506e-31,1.9559328181998548e-33,1.0,4.312879312210691e-158
1D-024,0,4.877880570520502e-38,1.8014757303830573e-39,1.0,2.5546534671888673e-127
1D-024,1,7.608605752841384e-36,1.1426750811403183e-37,1.0,1.4919772437983197e-136
1D-024,2,2.1852209855489006e-34,1.0380772556423998e-36,1.0,4.7630832165935065e-143
1D-024,3,4.4043792296469297e-38,1.663789245142422e-39,1.0,3.901993629541389e-127
1D-024,4,4.884238510667957e-38,1.8036650462916515e-39,1.0,2.5408615595023178e-127
1D-024,5,7.604342995957913e-36,1.1420585511294463e-37,1.0,1.4954801794614629e-136
1D-024,6,2.187168041327228e-34,1.038977918562543e-36,1.0,4.744546623188336e-143
1D-024,7,4.4086336308865664e-38,1.6652867249248584e-39,1.0,3.886374078856168e-127
1D-025,0,2.428276691724116e-31,5.425992749465684e-35,1.0,5.039011719096266e-157
1D-025,1,0.9999999959458838,4.054116323847636e-09,1.4108693652481658e-19,0.0
1D-025,2,0.9999999957081416,4.291858573340486e-09,1.3646346528057236e-19,0.0
1D-025,3,2.794884784215425e-31,6.3992170875296e-35,1.0,2.373181383529239e-157
1D-025,4,2.5722445750232406e-31,6.156457726503327e-35,1.0,3.4430009536777803e-157
1D-025,5,0.9999999959461703,4.053829818481273e-09,1.3931517138379451e-19,0.0
1D-025,6,0.9999999957291781,4.270822180931896e-09,1.3798593586861715e-19,0.0
1D-025,7,2.7427979057831013e-31,5.660748683956465e-35,1.0,2.997190345012372e-157
1D-026,0,0.999998335800517,1.6641994827400892e-06,2.7469288872470636e-24,0.0
1D-026,1,0.9999994834732873,5.165267126501524e-07,9.360252794589433e-25,0.0
1D-026,2,2.17028930546174e-28,1.0721257990496505e-32,1.0,9.241428227942053e-172
1D-026,3,0.9999962370182031,3.7629817971260463e-06,1.5177684381595455e-26,0.0
1D-026,4,0.999992829133008,7.1708669922686026e-06,8.189293877142835e-24,0.0
1D-026,5,0.9999935172498079,6.4827501918713464e-06,2.4964943007362518e-26,0.0
1D-026,6,0.9999606985134096,3.930148659026553e-05,3.4646585113903506e-25,0.0
1D-026,7,7.586413997003754e-34,7.531791215995504e-36,1.0,5.0965407690827274e-145
1D-027,0,7.273823301883644e-22,1.7393336174645497e-27,1.0,9.01396628921519e-208
1D-027,1,0.9989886085585876,0.0010113914414123628,3.4243741070084994e-32,0.0
1D-027,2,0.9999929397368709,7.06026312943504e-06,1.859580984679749e-22,0.0
1D-027,3,0.9999998401293023,1.5987069780584097e-07,2.5940332722592136e-24,0.0
1D-027,4,1.1115191201031067e-14,0.9999999999999889,1.8477148430374864e-64,0.0
1D-027,5,3.914860061747654e-13,0.9999999999996088,3.3485959742013066e-65,0.0
1D-027,6,0.9999999305935334,6.94064665855909e-08,1.1576508457948383e-22,0.0
1D-027,7,3.071396258242846e-32,2.5688256610836074e-35,1.0,5.737509518811983e-153
1D-028,0,5.392778164677913e-40,1.8032751135721848e-40,1.0,3.1808664794031463e-119
1D-028,1,0.9999679522625108,3.204773748919881e-05,2.2656027770496076e-26,0.0
1D-028,2,0.9999956013077587,4.398692240995936e-06,3.907850016929336e-26,0.0
1D-028,3,0.9999951821411327,4.8178588676320586e-06,3.173246853477011e-26,0.0
1D-028,4,5.392778164677913e-40,1.8032751135721848e-40,1.0,3.1808664794031463e-119
1D-028,5,0.9999681408978957,3.185910210445983e-05,2.3238390880969767e-26,0.0
1D-028,6,0.9999955658755773,4.434124422400266e-06,3.886787014772225e-26,0.0
1D-028,7,0.9999951060218619,4.893978138245129e-06,3.026422477733237e-26,0.0
1D-029,0,3.99911227953767e-32,2.10829264993389e-35,1.0,1.870543131159833e-153
1D-029,1,6.933414808161179e-05,0.9999306658519186,2.8127449225640375e-43,0.0
1D-029,2,5.695875604802753e-11,5.362695752632406e-19,0.9999999999430416,7.294766125301255e-278
1D-029,3,0.9999978400773125,2.1599226874785487e-06,1.1358680981773825e-24,0.0
1D-029,4,0.9999996041021764,3.958978235112109e-07,6.712232465088686e-23,0.0
1D-029,5,0.999986855783833,1.3144216167153408e-05,1.0350480905216197e-26,0.0
1D-029,6,1.5311705116522627e-16,1.0,3.739382637147304e-69,0.0
1D-029,7,8.981171516839051e-33,3.6079035633311873e-36,1.0,4.7547652745267626e-150
1D-030,0,0.9999998065128929,1.93487107217033e-07,1.8638704677979574e-21,0.0
1D-030,1,0.9999998043641329,1.9563586727800192e-07,1.8080988900623226e-21,0.0
1D-030,2,0.999999806832407,1.9316759353490078e-07,1.883707147818448e-21,0.0
1D-030,3,0.9999998042549342,1.957450662296977e-07,1.79473262215308e-21,0.0
1D-030,4,5.669785077434637e-13,0.9999999999994333,9.632223371887271e-64,0.0
1D-030,5,5.996048627934595e-13,0.9999999999994005,1.0764399517215194e-63,0.0
1D-030,6,5.884444629484275e-13,0.9999999999994116,1.0409551115149309e-63,0.0
1D-030,7,5.890139327181496e-13,0.9999999999994111,1.0331222522500039e-63,0.0
1D-031,0,0.9999993745701705,6.254298294893182e-07,2.0173681975006746e-25,0.0
1D-031,1,4.012695856477134e-33,1.1586702995044325e-36,1.0,8.919092987139985e-148
1D-031,2,1.4038083938355412e-33,5.942771132517294e-37,1.0,8.04561559214116e-146
1D-031,3,0.9999994009284912,5.99071508872976e-07,2.025767325584768e-25,0.0
1D-031,4,0.9999996646708562,3.353291436298138e-07,1.454628007861253e-27,0.0
1D-031,5,7.140923203606713e-33,2.5804211742076273e-36,1.0,1.9894611873391366e-149
1D-031,6,7.768361857368513e-33,2.7003487614674168e-36,1.0,1.3983284362637611e-149
1D-031,7,0.999999556213598,4.4378640175824807e-07,5.217324843061066e-28,0.0
1D-032,0,0.9999997781493064,2.2185069363588888e-07,1.2939693013071417e-25,0.0
1D-032,1,0.9999999606303768,3.9369623198144674e-08,1.8842750918385014e-21,0.0
1D-032,2,1.1989758121934771e-32,9.060942339937349e-36,1.0,5.227231506585811e-151
1D-032,3,0.9999999606985391,3.930146115828521e-08,1.8762600611781617e-21,0.0
1D-032,4,0.9999997793994314,2.2060056823711112e-07,1.3182218692083288e-25,0.0
1D-032,5,0.9999998348431113,1.6515688838172508e-07,1.8040487518757658e-23,0.0
1D-032,6,1.1850081350996644e-32,8.977432551596624e-36,1.0,5.523241396152981e-151
1D-032,7,0.9999998353095692,1.6469043099493408e-07,1.822725208369227e-23,0.0
1D-033,0,0.9805166515701225,0.019483348429877416,2.1716166246360052e-35,0.0
1D-033,1,0.9823039080760837,0.01769609192391641,2.5825402927026597e-35,0.0
1D-033,2,6.033168491577892e-37,1.8224426706340512e-38,1.0,7.844831480839164e-132
1D-033,3,6.5408308252135776e-37,1.9164683493822648e-38,1.0,5.5429763985256067e-132
1D-033,4,0.9839706893424444,0.016029310657555744,3.0865938964703107e-35,0.0
1D-033,5,0.9823548530106088,0.017645146989391465,2.59597586529909e-35,0.0
1D-033,6,6.030177992277332e-37,1.821579908941945e-38,1.0,7.860770073063919e-132
1D-033,7,6.537590631121405e-37,1.9155614473771636e-38,1.0,5.554245308942109e-132
1D-034,0,7.710635396331322e-39,1.0807561341411775e-39,1.0,6.9230319855933605e-124
1D-034,1,0.9838095496619194,0.016190450338080586,2.9399658971069884e-35,0.0
1D-034,2,7.646122268571496e-39,1.0752274862185256e-39,1.0,7.16816125217163e-124
1D-034,3,0.9838534213575754,0.016146578642424515,2.954385177862078e-35,0.0
1D-034,4,7.710635396330773e-39,1.0807561341411314e-39,1.0,6.923031985595721e-124
1D-034,5,0.9859050455391222,0.014094954460877862,3.7753474182191246e-35,0.0
1D-034,6,7.646122268571822e-39,1.0752274862185563e-39,1.0,7.168161252170408e-124
1D-034,7,0.985866834406785,0.01413316559321479,3.756934493882715e-35,0.0
1D-035,0,6.837217528352116e-39,1.0043866469620347e-39,1.0,1.1388119011670582e-123
1D-035,1,7.546929728315478e-39,1.0667761520701662e-39,1.0,7.566924312876858e-124
1D-035,2,0.9864079164102143,0.013592083589785614,4.032646071046211e-35,0.0
1D-035,3,0.9791625238525594,0.02083747614744058,1.8666026716411826e-35,0.0
1D-035,4,6.837217528352116e-39,1.0043866469620347e-39,1.0,1.1388119011670582e-123
1D-035,5,7.546929728315478e-39,1.0667761520701662e-39,1.0,7.566924312876858e-124
1D-035,6,0.9844022781316364,0.015597721868363676,3.14540394897161e-35,0.0
1D-035,7,0.9898085133997023,0.010191486600297783,6.792663644815222e-35,0.0
1D-036,0,6.917286010041583e-39,1.0115416303407347e-39,1.0,1.0852469408129418e-123
1D-036,1,0.9786777533027419,0.021322246697258063,1.7908363199307647e-35,0.0
1D-036,2,0.9928146128309498,0.007185387169050174,1.2843186607576433e-34,0.0
1D-036,3,6.975354808510962e-39,1.0167139707789981e-39,1.0,1.048346882414905e-123
1D-036,4,6.917286010043156e-39,1.011541630340864e-39,1.0,1.0852469408120166e-123
1D-036,5,0.9917400414731564,0.008259958526843561,9.956303473122766e-35,0.0
1D-036,6,0.9754324981599044,0.02456750184009545,1.387624934506982e-35,0.0
1D-036,7,6.975354808510962e-39,1.0167139707789981e-39,1.0,1.048346882414905e-123
1D-037,0,0.9999999926772043,7.32279574664898e-09,1.769894565276172e-19,0.0
1D-037,1,3.4757013372819406e-34,1.6857264844912884e-36,1.0,6.389841310784467e-144
1D-037,2,4.277158914253388e-32,2.0178237588437347e-35,1.0,1.4536039310537209e-153
1D-037,3,3.5078322145280395e-34,1.7015097203829785e-36,1.0,6.140176298296655e-144
1D-037,4,4.1722254471603995e-32,1.9870740983249298e-35,1.0,1.63091190522585e-153
1D-037,5,0.9999999485457596,5.145424038948814e-08,4.788680401430898e-20,0.0
1D-037,6,0.9999999929959547,7.004045599489859e-09,2.1660706440819436e-19,0.0
1D-037,7,0.9999999510689136,4.8931086814483513e-08,5.863349196125486e-20,0.0
1D-038,0,1.3514554778755926e-31,4.471998630095581e-35,1.0,6.416629202742523e-156
1D-038,1,0.9796370139448753,0.0203629860551247,2.0418563909895602e-35,0.0
1D-038,2,1.304949913236492e-38,1.5101464070453736e-39,1.0,7.878424771573123e-125
1D-038,3,0.979390808967653,0.020609191032346985,1.998149635198509e-35,0.0
1D-038,4,1.351455477875535e-31,4.4719986300954546e-35,1.0,6.416629202744347e-156
1D-038,5,0.9817524363362605,0.018247563663739606,2.48774431571301e-35,0.0
1D-038,6,1.304949913236603e-38,1.5101464070454166e-39,1.0,7.878424771571779e-125
1D-038,7,0.9819703385257101,0.018029661474289978,2.542165567092611e-35,0.0
1D-039,0,0.9999582808836962,4.17191163042303e-05,2.5120979038423312e-30,0.0
1D-039,1,1.254111651819754e-34,7.293462278391326e-37,1.0,5.8656923908035665e-142
1D-039,2,0.9999461866848267,5.3813315173369114e-05,1.397697464503216e-30,0.0
1D-039,3,6.955035278877927e-35,4.364283086548925e-37,1.0,7.792942321624101e-141
1D-039,4,0.9999516653363204,4.833466367948195e-05,1.7741336629401583e-30,0.0
1D-039,5,7.735905940871823e-35,4.527802472013202e-37,1.0,4.783072410938846e-141
1D-039,6,0.9999500254890564,4.997451094350167e-05,1.6765468580968476e-30,0.0
1D-039,7,9.36866818349472e-35,5.871067206679126e-37,1.0,2.1479033459005023e-141
1D-040,0,5.646359501198213e-42,1.0431556708094184e-40,1.0,1.1843587010974817e-109
1D-040,1,0.9999997323651731,2.6763482709833974e-07,6.156816671482996e-22,0.0
1D-040,2,1.673069009728588e-14,0.9999999999999836,3.5291862698244747e-66,0.0
1D-040,3,2.7267936497704575e-13,0.9999999999997273,8.590396952272124e-65,0.0
1D-040,4,3.109507145682862e-16,1.0,1.0271131836922027e-68,0.0
1D-040,5,5.768027172388305e-32,3.861240504286826e-35,1.0,2.9333989966640673e-154
1D-040,6,0.8663373446398853,0.13366265536011457,6.833213969555741e-34,0.0
1D-040,7,1.0212605223346121e-22,1.0,5.042881948310752e-76,0.0
1D-041,0,0.9999919260044253,8.073995574625185e-06,7.8777022205187735e-31,0.0
1D-041,1,0.999991925821105,8.07417889495608e-06,7.877266733817993e-31,0.0
1D-041,2,0.9999919217754476,8.07822455243228e-06,7.867665626726352e-31,0.0
1D-041,3,0.999991922266589,8.07773341131441e-06,7.868830397881631e-31,0.0
1D-041,4,0.9999919244395279,8.075560471852429e-06,7.8739862846263095e-31,0.0
1D-041,5,0.9999919246235424,8.075376457767818e-06,7.874423158513552e-31,0.0
1D-041,6,0.9999919220825813,8.077917418617968e-06,7.868394043747423e-31,0.0
1D-041,7,0.9999919215914008,8.078408599303328e-06,7.867229271288495e-31,0.0
1D-042,0,0.9999924665137545,7.53348624547538e-06,9.292903355932288e-31,0.0
1D-042,1,0.9999924666470349,7.533352965131834e-06,9.293305131357488e-31,0.0
1D-042,2,0.9999918197842619,8.180215738156772e-06,7.602183020003904e-31,0.0
1D-042,3,0.999991840084091,8.159915908888876e-06,7.648284995105572e-31,0.0
1D-042,4,0.9999924835434595,7.516456540467741e-06,9.344434604827912e-31,0.0
1D-042,5,0.9999924834113955,7.516588604347977e-06,9.344033358452744e-31,0.0
1D-042,6,0.9999918422643732,8.157735626558283e-06,7.65325965401185e-31,0.0
1D-042,7,0.9999918219697167,8.178030283328983e-06,7.607126481393542e-31,0.0
1D-043,0,1.245430976122086e-37,4.5911160710681545e-39,1.0,5.353895607321951e-129
1D-043,1,3.677407722303923e-123,1.3140244095952302e-84,1.314731696338635e-23,1.0
1D-043,2,8.834034091996647e-35,3.7622125203650964e-37,1.0,2.5172650078256813e-141
1D-043,3,0.9999994425227818,5.574772181398219e-07,6.501896465083951e-24,0.0
1D-043,4,1.2454309761222454e-37,4.591116071068546e-39,1.0,5.3538956073182994e-129
1D-043,5,0.9999998411181175,1.5888188255990638e-07,7.306518649081901e-23,0.0
1D-043,6,5.129347981284974e-35,2.444522425737121e-37,1.0,2.8217091694401797e-140
1D-043,7,0.9999985119601758,1.488039824207083e-06,5.217008074978143e-25,0.0
1D-044,0,0.9999985447042594,1.455295740383557e-06,2.8523224791260436e-27,0.0
1D-044,1,4.250993343629886e-05,1.526316967154335e-14,0.9999574900665481,3.515943419747e-311
1D-044,2,4.1493080422176294e-05,1.493847474501444e-14,0.9999585069195637,4.1425301633374e-311
1D-044,3,0.9999985377814579,1.4622185422594592e-06,2.8255581242902452e-27,0.0
1D-044,4,0.9999985338072143,1.46619278588163e-06,2.8086337530307167e-27,0.0
1D-044,5,3.3790659995738935e-05,1.2380572165708806e-14,0.9999662093399927,1.8705378589283e-310
1D-044,6,3.3077391451279664e-05,1.2146753589484388e-14,0.9999669226085367,2.1673958599478e-310
1D-044,7,0.9999985274037415,1.4725962583942522e-06,2.785564791785605e-27,0.0
1D-045,0,6.124375239721062e-20,1.6272875545015172e-26,1.0,4.174667314143214e-218
1D-045,1,7.187336787431913e-35,6.1006568869295595e-37,1.0,8.055296570002918e-141
1D-045,2,0.9883351705937737,0.011664829406226295,5.265164825542717e-32,0.0
1D-045,3,1.9372877290000552e-32,7.494090932936364e-35,1.0,1.5057559965937068e-151
1D-045,4,1.7438881379364435e-18,2.0611994354136283e-25,1.0,9.75143971822373e-227
1D-045,5,7.474472568524196e-35,6.337641111351795e-37,1.0,6.818544726422145e-141
1D-045,6,0.9894294875080162,0.01057051249198408,1.0087599272278408e-33,0.0
1D-045,7,5.922873905112341e-34,2.333914508543086e-36,1.0,5.531423084517507e-145
1D-046,0,1.6088814402392727e-17,1.0,2.3362508999267564e-76,0.0
1D-046,1,0.9999999934303498,6.569650065977554e-09,7.474881894744816e-22,0.0
1D-046,2,1.5801821071179464e-17,1.0,2.2626667008352793e-76,0.0
1D-046,3,0.999999993389459,6.6105410705527885e-09,7.282597609247262e-22,0.0
1D-046,4,1.5524554469210805e-17,1.0,2.1933848028212396e-76,0.0
1D-046,5,0.9999999934267922,6.5732076137851894e-09,7.458341819697497e-22,0.0
1D-046,6,1.5260530288462685e-17,1.0,2.1267902409078296e-76,0.0
1D-046,7,0.9999999934055728,6.594427390834502e-09,7.3577617089218e-22,0.0
1D-047,0,7.478782874247622e-22,1.4647031701761514e-28,1.0,1.4539311080517745e-203
1D-047,1,6.4729245763888055e-22,1.3138781242864428e-28,1.0,3.1719440856773853e-203
1D-047,2,0.9683484040073622,0.031651595992637976,1.7454732610742715e-34,0.0
1D-047,3,0.9672662991341867,0.03273370086581327,1.6542084526574812e-34,0.0
1D-047,4,7.832813685750224e-22,1.5156742682700086e-28,1.0,1.138770538879658e-203
1D-047,5,6.563323438613415e-22,1.3283828318562292e-28,1.0,2.928252518588645e-203
1D-047,6,0.9690362784548756,0.03096372154512439,1.822780030475094e-34,0.0
1D-047,7,0.9673175024685384,0.03268249753146161,1.6645598337901204e-34,0.0
1D-048,0,0.9997916921724668,0.00020830782753329736,8.385088722138776e-33,0.0
1D-048,1,0.9997836906625027,0.0002163093374974137,7.750466023322689e-33,0.0
1D-048,2,0.999779810455815,0.00022018954418513256,7.46259056820627e-33,0.0
1D-048,3,0.9997921028588762,0.0002078971411237154,8.42408256516094e-33,0.0
1D-048,4,0.9997901181680088,0.00020988183199137863,8.260045295394554e-33,0.0
1D-048,5,0.9997812084231988,0.00021879157680104744,7.565419491215233e-33,0.0
1D-048,6,0.9997822202567745,0.00021777974322544563,7.639262064162473e-33,0.0
1D-048,7,0.9997920078840766,0.00020799211592331088,8.419427090426638e-33,0.0
2D-000,0,0.9999969953794264,3.0046205733953687e-06,4.994859759070171e-26,0.0
2D-000,1,0.9999969953794264,3.004620573395342e-06,4.9948597590702424e-26,0.0
2D-000,2,0.9999969953573029,3.0046426969521687e-06,4.994767023369837e-26,0.0
2D-000,3,0.9999969953573029,3.004642696952137e-06,4.9947670233703334e-26,0.0
2D-000,4,0.9999969953575623,3.004642437763049e-06,4.994762730980783e-26,0.0
2D-000,5,0.9999969953575623,3.0046424377630277e-06,4.994762730980677e-26,0.0
2D-000,6,0.9999969953532386,3.00464676160307e-06,4.9947486889957143e-26,0.0
2D-000,7,0.9999969953532386,3.004646761602969e-06,4.9947486889962464e-26,0.0
2D-001,0,0.9999969999153507,3.0000846492980662e-06,5.0087994652504297e-26,0.0
2D-001,1,0.9999969999153507,3.0000846492981196e-06,5.008799465250252e-26,0.0
2D-001,2,0.9999969999157531,3.0000842465887384e-06,5.0087516071924117e-26,0.0
2D-001,3,0.9999969999157531,3.0000842465887062e-06,5.008751607192234e-26,0.0
2D-001,4,0.9999969999067638,3.0000932363044324e-06,5.0087604309590467e-26,0.0
2D-001,5,0.9999969999067638,3.0000932363044324e-06,5.0087604309590467e-26,0.0
2D-001,6,0.999996999906349,3.0000936506313817e-06,5.0087535882118024e-26,0.0
2D-001,7,0.999996999906349,3.0000936506313283e-06,5.008753588212016e-26,0.0
2D-002,0,0.9999970135849308,2.9864150691110094e-06,5.051248065658433e-26,0.0
2D-002,1,0.9999970135849308,2.9864150691110094e-06,5.051248065658433e-26,0.0
2D-002,2,0.9999970136028391,2.986397160592598e-06,5.0513336344508215e-26,0.0
2D-002,3,0.9999970136028391,2.9863971605927043e-06,5.051333634450283e-26,0.0
2D-002,4,0.999997013595302,2.9864046982741594e-06,5.0512997587761616e-26,0.0
2D-002,5,0.999997013595302,2.986404698274186e-06,5.051299758776126e-26,0.0
2D-002,6,0.9999970135945027,2.986405497628984e-06,5.05130039196265e-26,0.0
2D-002,7,0.9999970135945027,2.986405497628984e-06,5.05130039196265e-26,0.0
2D-003,0,0.9999972848671304,2.7151328701053634e-06,6.111163615967023e-26,0.0
2D-003,1,0.9999972850736428,2.7149263566774205e-06,6.112386196181718e-26,0.0
2D-003,2,0.999997285336487,2.714663513436129e-06,6.113919911308456e-26,0.0
2D-003,3,0.9999972857386424,2.714261357790649e-06,6.116315209121245e-26,0.0
2D-003,4,0.9999972854564974,2.714543503041732e-06,6.114665697123225e-26,0.0
2D-003,5,0.9999972852500044,2.7147499954189664e-06,6.113442647167795e-26,0.0
2D-003,6,0.9999972854020566,2.714597943668438e-06,6.114323657710465e-26,0.0
2D-003,7,0.9999972849998621,2.715000138336262e-06,6.11192916329717e-26,0.0
2D-004,0,0.9999975311212731,2.4688787267800435e-06,7.232233570379802e-26,0.0
2D-004,1,0.9999975275415472,2.4724584527514212e-06,7.210896565745885e-26,0.0
2D-004,2,0.9999975236850035,2.476314996721618e-06,7.174740420892338e-26,0.0
2D-004,3,0.9999975208760964,2.4791239034581725e-06,7.131557597541336e-26,0.0
2D-004,4,0.9999975284674931,2.4715325070181234e-06,7.206772194109725e-26,0.0
2D-004,5,0.9999975328028554,2.467197144201518e-06,7.233990194830598e-26,0.0
2D-004,6,0.9999975219599494,2.4780400501224387e-06,7.156437984298466e-26,0.0
2D-004,7,0.9999975255261484,2.4744738511320756e-06,7.205638668505339e-26,0.0
2D-005,0,0.9999969572507297,3.0427492702177136e-06,1.3542882775377962e-30,0.0
2D-005,1,0.9999969735081099,3.02649189016573e-06,1.3701909547127088e-30,0.0
2D-005,2,0.9999990179429953,9.820570047557334e-07,1.8972880276418636e-25,0.0
2D-005,3,0.9999992882347029,7.117652968980433e-07,5.514254633943406e-25,0.0
2D-005,4,0.9999990197499117,9.802500885822826e-07,1.9149006543991047e-25,0.0
2D-005,5,0.9999992837902256,7.162097746584797e-07,5.440747349706408e-25,0.0
2D-005,6,0.9999998310546739,1.689453260858657e-07,3.4499317186252734e-22,0.0
2D-005,7,0.9999998301614339,1.6983856629133482e-07,3.389231485692746e-22,0.0
2D-006,0,0.9999941629021418,5.837097858175651e-06,1.362388237962996e-31,0.0
2D-006,1,0.9999995288483152,4.7115168501452567e-07,1.0457529521651105e-24,0.0
2D-006,2,0.999994158507569,5.84149243111764e-06,1.3597585950207855e-31,0.0
2D-006,3,0.999999524101042,4.758989576191382e-07,9.958144928427953e-25,0.0
2D-006,4,0.9999997314685795,2.685314204030724e-07,7.271562815669482e-23,0.0
2D-006,5,0.999999530643394,4.693566064515975e-07,1.053440657312858e-24,0.0
2D-006,6,0.9999997368650275,2.6313497232027733e-07,7.653815780267058e-23,0.0
2D-006,7,0.9999995266026814,4.7339731834410407e-07,1.0239378197920063e-24,0.0
2D-007,0,0.9999991575390896,8.424609103537572e-07,7.933978030238556e-25,0.0
2D-007,1,0.999999158309742,8.416902577506205e-07,7.875812168993144e-25,0.0
2D-007,2,0.9999991705754365,8.294245633230695e-07,8.27733046550248e-25,0.0
2D-007,3,0.9999991717371153,8.282628843887027e-07,8.200474491347311e-25,0.0
2D-007,4,2.18201946749784e-39,1.1887781389334412e-40,1.0,1.0741833591450639e-121
2D-007,5,2.18201946749784e-39,1.1887781389334412e-40,1.0,1.0741833591450639e-121
2D-007,6,0.9999991665200946,8.334799058427249e-07,8.02799067064985e-25,0.0
2D-007,7,0.9999991645567493,8.354432508745066e-07,8.163821861136941e-25,0.0
2D-008,0,0.9999991682033076,8.317966923304011e-07,8.203738175024285e-25,0.0
2D-008,1,0.9999991697399677,8.302600326944659e-07,8.073362291003994e-25,0.0
2D-008,2,0.9999991768862543,8.231137453095793e-07,8.315116503163424e-25,0.0
2D-008,3,0.9999991766737507,8.233262489287263e-07,8.366771480639369e-25,0.0
2D-008,4,2.4024297375358703e-39,1.2594713981348577e-40,1.0,7.351026299144767e-122
2D-008,5,2.4024297375356654e-39,1.259471398134804e-40,1.0,7.351026299147275e-122
2D-008,6,0.9999991641086629,8.35891337639167e-07,8.0715209437282015e-25,0.0
2D-008,7,0.9999991654206878,8.345793123304503e-07,7.992975910580058e-25,0.0
2D-009,0,0.9999991682520251,8.31747974622172e-07,8.13768057631309e-25,0.0
2D-009,1,0.99999916812406,8.318759404244639e-07,8.121728832594748e-25,0.0
2D-009,2,0.9999991704516876,8.2954831257341e-07,8.124698002259483e-25,0.0
2D-009,3,0.9999991622664092,8.377335908564882e-07,8.0093224033341e-25,0.0
2D-009,4,2.4655652556979327e-39,1.2788630098576593e-40,1.0,6.638156144303106e-122
2D-009,5,2.4655652556983882e-39,1.2788630098577866e-40,1.0,6.638156144297446e-122
2D-009,6,0.9999991611542401,8.388457599520018e-07,7.975761491542676e-25,0.0
2D-009,7,0.9999991694712203,8.305287795183555e-07,8.106673554650343e-25,0.0
2D-010,0,0.999999151782446,8.482175536516011e-07,7.860051446389187e-25,0.0
2D-010,1,0.9999991547357319,8.452642683653917e-07,7.7526208586844365e-25,0.0
2D-010,2,0.9999991609244917,8.390755087695038e-07,7.919302775602455e-25,0.0
2D-010,3,0.9999991554534993,8.445465006965812e-07,7.9167829451439825e-25,0.0
2D-010,4,2.501375692783362e-39,1.291049161570386e-40,1.0,6.26630924142831e-122
2D-010,5,2.501375692783682e-39,1.2910491615704594e-40,1.0,6.266309241424036e-122
2D-010,6,0.9999991466431437,8.533568558951895e-07,7.661715620889215e-25,0.0
2D-010,7,0.9999991440040437,8.559959558542851e-07,7.556305701235676e-25,0.0
2D-011,0,0.9999991726944206,8.273055795227526e-07,8.363834145983239e-25,0.0
2D-011,1,0.9999991803605222,8.196394775513825e-07,8.319107251835235e-25,0.0
2D-011,2,0.9999991790550643,8.209449357706042e-07,8.297535551835857e-25,0.0
2D-011,3,0.9999991737881786,8.262118210813961e-07,8.390612852975062e-25,0.0
2D-011,4,2.3718287510500532e-39,1.2504150916544628e-40,1.0,7.728628608663426e-122
2D-011,5,2.3718287510500532e-39,1.2504150916544628e-40,1.0,7.728628608663426e-122
2D-011,6,0.9999991606825956,8.393174048219377e-07,7.93542196328532e-25,0.0
2D-011,7,0.9999991631120688,8.368879309305947e-07,7.981714227066314e-25,0.0
2D-012,0,0.9999993603029219,6.396970779798331e-07,1.737462221681086e-24,0.0
2D-012,1,0.9999993727169598,6.27283040615319e-07,1.836386735696046e-24,0.0
2D-012,2,0.9999993501543727,6.498456272787507e-07,1.656237368258953e-24,0.0
2D-012,3,0.9999993497742476,6.50225752335215e-07,1.689160508242693e-24,0.0
2D-012,4,6.4127040268596086e-43,9.061890825226071e-43,1.0,3.87613836435955e-108
2D-012,5,6.412704026858697e-43,9.061890825225427e-43,1.0,3.876138364360651e-108
2D-012,6,0.9999993627173241,6.372826759648457e-07,1.7788146270342857e-24,0.0
2D-012,7,0.9999993504975486,6.495024511323112e-07,1.6503473239428352e-24,0.0
2D-013,0,0.9999722372303539,2.776276964664718e-05,6.020752373195221e-29,0.0
2D-013,1,0.9999983146186083,1.685381391753636e-06,1.6632012579535193e-24,0.0
2D-013,2,0.9999725054253543,2.749457464590595e-05,6.072520472673731e-29,0.0
2D-013,3,0.9999983028642867,1.697135712944556e-06,1.6080957532483141e-24,0.0
2D-013,4,0.9999983125037738,1.6874962260017798e-06,1.6603030419553417e-24,0.0
2D-013,5,0.9999725943719785,2.7405628021232853e-05,6.108888997438084e-29,0.0
2D-013,6,0.9999983012134269,1.6987865729974636e-06,1.6055354062159353e-24,0.0
2D-013,7,0.9999722414246609,2.7758575339072737e-05,6.02938892286319e-29,0.0
2D-014,0,0.9999993506801251,6.493198752022856e-07,1.7081601030266755e-24,0.0
2D-014,1,0.9999993546791316,6.453208685740063e-07,1.6942593913695457e-24,0.0
2D-014,2,0.9999993540435915,6.459564083555016e-07,1.6883887718531412e-24,0.0
2D-014,3,0.9999993498280109,6.501719889278023e-07,1.703542678383821e-24,0.0
2D-014,4,6.115366336088115e-43,8.827547171563957e-43,1.0,4.626966559455389e-108
2D-014,5,6.115366336088115e-43,8.827547171563957e-43,1.0,4.626966559455389e-108
2D-014,6,0.9999993415187413,6.584812590658335e-07,1.6244961285158367e-24,0.0
2D-014,7,0.999999341741236,6.582587642099794e-07,1.6232445540244253e-24,0.0
2D-015,0,0.9999990785959793,9.214040205687759e-07,6.322614540178233e-25,0.0
2D-015,1,0.9999990823246138,9.176753862493931e-07,6.196371214696301e-25,0.0
2D-015,2,0.9999991027353039,8.972646963421792e-07,6.565147218150246e-25,0.0
2D-015,3,0.999999084285629,9.157143707100644e-07,6.3713373538140015e-25,0.0
2D-015,4,6.466401818175418e-39,2.278078483968913e-40,1.0,1.4702340691260774e-123
2D-015,5,6.466401818175234e-39,2.2780784839688488e-40,1.0,1.4702340691265787e-123
2D-015,6,0.9999990669911183,9.330088816433272e-07,5.97681530872884e-25,0.0
2D-015,7,0.9999990820528607,9.179471391071036e-07,6.283305014099291e-25,0.0
2D-016,0,0.9999988939955161,1.106004484119796e-06,3.8685076263837164e-25,0.0
2D-016,1,0.9999989648924253,1.0351075745018562e-06,4.606413455154489e-25,0.0
2D-016,2,0.9999988753433442,1.1246566558157956e-06,3.785873965061579e-25,0.0
2D-016,3,0.9999988828090945,1.1171909050682232e-06,3.864365801579207e-25,0.0
2D-016,4,1.2424146801950233e-37,1.3992463278919032e-39,1.0,1.0431925322128924e-128
2D-016,5,1.242414680194847e-37,1.399246327891764e-39,1.0,1.0431925322134261e-128
2D-016,6,0.9999989617933103,1.0382066896056835e-06,4.588614948962004e-25,0.0
2D-016,7,0.9999988832482752,1.116751724820995e-06,3.775749424335938e-25,0.0
2D-017,0,0.9999985108005593,1.4891994402296454e-06,1.9591236057693282e-25,0.0
2D-017,1,0.9999985768540826,1.423145917579558e-06,2.214995366307217e-25,0.0
2D-017,2,0.9999984950945374,1.5049054627762721e-06,1.985238967229117e-25,0.0
2D-017,3,0.9999985256636258,1.4743363737947623e-06,2.0243047205193949e-25,0.0
2D-017,4,8.020782303284579e-36,1.9075924955233703e-38,1.0,3.837846435112197e-136
2D-017,5,8.020782303284579e-36,1.9075924955233703e-38,1.0,3.837846435112197e-136
2D-017,6,0.9999986066247244,1.3933752757025948e-06,2.3080555369748334e-25,0.0
2D-017,7,0.9999985114434548,1.4885565453601455e-06,2.001825901549881e-25,0.0
2D-018,0,0.999998503310457,1.4966895431818398e-06,2.0257393112194766e-25,0.0
2D-018,1,0.9999985489811662,1.4510188341080184e-06,2.0803079810397898e-25,0.0
2D-018,2,0.9999985876058268,1.4123941735608406e-06,2.2212539106124674e-25,0.0
2D-018,3,0.9999985159296817,1.4840703185883309e-06,2.0466781899813573e-25,0.0
2D-018,4,7.966372691742096e-36,1.9007609371233604e-38,1.0,3.941054147721911e-136
2D-018,5,7.966372691742096e-36,1.9007609371233604e-38,1.0,3.941054147721911e-136
2D-018,6,0.999998538694098,1.461305902288518e-06,2.079353662100658e-25,0.0
2D-018,7,0.9999985115896451,1.4884103549705465e-06,1.967733796868121e-25,0.0
2D-019,0,6.345801106399448e-14,0.9999999999999369,6.274347960758628e-59,0.0
2D-019,1,1.9533011538496717e-07,0.9999998046698844,3.1732993958943926e-50,0.0
2D-019,2,2.1553644715170163e-07,0.9999997844635528,4.015367135268885e-50,0.0
2D-019,3,6.734669961948207e-14,0.9999999999999325,6.480794732336071e-59,0.0
2D-019,4,5.5728019879254655e-12,0.9999999999944271,5.667161648121759e-59,0.0
2D-019,5,0.9999999565597628,4.344023682062264e-08,3.843601445232247e-18,0.0
2D-019,6,0.9999999582211903,4.177880964404588e-08,4.123213325532443e-18,0.0
2D-019,7,6.395049112739569e-12,0.9999999999936051,7.561092842981266e-59,0.0
2D-020,0,4.028777872775823e-14,0.99999999999996,2.690922063211703e-59,0.0
2D-020,1,1.2857964597600897e-07,0.9999998714203542,1.1311873984827323e-50,0.0
2D-020,2,7.910366819844172e-14,0.999999999999921,2.489036000399284e-59,0.0
2D-020,3,4.95805842612462e-05,0.9999504194157388,9.753119591043946e-45,0.0
2D-020,4,3.856967686209716e-12,0.9999999999961435,2.7116094956220946e-59,0.0
2D-020,5,0.9999999453001799,5.469981992901458e-08,1.390710220503757e-18,0.0
2D-020,6,2.077927211309337e-09,0.9999999979220728,3.3591049520607597e-53,0.0
2D-020,7,0.9999999719161567,2.808384333809455e-08,1.8450340763478213e-18,0.0
2D-021,0,4.779219570809363e-08,0.9999999522078042,9.114413748193903e-51,0.0
2D-021,1,1.891141003499707e-12,0.9999999999981091,4.547482970989281e-56,0.0
2D-021,2,1.891683414165139e-12,0.9999999999981082,4.599325637190835e-56,0.0
2D-021,3,4.629044040119665e-08,0.9999999537095594,8.492680930920039e-51,0.0
2D-021,4,2.441361156302813e-12,0.9999999999975584,1.103691553549334e-59,0.0
2D-021,5,0.9999999520156735,4.798432623186038e-08,2.0862594308877277e-18,0.0
2D-021,6,2.3236306906624967e-12,0.9999999999976765,9.984972775537075e-60,0.0
2D-021,7,0.9999999516341503,4.836584996720015e-08,2.057094369070098e-18,0.0
2D-022,0,4.2979376721200345e-08,0.9999999570206235,8.110961381880957e-51,0.0
2D-022,1,1.3822405940225432e-12,0.999999999998618,2.3174686021002404e-56,0.0
2D-022,2,2.8676819795900007e-12,0.9999999999971321,2.903604357611702e-56,0.0
2D-022,3,1.0609972543970742e-05,0.999989390027456,2.0286475824797017e-45,0.0
2D-022,4,2.521706833512398e-12,0.9999999999974785,1.3070736995875886e-59,0.0
2D-022,5,0.9999999436973688,5.630263169799909e-08,8.526578595962141e-19,0.0
2D-022,6,7.584460333234623e-10,0.9999999992415542,4.328983538542995e-54,0.0
2D-022,7,0.9999999694530008,3.0546998906103994e-08,1.169850630005151e-18,0.0
2D-023,0,0.999980052813471,1.9947186528894246e-05,1.0491355882617969e-27,0.0
2D-023,1,0.9999799015200503,2.0098479949475697e-05,1.0348869528614638e-27,0.0
2D-023,2,0.9999798521129981,2.0147887001631523e-05,1.0265130252533808e-27,0.0
2D-023,3,0.9999800252225682,1.9974777431528054e-05,1.0483150402816924e-27,0.0
2D-023,4,0.9999801819741919,1.9818025808170558e-05,1.0645615863073631e-27,0.0
2D-023,5,0.9999797697944872,2.0230205512747046e-05,1.0193785223683965e-27,0.0
2D-023,6,0.9999798630739444,2.013692605580077e-05,1.0309234374574831e-27,0.0
2D-023,7,0.9999800166767937,1.9983323206612578e-05,1.043423522423049e-27,0.0
2D-024,0,0.9999974089853076,2.591014692398906e-06,9.204080932455406e-26,0.0
2D-024,1,0.9999987998246586,1.2001753412729479e-06,1.7084373590618255e-27,0.0
2D-024,2,0.9999987581874051,1.2418125947867965e-06,1.65112610414388e-27,0.0
2D-024,3,0.9999987454722588,1.2545277412433324e-06,1.5919594034146664e-27,0.0
2D-024,4,0.999997401582254,2.5984177455339834e-06,9.117113556457391e-26,0.0
2D-024,5,2.819329676492275e-37,5.5204627678591174e-39,1.0,1.6857927558163233e-130
2D-024,6,0.9999988114815486,1.1885184515475037e-06,1.7621585664006616e-27,0.0
2D-024,7,2.815614990373219e-37,5.5192064071797205e-39,1.0,1.6949644955430895e-130
2D-025,0,0.9999999683799526,3.162004791005213e-08,8.839494102473203e-21,0.0
2D-025,1,0.9999983617226674,1.6382773326631647e-06,1.274519787375518e-24,0.0
2D-025,2,0.9999992370641865,7.62935813764161e-07,2.5502913364545464e-22,0.0
2D-025,3,3.97612924112528e-18,1.0,4.193206661831154e-70,0.0
2D-025,4,0.9999997246756683,2.753243316024456e-07,1.4734201076853672e-25,0.0
2D-025,5,1.3842447229890607e-31,3.0718555122752346e-35,1.0,9.348870346060626e-156
2D-025,6,0.9999998321970737,1.6780292612923429e-07,2.1322281901511704e-23,0.0
2D-025,7,0.9999970019989488,2.998001051159601e-06,1.205795039881721e-25,0.0
2D-026,0,0.9999965827859032,3.417214096885867e-06,6.568064478390071e-25,0.0
2D-026,1,0.9999932648663897,6.7351336105335866e-06,1.7939234380116393e-26,0.0
2D-026,2,0.9999932654174164,6.7345825837146e-06,1.7745476443399243e-26,0.0
2D-026,3,0.999999438532321,5.61467678533618e-07,1.792639556697555e-24,0.0
2D-026,4,0.9989319442329762,0.0010680557670239275,5.739923948085193e-34,0.0
2D-026,5,0.9999995418532112,4.581467886210946e-07,3.045783571628069e-24,0.0
2D-026,6,0.9999994403760752,5.59623925005683e-07,1.834190091569119e-24,0.0
2D-026,7,0.9989319897932497,0.0010680102067502667,5.752782993278915e-34,0.0
2D-027,0,0.9999790674483024,2.093255169769977e-05,1.1079558101522697e-30,0.0
2D-027,1,0.9999779510761888,2.2048923811649902e-05,1.0477447725086716e-29,0.0
2D-027,2,0.9999976681649256,2.3318350747512507e-06,2.9612693414377624e-25,0.0
2D-027,3,0.9999994647472568,5.352527434877902e-07,2.7708155423159125e-26,0.0
2D-027,4,0.9999779693380118,2.2030661987875762e-05,1.0518364172237929e-29,0.0
2D-027,5,0.9999790794748552,2.0920525145097593e-05,1.1055061011045032e-30,0.0
2D-027,6,0.9999994644357781,5.355642222450727e-07,2.765825917836913e-26,0.0
2D-027,7,0.9999976661636112,2.333836388825864e-06,2.9617301559003103e-25,0.0
2D-028,0,0.9999465481946689,5.3451805331128946e-05,1.4285303202290933e-21,0.0
2D-028,1,3.2431538830816246e-14,0.999999999999968,4.385720784646315e-60,0.0
2D-028,2,0.9999999907008266,9.299146507837088e-09,2.6850620101888696e-14,0.0
2D-028,3,8.664168521850721e-16,0.9999999999999991,9.303749523473987e-65,0.0
2D-028,4,2.9824192351966105e-18,1.0,6.665238925440801e-67,0.0
2D-028,5,2.7512810439062143e-19,1.0,9.877691143486785e-69,0.0
2D-028,6,0.999999926019192,7.398080778241997e-08,1.8898742550448433e-20,0.0
2D-028,7,0.999999926019192,7.398080778241682e-08,1.8898742550451253e-20,0.0
2D-029,0,0.9999999096236684,9.037633166764395e-08,5.773856839340206e-21,0.0
2D-029,1,0.9999967670275254,3.2329724746428435e-06,3.1701617841301455e-25,0.0
2D-029,2,0.9999995136404448,4.863595555253087e-07,1.1411867105873533e-21,0.0
2D-029,3,1.3448272590302695e-16,1.0,2.0939012330914207e-67,0.0
2D-029,4,0.9999967918215448,3.208178455559723e-06,3.152305439913146e-25,0.0
2D-029,5,0.9999999096982443,9.030175545449348e-08,5.710680729086929e-21,0.0
2D-029,6,1.0680012790705188e-32,2.9541869466027274e-36,1.0,4.6309434797145356e-150
2D-029,7,0.9999974374124879,2.5625875122443985e-06,1.5764801130989128e-26,0.0
2D-030,0,9.484128295591539e-39,5.8338655558702855e-40,1.0,2.153609336819853e-124
2D-030,1,9.402168605155354e-39,5.78979874832602e-40,1.0,2.2313511646971745e-124
2D-030,2,0.9999139508903583,8.604910964208976e-05,1.925600115317659e-29,0.0
2D-030,3,0.9999876813566544,1.2318643345096148e-05,1.0065890321701402e-25,0.0
2D-030,4,0.9999138137180966,8.618628190328314e-05,1.922751709090569e-29,0.0
2D-030,5,0.9999146746576065,8.532534239346174e-05,1.9800559133213648e-29,0.0
2D-030,6,0.9999138896630058,8.611033699415276e-05,1.945762973659875e-29,0.0
2D-030,7,0.9999877072169805,1.2292783019124827e-05,1.0248415454097206e-25,0.0
2D-031,0,1.221772568044346e-31,2.6096069493204535e-35,1.0,1.9186967716075383e-155
2D-031,1,0.9999991057065298,8.942934697890955e-07,3.029594937594932e-25,0.0
2D-031,2,1.2184426098254033e-31,2.60476523925363e-35,1.0,1.9432947620609903e-155
2D-031,3,0.9999972281810089,2.7718189906618346e-06,1.635733459817193e-25,0.0
2D-031,4,0.9999972275311501,2.7724688502816376e-06,1.6344483916202267e-25,0.0
2D-031,5,0.9999995222253522,4.777746476286549e-07,5.1460340902890896e-26,0.0
2D-031,6,0.9999991077995062,8.922004939391039e-07,3.0461526470930305e-25,0.0
2D-031,7,0.9999995208937646,4.791062353067055e-07,5.1106867238172765e-26,0.0
2D-032,0,0.9999996712414471,3.287585530982013e-07,2.5984287762959988e-23,0.0
2D-032,1,0.9999996708736596,3.2912633991817354e-07,2.587453114694358e-23,0.0
2D-032,2,0.9999996716154713,3.2838452878712135e-07,2.605515781238987e-23,0.0
2D-032,3,0.9999996719798935,3.2802010640921385e-07,2.6166056717258707e-23,0.0
2D-032,4,1.0787005957861404e-40,2.7506419059073563e-41,1.0,1.2571158479098502e-116
2D-032,5,1.0787005957861863e-40,2.750641905907513e-41,1.0,1.257115847909493e-116
2D-032,6,1.073643708911444e-40,2.7427837411875657e-41,1.0,1.2804268310183714e-116
2D-032,7,1.073643708911627e-40,2.7427837411878777e-41,1.0,1.2804268310173523e-116
2D-033,0,0.9999996679049491,3.3209505072077253e-07,2.4697114975764724e-23,0.0
2D-033,1,0.999999678580081,3.214199185415848e-07,2.802555176205677e-23,0.0
2D-033,2,0.9999996790355654,3.209644349049246e-07,2.81484921154378e-23,0.0
2D-033,3,0.999999668372796,3.316272035316641e-07,2.48052666961179e-23,0.0
2D-033,4,9.898469284858586e-41,2.607724141439999e-41,1.0,1.7591111040807518e-116
2D-033,5,9.898469284858164e-41,2.607724141439887e-41,1.0,1.759111104081052e-116
2D-033,6,9.92906721465536e-41,2.6126272016876574e-41,1.0,1.7380234667484e-116
2D-033,7,9.929067214657194e-41,2.6126272016879913e-41,1.0,1.7380234667469181e-116
2D-034,0,0.9999931749296007,6.825070399639181e-06,2.321205974182466e-25,0.0
2D-034,1,0.9999976805996558,2.3194003444343476e-06,2.0488865964961613e-27,0.0
2D-034,2,0.9999737176464809,2.628235351862465e-05,5.433157019917882e-26,0.0
2D-034,3,0.9998606938298861,0.00013930617011358696,3.731758163378251e-26,0.0
2D-034,4,0.9999912605170249,8.73948297471239e-06,7.240868115838895e-28,0.0
2D-034,5,0.999999322542083,6.77457916612259e-07,1.4466282356730467e-22,0.0
2D-034,6,0.9999974024324588,2.597567541413204e-06,1.3095158815807135e-27,0.0
2D-034,7,0.9999993153942935,6.84605706449635e-07,1.4775331630938814e-22,0.0
2D-035,0,0.9999999953654197,4.634580347188784e-09,3.3811094555950043e-18,0.0
2D-035,1,0.9999873260637889,1.2673936210556806e-05,8.198200385219721e-29,0.0
2D-035,2,0.9999999953690009,4.63099939647909e-09,3.383257435045372e-18,0.0
2D-035,3,0.9999873422864057,1.2657713594122124e-05,8.213708176525347e-29,0.0
2D-035,4,0.9999919355995356,8.064400464836665e-06,1.6473011458071424e-27,0.0
2D-035,5,0.9999999770949499,2.2905050076744032e-08,8.106995520053444e-20,0.0
2D-035,6,0.9999919619520123,8.038047987919848e-06,1.656437754547702e-27,0.0
2D-035,7,0.999995594332069,4.405667930753238e-06,2.6735378656469836e-26,0.0
2D-036,0,0.9999978153247547,2.1846752449068195e-06,1.809554309567122e-26,0.0
2D-036,1,0.9995871188072845,0.0004128811927154911,3.072664324570852e-25,0.0
2D-036,2,0.9999978158450397,2.1841549604386643e-06,1.8115685077483274e-26,0.0
2D-036,3,0.9999978199328576,2.180067142313843e-06,1.8290226806431682e-26,0.0
2D-036,4,0.9999978129256035,2.1870743965464384e-06,1.805942268887666e-26,0.0
2D-036,5,0.999587431484386,0.0004125685156138619,3.07785977417098e-25,0.0
2D-036,6,0.9999978131591033,2.1868408969901257e-06,1.8030899395603826e-26,0.0
2D-036,7,0.9999978222092114,2.1777907888892806e-06,1.8339194321091997e-26,0.0
2D-037,0,0.9999998563100793,1.4368992081725358e-07,4.339507658970399e-21,0.0
2D-037,1,0.9999924560853142,7.5439146861983785e-06,8.331595492753761e-25,0.0
2D-037,2,0.0004755151461198813,0.99952448485388,1.81842570486366e-43,0.0
2D-037,3,0.9999987530334792,1.2469665212818732e-06,2.840614158518023e-26,0.0
2D-037,4,0.9999979820726036,2.0179273963335858e-06,8.30497465059743e-26,0.0
2D-037,5,0.999991288677056,8.71132294348902e-06,3.026488875427569e-25,0.0
2D-037,6,0.9999970659929166,2.9340070831624005e-06,8.904403713147508e-26,0.0
2D-037,7,1.960205846468705e-67,7.932429791558885e-53,1.0,5.930463963413155e-29
2D-038,0,0.9999994471676485,5.528323510697397e-07,3.457331697776484e-23,0.0
2D-038,1,0.9999999301018272,6.989817325229457e-08,1.8030321359127314e-21,0.0
2D-038,2,0.9999995354507747,4.6454922525092335e-07,1.6938076089791914e-25,0.0
2D-038,3,0.99999993105966,6.894034012723448e-08,1.8893422116607432e-21,0.0
2D-038,4,6.31399932818477e-13,0.9999999999993685,1.8134877006213651e-63,0.0
2D-038,5,5.964284577914153e-13,0.9999999999994036,1.6235409425111903e-63,0.0
2D-038,6,0.9999994468874054,5.531125948934716e-07,3.456818676451002e-23,0.0
2D-038,7,0.999999539422013,4.605779865531233e-07,1.7390365145987918e-25,0.0
2D-039,0,0.9999942523251915,5.747674808097882e-06,7.796631603683641e-27,0.0
2D-039,1,0.9999955792223697,4.420777630374546e-06,1.349612914222485e-26,0.0
2D-039,2,0.999997841217636,2.1587823637424236e-06,4.536732833246382e-26,0.0
2D-039,3,0.9999978468065924,2.15319340792844e-06,4.523327285777235e-26,0.0
2D-039,4,0.9999955637091189,4.436290880738363e-06,1.3496143388407615e-26,0.0
2D-039,5,0.9999942519084997,5.748091500557924e-06,7.78712227544809e-27,0.0
2D-039,6,5.334262160164782e-29,4.371244856281762e-32,1.0,6.3813077224501e-168
2D-039,7,5.378039233155828e-29,4.3944873815662323e-32,1.0,6.11329233603423e-168
2D-040,0,0.999986007594988,1.3992405012216851e-05,1.673318359481425e-24,0.0
2D-040,1,0.9999860815104366,1.3918489563621883e-05,1.685290163102008e-24,0.0
2D-040,2,0.999997267510967,2.732489032671473e-06,2.751837873152685e-26,0.0
2D-040,3,0.9999972599973667,2.740002633303472e-06,2.778405671916538e-26,0.0
2D-040,4,0.999997273803161,2.7261968390417057e-06,2.769581924418023e-26,0.0
2D-040,5,0.9999972468705733,2.753129426391535e-06,2.716425469546235e-26,0.0
2D-040,6,0.9999824859802666,1.7514019733367252e-05,1.3871105631132633e-25,0.0
2D-040,7,0.9999823891249635,1.761087503686394e-05,1.3706344406347035e-25,0.0
2D-041,0,6.137401454545946e-13,9.268256575910707e-21,0.9999999999993863,1.769813662025252e-263
2D-041,1,0.9999996095923922,3.904076081903613e-07,2.0041978605425273e-24,0.0
2D-041,2,0.999998315400156,1.6845998444272097e-06,4.2019630586499425e-23,0.0
2D-041,3,0.9999997440439462,2.559560541243876e-07,1.126499824360776e-24,0.0
2D-041,4,0.9999937801730536,6.219826946449663e-06,6.124416677464151e-24,0.0
2D-041,5,0.00012550529705912793,0.999874494702941,2.206375717140689e-44,0.0
2D-041,6,0.9999823534829119,1.7646517088314434e-05,5.72643127927358e-27,0.0
2D-041,7,2.9569285842297885e-17,1.0,4.7056974398205855e-70,0.0
2D-042,0,0.9999998561783802,1.4382162013260687e-07,1.0258174560608323e-22,0.0
2D-042,1,0.999999856142893,1.4385710733272937e-07,1.0255259326285466e-22,0.0
2D-042,2,5.108860949129773e-35,8.090026263406727e-37,1.0,6.188193690766204e-140
2D-042,3,5.118682496962956e-35,8.103895186332231e-37,1.0,6.138332808046849e-140
2D-042,4,0.9999998561324995,1.4386750070230147e-07,1.0249453386933498e-22,0.0
2D-042,5,0.999999856154394,1.438456059690216e-07,1.0247336199402483e-22,0.0
2D-042,6,5.105286869525049e-35,8.088363285973488e-37,1.0,6.209663637355371e-140
2D-042,7,5.107579480894754e-35,8.087893602854023e-37,1.0,6.194431516392512e-140
2D-043,0,0.9999999127162396,8.72837607528048e-08,2.6355281272960145e-20,0.0
2D-043,1,1.1422697136554342e-12,0.9999999999988578,9.525207694952234e-58,0.0
2D-043,2,1.3237400141644505e-05,0.9999867625998583,1.7570196564129955e-49,0.0
2D-043,3,0.9999987783031516,1.2216968486026194e-06,3.519753107021993e-21,0.0
2D-043,4,0.9999987799068837,1.2200931161886133e-06,3.52570630891094e-21,0.0
2D-043,5,1.3148148276436023e-05,0.9999868518517235,1.7329988068252637e-49,0.0
2D-043,6,1.1731143955711798e-12,0.9999999999988267,9.933450023064535e-58,0.0
2D-043,7,0.9999999128871659,8.71128345629286e-08,2.6673065188823186e-20,0.0
2D-044,0,0.9999989805438282,1.0194561715160392e-06,1.2147661274728007e-19,0.0
2D-044,1,0.9999462094286005,5.37905713997023e-05,9.544839788188498e-29,0.0
2D-044,2,0.9999999982556353,1.7443645410917913e-09,2.8499684621475355e-19,0.0
2D-044,3,0.9999508287780668,4.917122193292358e-05,1.023307612677927e-28,0.0
2D-044,4,0.999998409226572,1.590773427689956e-06,3.4992912229991764e-20,0.0
2D-044,5,0.9999461289786632,5.387102133693679e-05,9.486281147221349e-29,0.0
2D-044,6,0.9999999982513021,1.7486979027442512e-09,2.813836248881501e-19,0.0
2D-044,7,0.9999989717442699,1.0282557302198716e-06,1.1852454394589847e-19,0.0
2D-045,0,0.0006916302196860627,3.104953717438321e-13,0.9993083697800043,5e-324
2D-045,1,0.9996274529394352,0.0003725470605649246,7.728355112855479e-32,0.0
2D-045,2,0.9999970024383872,2.9975616131700574e-06,2.5941257660005737e-26,0.0
2D-045,3,0.9983785784110105,0.0016214215889896236,1.65716600918301e-35,0.0
2D-045,4,0.9999672298222957,3.27701777044282e-05,1.2359765990160091e-28,0.0
2D-045,5,0.9327562646911136,0.06724373530888637,2.807011884052459e-38,0.0
2D-045,6,0.9999999988477439,1.1516460179484557e-09,6.098847002315066e-13,0.0
2D-045,7,0.8585698192849486,3.249262440367353e-10,0.14143018039012428,0.0
2D-046,0,0.9999965551765703,3.4448234299482155e-06,4.31275062451086e-27,0.0
2D-046,1,2.6568393136212203e-35,1.580110100973409e-37,1.0,5.155567734141267e-139
2D-046,2,0.9999904524778868,9.547522113216477e-06,5.581258585172592e-27,0.0
2D-046,3,5.710424238525476e-37,7.119606418197675e-39,1.0,9.312246322381905e-132
2D-046,4,2.7953070051679473e-35,1.6397818342080059e-37,1.0,4.121674834473956e-139
2D-046,5,0.9999964854516407,3.5145483596886168e-06,4.146671011632617e-27,0.0
2D-046,6,5.86864298393427e-37,7.265019924103269e-39,1.0,8.28751573228164e-132
2D-046,7,0.9999905144437876,9.485556212492859e-06,5.690066277406298e-27,0.0
2D-047,0,1.435358771589177e-25,8.498992338778954e-31,1.0,3.222687395226411e-186
2D-047,1,0.12919622383882054,0.8708037761611794,3.368762257136732e-38,0.0
2D-047,2,0.9999946634346586,5.336565341327474e-06,1.093733245673798e-24,0.0
2D-047,3,0.9999990325790414,9.674209587807497e-07,2.618141086511566e-26,0.0
2D-047,4,0.9999972613827072,2.7386172926755947e-06,6.611679110483053e-26,0.0
2D-047,5,0.9999992938207487,7.061792514678438e-07,5.873100306796685e-27,0.0
2D-047,6,5.959065022490335e-16,0.9999999999999993,5.776785377631419e-72,0.0
2D-047,7,0.9999988309183475,1.169081652624116e-06,8.435644389091758e-25,0.0
2D-048,0,0.9999986674165285,1.3325834716347818e-06,1.128590258326645e-26,0.0
2D-048,1,8.791800256103617e-113,4.2090236561849837e-81,5.674846194300976e-14,0.9999999999999432
2D-048,2,0.9999985333675178,1.4666324818965355e-06,4.7183968568916855e-28,0.0
2D-048,3,0.9999971124416501,2.8875583500262076e-06,3.476056737341165e-25,0.0
2D-048,4,0.9999998055664954,1.9443350442175028e-07,9.610495101949213e-24,0.0
2D-048,5,0.9999987406545825,1.2593454174166456e-06,8.237828510331972e-28,0.0
2D-048,6,0.9997529723013554,0.0002470276986444415,4.889556084993932e-30,0.0
2D-048,7,0.9999958693950584,4.130604942068198e-06,8.93343408986475e-27,0.0
2D-049,0,0.999998700772122,1.2992278784094916e-06,2.181866309175979e-23,0.0
2D-049,1,0.9999996972795074,3.027204930248932e-07,1.0914466897639463e-24,0.0
2D-049,2,4.8347206518727115e-22,1.0,1.8265018791943067e-76,0.0
2D-049,3,4.705999432169053e-22,1.0,1.740840327753074e-76,0.0
2D-049,4,1.0994576382076684e-126,4.028391394019748e-87,1.2086039742963618e-23,1.0
2D-049,5,0.9999999878845777,1.2115422351923964e-08,2.7271725180293663e-18,0.0
2D-049,6,0.9999996981611139,3.018388864761262e-07,1.0982281870156377e-24,0.0
2D-049,7,0.999998698124574,1.3018754262494063e-06,2.195138083044959e-23,0.0
2D-050,0,0.9999985077678057,1.4922321942639803e-06,2.585954067849678e-25,0.0
2D-050,1,0.9999951699269052,4.830073094575523e-06,8.576839977974183e-27,0.0
2D-050,2,0.9999985122937112,1.4877062889369503e-06,2.594913278253189e-25,0.0
2D-050,3,0.9999951804208592,4.819579140849081e-06,8.599927517713477e-27,0.0
2D-050,4,0.9999976044040657,2.3955959344957653e-06,6.506988591234619e-25,0.0
2D-050,5,0.9999951824127727,4.8175872269067025e-06,8.659353777683212e-27,0.0
2D-050,6,0.9999976025657139,2.397434286130347e-06,6.537236727236335e-25,0.0
2D-050,7,0.9999951788491241,4.821150875685539e-06,8.609548243112583e-27,0.0
2D-051,0,0.9999922034691903,7.796530809456956e-06,1.3601937011569595e-25,0.0
2D-051,1,0.9999996882452595,3.117547407146762e-07,6.3614151391550594e-24,0.0
2D-051,2,0.9999961602951692,3.839704830524293e-06,1.025603695783597e-26,0.0
2D-051,3,0.0037309373377821804,0.9962690626622178,9.809304627060487e-47,0.0
2D-051,4,0.9999468363889701,5.3163611029952166e-05,2.0281588216269814e-29,0.0
2D-051,5,0.9999986526988413,1.3473011584865528e-06,3.454837891540268e-26,0.0
2D-051,6,3.911242656885382e-15,0.999999999999996,4.422560382814502e-68,0.0
2D-051,7,2.618284117598056e-05,2.7186964257297996e-14,0.9999738171587965,4.558566e-317
2D-052,0,0.9999950316005051,4.968399495004509e-06,1.8304195858632513e-25,0.0
2D-052,1,0.9999989258478768,1.074152123272562e-06,4.255129096557174e-26,0.0
2D-052,2,0.9999968261077923,3.1738922076902146e-06,1.5630990451634746e-26,0.0
2D-052,3,0.9999991935137277,8.064862724492718e-07,2.001785534779059e-27,0.0
2D-052,4,1.5648724474984554e-37,4.210768415723583e-39,1.0,1.9775948252265883e-129
2D-052,5,0.9999991971595675,8.028404323074271e-07,2.0353643701630145e-27,0.0
2D-052,6,1.5615598843952025e-37,4.2148569225987636e-39,1.0,1.9952719680638867e-129
2D-052,7,0.9999989283673218,1.0716326776293509e-06,4.280151041217114e-26,0.0
2D-053,0,0.9999986884659874,1.311534012252853e-06,4.226806629848677e-27,0.0
2D-053,1,0.9999999175948194,8.24051803074108e-08,2.2626873559741156e-23,0.0
2D-053,2,0.9999968975067374,3.1024932621296e-06,1.9221852234002366e-25,0.0
2D-053,3,0.9999999572759402,4.272405953279159e-08,1.4960791608784717e-22,0.0
2D-053,4,8.17901938072586e-37,1.3999258124419517e-38,1.0,1.8239678635109227e-132
2D-053,5,0.9999985523068678,1.4476931323168066e-06,1.8923519313533333e-29,0.0
2D-053,6,1.0954732216670652e-11,0.9999999999890452,9.361374514299666e-63,0.0
2D-053,7,0.9999979719256182,2.028074381756291e-06,7.16821983416735e-25,0.0
2D-054,0,0.9999999932461614,6.751536758221381e-09,2.3016328348764224e-12,0.0
2D-054,1,0.9999999932399657,6.75774655538854e-09,2.2877284887700647e-12,0.0
2D-054,2,2.131744801927673e-34,6.216794091812265e-36,1.0,5.529118601070606e-142
2D-054,3,2.2858909898743485e-34,6.4671647949157e-36,1.0,3.958346119949305e-142
2D-054,4,0.9999999932494215,6.748269465082622e-09,2.309102296131841e-12,0.0
2D-054,5,0.9999999932432169,6.754488047288864e-09,2.295150094557869e-12,0.0
2D-054,6,2.4263486688371383e-34,6.689233118403168e-36,1.0,2.975176554710027e-142
2D-054,7,2.2641799149073345e-34,6.4326817228736e-36,1.0,4.143830014746773e-142
2D-055,0,2.027378239395009e-34,5.971973111427828e-36,1.0,6.867868822529333e-142
2D-055,1,2.0282001753493675e-34,5.9725363639519135e-36,1.0,6.852738530898585e-142
2D-055,2,0.999999993456983,6.539986754668125e-09,3.0302466926054404e-12,0.0
2D-055,3,0.9999999934589257,6.5380377510159085e-09,3.036359140022141e-12,0.0
2D-055,4,2.0154303178221997e-34,5.951560395816296e-36,1.0,7.063655361232167e-142
2D-055,5,2.0178788340854976e-34,5.955557065363567e-36,1.0,7.02254360330464e-142
2D-055,6,0.9999999934564827,6.540488616043733e-09,3.0287000821516665e-12,0.0
2D-055,7,0.9999999934584489,6.538516055339454e-09,3.0348159427826713e-12,0.0
2D-056,0,1.371387609854495e-35,1.9370236726384026e-37,1.0,1.2335796822341673e-137
2D-056,1,1.36507189171931e-35,1.9267039027679884e-37,1.0,1.2567509581311874e-137
2D-056,2,0.9999999078290196,9.217098025741971e-08,5.593722182786278e-23,0.0
2D-056,3,1.2044161057347879e-35,1.697562662530253e-37,1.0,2.1125180539658892e-137
2D-056,4,0.9999999072841542,9.271584592307332e-08,5.430061897553734e-23,0.0
2D-056,5,1.1908228737940041e-35,1.68805713909351e-37,1.0,2.2239839026341176e-137
2D-056,6,0.999999907992035,9.200796542152416e-08,5.520331345202094e-23,0.0
2D-056,7,0.9999999086474591,9.135254084564699e-08,5.684941902348676e-23,0.0
2D-057,0,0.9999980175701658,1.9824298344446058e-06,1.7047919233181386e-26,0.0
2D-057,1,1.8168000538232753e-35,2.5317726681153644e-37,1.0,3.7983915301675744e-138
2D-057,2,0.9999966584660845,3.3415339159310925e-06,4.147009783476738e-26,0.0
2D-057,3,1.8493638911498067e-37,3.62159762156942e-39,1.0,1.0300857775534309e-129
2D-057,4,1.3510852892880682e-37,3.436869381157503e-39,1.0,3.683105288951833e-129
2D-057,5,0.9999279007045071,7.20992954925448e-05,1.5408640178198258e-25,0.0
2D-057,6,3.7357536631382257e-38,8.529810209100108e-40,1.0,9.976657814509909e-127
2D-057,7,0.9999980160426175,1.983957382535114e-06,1.7262948838176464e-26,0.0
2D-058,0,0.9999997371897037,2.6281029623713897e-07,1.5106732203626838e-23,0.0
2D-058,1,0.9999884114438335,1.1588556166395688e-05,4.318464615791686e-26,0.0
2D-058,2,3.552890845538522e-33,2.1724582906585782e-35,1.0,3.984941371419559e-148
2D-058,3,7.032604368351999e-22,1.0,1.3231454796564583e-75,0.0
2D-058,4,1.850275008435512e-128,2.0821542795677856e-89,4.876384538162884e-21,1.0
2D-058,5,0.9999999313821336,6.861786665539024e-08,7.61199219406031e-22,0.0
2D-058,6,0.9999976354375559,2.364562444149029e-06,1.791833568826255e-26,0.0
2D-058,7,0.999995287676179,4.712323821142715e-06,2.9797792599971427e-26,0.0
2D-059,0,4.474052775092597e-118,1.8593684862790613e-84,1.0039932171378063e-15,0.9999999999999989
2D-059,1,0.9999205615104945,7.943848950557009e-05,5.1922635098197e-28,0.0
2D-059,2,0.9999999292829259,7.071707399429871e-08,6.304220401197446e-23,0.0
2D-059,3,0.9998142371770647,0.00018576282293542455,3.874764239278898e-28,0.0
2D-059,4,0.9999150774685439,8.492253145567992e-05,1.1703096330833574e-29,0.0
2D-059,5,0.9999443419305709,5.565806942939152e-05,4.401351355989171e-28,0.0
2D-059,6,0.9999281518633998,7.184813660037367e-05,1.6195444025384083e-29,0.0
2D-059,7,0.9999938179408002,6.182059199691705e-06,1.7226195349336396e-24,0.0
2D-060,0,0.9999950334150757,4.966584924466805e-06,4.764462747180095e-26,0.0
2D-060,1,0.9999997906672103,2.0933278988166806e-07,4.082618586599134e-21,0.0
2D-060,2,0.9999972890016865,2.7109983131692826e-06,5.592494702991806e-26,0.0
2D-060,3,0.999999904245911,9.575408850304781e-08,3.7313290576161245e-21,0.0
2D-060,4,0.9999994308106869,5.691893134218537e-07,2.847826839317671e-26,0.0
2D-060,5,0.9999999269572379,7.304276241850294e-08,3.028220452072024e-22,0.0
2D-060,6,4.954440827922527e-35,1.3372898968217407e-37,1.0,4.37390478445443e-140
2D-060,7,3.583936411921415e-36,1.0777665151662849e-38,1.0,1.2613234176518286e-134
2D-061,0,0.9999992782246123,7.217753878015555e-07,1.504649148197239e-26,0.0
2D-061,1,8.210870158999089e-19,1.0,2.402938682744065e-73,0.0
2D-061,2,0.9999985853062047,1.414693795174948e-06,1.0233779591241974e-24,0.0
2D-061,3,0.9999999921950509,7.804949323337908e-09,4.736476770722712e-18,0.0
2D-061,4,0.9999999922260496,7.77395029514496e-09,4.810000479662611e-18,0.0
2D-061,5,0.9999985244321346,1.4755678654142075e-06,9.149394981822556e-25,0.0
2D-061,6,7.609143068882433e-19,1.0,2.152584947873043e-73,0.0
2D-061,7,0.9999993083382538,6.91661746247028e-07,1.6149532327480085e-26,0.0
2D-062,0,4.4189961423617245e-18,1.0,1.2762359222995763e-68,0.0
2D-062,1,0.9999800414577743,1.9958542225477816e-05,8.643485515614839e-27,0.0
2D-062,2,0.9999904614457715,9.538554228421335e-06,1.2843250544509617e-26,0.0
2D-062,3,6.793834482285379e-33,5.596213083275944e-36,1.0,7.665774251141419e-150
2D-062,4,0.9999501983746962,4.980162530387699e-05,1.082582165187966e-28,0.0
2D-062,5,0.9999869766753006,1.3023324699589724e-05,9.513720458289607e-26,0.0
2D-062,6,0.9958101452726084,0.004189854727391559,1.0695967391501872e-31,0.0
2D-062,7,0.9999681566648386,3.1843335161491815e-05,3.426484151274609e-28,0.0
2D-063,0,0.9999997749727689,2.2502723110706866e-07,1.5943748680646523e-22,0.0
2D-063,1,1.3019735242737655e-29,2.3815691518795745e-33,1.0,1.0505451816704084e-165
2D-063,2,1.3373695329764168e-29,2.428088280310343e-33,1.0,9.189355828475211e-166
2D-063,3,0.999999778255862,2.2174413774717806e-07,1.5470130401804507e-22,0.0
2D-063,4,1.0956288029615529e-38,3.5364374521634844e-40,1.0,1.585538142261609e-124
2D-063,5,1.0131068995870687e-37,2.743544146162611e-39,1.0,1.231775746765901e-128
2D-063,6,0.9999994039950462,5.960049533423915e-07,1.2890105605944097e-22,0.0
2D-063,7,0.9999997535396494,2.4646035029446115e-07,1.0271902001628471e-22,0.0
2D-064,0,0.9999997658930696,2.3410693025324787e-07,6.447717145747731e-24,0.0
2D-064,1,0.9999972409939029,2.75900609733047e-06,9.005180660221871e-29,0.0
2D-064,2,0.9999997669295327,2.3307046720681806e-07,6.528389055171238e-24,0.0
2D-064,3,0.9999972491063308,2.7508936696510943e-06,9.101311300041523e-29,0.0
2D-064,4,2.1379693095184707e-35,3.237872644422826e-37,1.0,2.0906073579902983e-138
2D-064,5,4.596698680764835e-37,7.769125397683619e-39,1.0,2.136227156556123e-131
2D-064,6,0.9999979249800014,2.075019998913974e-06,1.8577972344023546e-26,0.0
2D-064,7,0.9999996683068745,3.316931255277873e-07,7.56111392076791e-24,0.0
2D-065,0,0.9999872334444114,1.2766555588649192e-05,6.860364163397383e-26,0.0
2D-065,1,4.2889455995231643e-38,9.95146390324456e-40,1.0,5.3568358201550584e-127
2D-065,2,0.9999969281111742,3.071888825956786e-06,3.9851330804368783e-26,0.0
2D-065,3,0.9999969187443518,3.081255648442206e-06,3.975057000915451e-26,0.0
2D-065,4,1.229784035723628e-35,2.5363041143026922e-37,1.0,2.7548731477688096e-137
2D-065,5,1.2725972552013193e-35,2.5949370840574897e-37,1.0,2.36819843764592e-137
2D-065,6,4.1447630155245147e-38,9.726753812930415e-40,1.0,6.166420898381305e-127
2D-065,7,0.999998240618052,1.759381947844447e-06,1.7408283006145525e-26,0.0
2D-066,0,0.9999986235462718,1.376453728722192e-06,3.2754841176286443e-25,0.0
2D-066,1,0.9999987698440992,1.2301559006024238e-06,7.407242040387782e-27,0.0
2D-066,2,0.9993398573406768,0.0006601426593231837,1.564285841281745e-33,0.0
2D-066,3,2.592146492320218e-35,2.326869865195804e-37,1.0,6.351583073843784e-139
2D-066,4,2.5837600157648285e-35,2.3199410188763483e-37,1.0,6.440758131182111e-139
2D-066,5,0.9999986358148677,1.3641851325137884e-06,3.3291947221871903e-25,0.0
2D-066,6,0.9999987628291122,1.2371708880782055e-06,7.30506829991955e-27,0.0
2D-066,7,0.9993435933994503,0.0006564066005497931,1.5769665071264506e-33,0.0
2D-067,0,0.9999886504218762,1.1349578123389719e-05,9.087707597606436e-26,0.0
2D-067,1,0.9999880845241136,1.1915475886728567e-05,8.202271641882496e-26,0.0
2D-067,2,2.230167330092591e-15,0.9999999999999982,3.425122336333676e-64,0.0
2D-067,3,2.3529343263356245e-15,0.9999999999999973,3.7824057818907074e-64,0.0
2D-067,4,0.9999884754926315,1.1524507368885404e-05,8.671574397538824e-26,0.0
2D-067,5,0.9999882556866423,1.1744313357583086e-05,8.490596504802249e-26,0.0
2D-067,6,2.1636156651960937e-15,0.9999999999999982,3.2255009534823106e-64,0.0
2D-067,7,2.296487677085909e-15,0.9999999999999982,3.5889082645508194e-64,0.0
2D-068,0,0.9999746751502164,2.532484978357117e-05,3.3800637031494044e-26,0.0
2D-068,1,1.3940685197622107e-18,1.0,6.7104474518610094e-68,0.0
2D-068,2,0.9999996330812813,3.6691871873797975e-07,1.367696636296589e-20,0.0
2D-068,3,0.9999996214612518,3.7853874797705135e-07,1.2414277694521482e-20,0.0
2D-068,4,0.9999954285180052,4.571481994730881e-06,3.2767656495173765e-29,0.0
2D-068,5,0.9999943392798772,5.660720123185034e-06,3.32703018305169e-24,0.0
2D-068,6,1.9332031118733896e-32,1.2432993184144453e-35,1.0,5.702326293980147e-152
2D-068,7,0.9999954184998255,4.58150017402912e-06,3.283258241506517e-29,0.0
2D-069,0,0.9999945112541694,5.488745830298146e-06,4.305296509911311e-25,0.0
2D-069,1,3.817149132550358e-12,0.999999999996183,1.0355156028779396e-60,0.0
2D-069,2,0.9999989342377725,1.0657622271091863e-06,1.2889203373091434e-23,0.0
2D-069,3,0.9999999393045035,6.069549704809438e-08,2.562668188927167e-20,0.0
2D-069,4,0.999998950014621,1.0499853789521146e-06,3.2785827131831814e-22,0.0
2D-069,5,0.9999776449454477,2.2355054552564474e-05,9.205136787557131e-32,0.0
2D-069,6,1.6013512608732698e-32,3.7985708436045895e-35,1.0,1.8909837987990863e-151
2D-069,7,0.9999997820330246,2.179669751362129e-07,1.5809496339280528e-23,0.0
2D-070,0,1.3136123979009565e-05,0.999986863876021,2.0557975837891318e-50,0.0
2D-070,1,0.999986663283203,1.3336716797282687e-05,1.4588863224373265e-25,0.0
2D-070,2,1.652606305000722e-15,0.9999999999999987,2.862201428125438e-66,0.0
2D-070,3,2.3407156835424815e-06,2.2579220425056363e-15,0.9999976592843142,2.2939255430593836e-307
2D-070,4,0.9999956846342362,4.315365764080409e-06,7.391243627900182e-24,0.0
2D-070,5,0.9999825742213196,1.7425778680763265e-05,9.936913196698428e-25,0.0
2D-070,6,0.9999994286965534,5.713034467084578e-07,7.888228939173914e-26,0.0
2D-070,7,0.9999641836254872,3.5816374512613566e-05,4.687476008884351e-28,0.0
2D-071,0,3.842514389006658e-35,2.4331382362461126e-37,1.0,1.0295288315978701e-139
2D-071,1,0.9999945628203073,5.437179692314495e-06,3.1956118540981536e-24,0.0
2D-071,2,0.9999989895543135,1.0104456865205854e-06,1.528549150363607e-24,0.0
2D-071,3,0.9999979077734074,2.0922265925036076e-06,1.9196307493211494e-23,0.0
2D-071,4,0.9999928977724484,7.102227551410694e-06,1.2452379056934895e-28,0.0
2D-071,5,7.1911005500220005e-12,0.9999999999928089,5.007558145042807e-61,0.0
2D-071,6,0.9999917547053976,8.245294602850963e-06,3.3420226531877157e-29,0.0
2D-071,7,0.9999997997837818,2.0021621832973674e-07,3.07383803308664e-23,0.0
2D-072,0,0.9999473387563483,5.266124365173591e-05,1.0274857065936357e-24,0.0
2D-072,1,7.477034475618992e-20,1.0,1.1259819924494346e-74,0.0
2D-072,2,0.9998818626656621,0.00011813733433792706,2.3803020508690356e-27,0.0
2D-072,3,3.198952198272308e-07,0.99999968010478,8.95631084405442e-50,0.0
2D-072,4,4.8862594886241614e-21,1.0,2.964296055377126e-75,0.0
2D-072,5,0.999994497888545,5.502111454903761e-06,2.7435872004096565e-25,0.0
2D-072,6,3.223532823725527e-07,0.9999996776467177,9.02202910062096e-50,0.0
2D-072,7,0.9999928362922601,7.163707739697052e-06,2.76217758908012e-24,0.0
2D-073,0,0.9999986227320957,1.3772679044451435e-06,3.42110452040427e-27,0.0
2D-073,1,2.262290311027192e-35,1.2441796566516057e-37,1.0,1.0582714946970668e-138
2D-073,2,0.9999986314588142,1.3685411857369148e-06,3.690645559133485e-27,0.0
2D-073,3,7.048617552033796e-35,3.717765751129909e-37,1.0,6.978738645403331e-141
2D-073,4,2.2832647991463188e-35,1.2543571988798851e-37,1.0,1.0158977605536079e-138
2D-073,5,0.9999986351278796,1.3648721203398895e-06,3.731729123325733e-27,0.0
2D-073,6,7.10514492261574e-35,3.745389216468559e-37,1.0,6.737494718954598e-141
2D-073,7,0.9999986355862491,1.3644137508586885e-06,3.498102356453052e-27,0.0
2D-074,0,2.8558974652176713e-33,7.10700344811859e-36,1.0,4.111967471503553e-148
2D-074,1,0.9999999218466686,7.815333151073917e-08,2.0178536450600773e-21,0.0
2D-074,2,7.897514751004141e-34,7.254942819978256e-36,1.0,3.852891581595939e-145
2D-074,3,8.157494285869809e-34,7.369892292313345e-36,1.0,3.2890003564901914e-145
2D-074,4,8.83202826673406e-39,6.329091537448187e-40,1.0,2.9036088316096297e-124
2D-074,5,8.832028266734938e-39,6.329091537448547e-40,1.0,2.9036088316086396e-124
2D-074,6,0.9999999219940084,7.800599119362828e-08,2.014673436304349e-21,0.0
2D-074,7,2.7208022201684134e-33,6.897969262460039e-36,1.0,5.1544388811856406e-148
2D-075,0,5.541485990027866e-34,2.2274668171832165e-36,1.0,7.48618967964955e-145
2D-075,1,5.734294983849837e-34,2.286141685919469e-36,1.0,6.415457726213042e-145
2D-075,2,0.9999930475884539,6.95241154599923e-06,4.051771777066831e-27,0.0
2D-075,3,0.9999994816113793,5.183886206599613e-07,4.5706334187663735e-24,0.0
2D-075,4,0.9999991983173702,8.016826298245427e-07,8.9339680798445e-24,0.0
2D-075,5,0.9999992128312324,7.871687680046998e-07,9.300314833339578e-24,0.0
2D-075,6,0.9999994707130619,5.292869376921474e-07,4.2572434200253064e-24,0.0
2D-075,7,0.999993195267023,6.804732977002854e-06,4.075811267279687e-27,0.0
2D-076,0,1.2675194088422434e-16,1.0,1.1912806880305665e-70,0.0
2D-076,1,1.2862573165885767e-16,1.0,1.2264427149810961e-70,0.0
2D-076,2,0.999979468462119,2.0531537880684664e-05,2.4136340774175986e-25,0.0
2D-076,3,0.9999794565229858,2.054347701419526e-05,2.39913409039008e-25,0.0
2D-076,4,1.2812558640734477e-16,1.0,1.2233204380509293e-70,0.0
2D-076,5,0.9999794416129437,2.0558387056026565e-05,2.410201238607489e-25,0.0
2D-076,6,0.9999795822766033,2.0417723396848914e-05,2.438952887981979e-25,0.0
2D-076,7,1.2434277778063156e-16,1.0,1.1508304155151854e-70,0.0
2D-077,0,1.719254017930652e-36,1.2854633015320554e-38,1.0,9.652555652234518e-134
2D-077,1,1.721777368824465e-36,1.2866635321777477e-38,1.0,9.592891643923886e-134
2D-077,2,1.7201976078757027e-36,1.28591221511566e-38,1.0,9.630191070859648e-134
2D-077,3,1.7202000608877183e-36,1.2859133581475882e-38,1.0,9.630133171823029e-134
2D-077,4,1.7204728939338187e-36,1.286043138624253e-38,1.0,9.623678593604566e-134
2D-077,5,1.7179514387627615e-36,1.2848434816414032e-38,1.0,9.683534131388978e-134
2D-077,6,1.7195268717758646e-36,1.2855931360863176e-38,1.0,9.646081897886512e-134
2D-077,7,1.7195242245050387e-36,1.2855918528380604e-38,1.0,9.646144837850709e-134
2D-078,0,1.738988696998039e-36,1.2956748426492796e-38,1.0,9.192573631335904e-134
2D-078,1,1.735970577610929e-36,1.2942434618511507e-38,1.0,9.260335396705826e-134
2D-078,2,1.7431347267746368e-36,1.297639506150356e-38,1.0,9.100484712494823e-134
2D-078,3,1.7468757096651296e-36,1.299411059715104e-38,1.0,9.018366533608817e-134
2D-078,4,1.7384403686352883e-36,1.2954148472645966e-38,1.0,9.20483894732287e-134
2D-078,5,1.7414632216766684e-36,1.2968478534079392e-38,1.0,9.137472094121603e-134
2D-078,6,1.734243659649854e-36,1.2934236941888776e-38,1.0,9.299387252912002e-134
2D-078,7,1.7305298217327496e-36,1.2916604618478853e-38,1.0,9.384057124047382e-134
2D-079,0,0.9999892359529503,1.0764047049604708e-05,8.806342819579805e-26,0.0
2D-079,1,5.330825164777497e-31,5.966627988925163e-35,1.0,2.833648360009444e-158
2D-079,2,0.999999660532496,3.394675043012022e-07,2.1942836340027592e-21,0.0
2D-079,3,0.9999959387817903,4.061218209858942e-06,1.9346519421144986e-29,0.0
2D-079,4,5.174434245619409e-13,0.9999999999994831,1.3377580306723157e-60,0.0
2D-079,5,0.9999999309308564,6.906914382674891e-08,9.486977201368111e-23,0.0
2D-079,6,0.9999994787935139,5.212064855786005e-07,3.596156698392595e-24,0.0
2D-079,7,0.9999999228057973,7.719420285717683e-08,6.1404664299475715e-21,0.0
2D-080,0,1.83377195232669e-36,1.3446812618031214e-38,1.0,7.322803158046948e-134
2D-080,1,1.8334222833848005e-36,1.3445180568241213e-38,1.0,7.328712819814892e-134
2D-080,2,1.8444568888974792e-36,1.3496629921039482e-38,1.0,7.145023240856979e-134
2D-080,3,1.8441051928616635e-36,1.349499182971455e-38,1.0,7.150789515563562e-134
2D-080,4,1.8366505409827893e-36,1.3460243896911225e-38,1.0,7.27437581602462e-134
2D-080,5,1.8367102006433278e-36,1.3460522177419278e-38,1.0,7.273376336441797e-134
2D-080,6,1.8411585046080657e-36,1.3481262606394342e-38,1.0,7.199328750669109e-134
2D-080,7,1.8412183166302253e-36,1.3481541368128424e-38,1.0,7.198339458319786e-134
2D-081,0,0.9999999468004518,5.319954845592772e-08,9.627045509416953e-24,0.0
2D-081,1,4.831698091895403e-127,3.1511819149044224e-88,9.287762281763764e-22,1.0
2D-081,2,0.9999996444649418,3.555350582927385e-07,7.149139155595094e-24,0.0
2D-081,3,0.9999996469425679,3.5305743218228283e-07,7.181357556055672e-24,0.0
2D-081,4,0.9998799607699327,0.00012003923006718864,4.548689423997091e-30,0.0
2D-081,5,0.9998796706962877,0.00012032930371276749,4.511302150139634e-30,0.0
2D-081,6,0.9999963439601476,3.6560398524651727e-06,3.144870607044363e-26,0.0
2D-081,7,0.9999963980966952,3.6019033050627543e-06,3.324676522378093e-26,0.0
2D-082,0,2.965974850194323e-38,2.68182330101508e-39,1.0,2.7039940750803273e-126
2D-082,1,0.9999987756350722,1.224364927395268e-06,5.182257882946732e-25,0.0
2D-082,2,1.6324045056650391e-18,1.0,3.279912610634856e-71,0.0
2D-082,3,0.9999989590292442,1.0409707559042483e-06,5.101717288123882e-23,0.0
2D-082,4,0.9999910596494039,8.940350596329702e-06,6.509414024069511e-28,0.0
2D-082,5,0.9999925685464567,7.431453543252261e-06,4.682159653419333e-25,0.0
2D-082,6,5.061690616122316e-33,1.1997462260100134e-35,1.0,3.1190995040588596e-149
2D-082,7,1.836445303283433e-38,7.840109489089421e-40,1.0,1.4713136195481513e-125
2D-083,0,0.9999982504897283,1.7495102715022709e-06,9.372902213797408e-24,0.0
2D-083,1,0.9999999982143684,1.785631613363956e-09,4.4169614085767724e-17,0.0
2D-083,2,0.9999999305005864,6.949941306303455e-08,6.208086340839001e-21,0.0
2D-083,3,0.9999996498486095,3.5015139061550915e-07,6.683157961184639e-23,0.0
2D-083,4,2.1419982263668673e-24,6.111354144407077e-29,1.0,5.04145319679269e-193
2D-083,5,2.677817975321311e-29,6.623175741379462e-33,1.0,3.3441127897701603e-167
2D-083,6,0.9999999949003917,5.09960826830696e-09,2.9549365837935925e-18,0.0
2D-083,7,0.9999995590334056,4.409665940662535e-07,3.54101817909982e-21,0.0
2D-084,0,0.027540696277611694,0.9724593037223883,4.272928207766807e-37,0.0
2D-084,1,0.9999998897682206,1.1023177960200111e-07,1.2086571709622235e-19,0.0
2D-084,2,9.178986903876577e-14,0.9999999999999085,5.394713358534166e-66,0.0
2D-084,3,0.9999689150492241,3.108495077586841e-05,3.310519580794501e-29,0.0
2D-084,4,2.1380496977729934e-14,0.9999999999999787,1.2034704376953696e-65,0.0
2D-084,5,3.513537291478202e-08,0.999999964864627,4.255769074497646e-55,0.0
2D-084,6,3.080157021766982e-05,0.9999691984297823,6.423527557367895e-49,0.0
2D-084,7,0.23894097208950113,0.761059027910499,2.3360923431410335e-41,0.0
2D-085,0,4.574706817372402e-37,5.929865747141187e-39,1.0,2.422255943866447e-131
2D-085,1,4.680309726668249e-37,6.01596118716567e-39,1.0,2.2012152641543614e-131
2D-085,2,4.648580765392341e-37,5.99016818617796e-39,1.0,2.2649055346358643e-131
2D-085,3,4.640550380655264e-37,5.983630014041549e-39,1.0,2.2813851469012154e-131
2D-085,4,4.685691078879236e-37,6.020329395044715e-39,1.0,2.1906339160224204e-131
2D-085,5,4.57996769306702e-37,5.934171846048861e-39,1.0,2.410611966751116e-131
2D-085,6,4.6460115611012714e-37,5.988076848266023e-39,1.0,2.2701618812354957e-131
2D-085,7,4.6540512268751926e-37,5.994619730216274e-39,1.0,2.25376354797979e-131
2D-086,0,0.9999997452429272,2.5475707313326344e-07,4.289660080752542e-24,0.0
2D-086,1,0.9999964536982809,3.546301719393554e-06,3.992938868722079e-26,0.0
2D-086,2,1.2053167473808233e-33,1.0182776067633112e-36,1.0,3.5550184484151253e-146
2D-086,3,0.999999328727117,6.712728829203199e-07,1.6192898583107193e-24,0.0
2D-086,4,5.291224972576334e-12,0.9999999999947087,3.1963160979167167e-62,0.0
2D-086,5,0.9999949308298345,5.069170165621406e-06,2.8793669499378736e-25,0.0
2D-086,6,0.07636003996750342,0.9236399600324967,2.7826828067538736e-38,0.0
2D-086,7,0.9999957849805595,4.2150194405632825e-06,1.421891578606737e-28,0.0
2D-087,0,0.0006406359024409388,1.4549615565051373e-12,0.9993593640961038,0.0
2D-087,1,0.9997431326529281,0.0002568673470721121,7.018117744922816e-31,0.0
2D-087,2,0.9998475650103118,4.968984928571983e-10,0.00015243449278954987,0.0
2D-087,3,0.031877122327631915,0.968122877672368,1.7360117009793644e-42,0.0
2D-087,4,0.9999725087812416,2.7491218758412336e-05,3.7100526106563875e-29,0.0
2D-087,5,1.5367080489483404e-26,3.2826201788367667e-31,1.0,1.7243170954284243e-181
2D-087,6,4.215433551749282e-20,1.0,8.291620120681068e-78,0.0
2D-087,7,0.9999999987091561,1.2834351968575125e-09,7.408790622301095e-12,0.0
2D-088,0,4.79067836312833e-18,1.0,1.914004734662867e-74,0.0
2D-088,1,0.9999993143196996,6.856803002366398e-07,1.8366178333660478e-23,0.0
2D-088,2,0.9999975908454711,2.409154528931151e-06,1.532569075044587e-26,0.0
2D-088,3,0.9999975018328808,2.4981671187982697e-06,1.5280390555186838e-26,0.0
2D-088,4,4.1106850546107193e-32,1.2036975656827346e-35,1.0,3.2128538752880974e-153
2D-088,5,4.251252518641101e-18,1.0,1.4634977236704956e-74,0.0
2D-088,6,0.9999993037473692,6.962526307943764e-07,1.8040126934320744e-23,0.0
2D-088,7,5.144695176237298e-50,5.74846422017955e-46,1.0,7.88309831350467e-82
2D-089,0,4.27912186040186e-32,1.2583113424523919e-35,1.0,2.590190678366353e-153
2D-089,1,0.9999991003512362,8.996487633660801e-07,1.920950294130881e-23,0.0
2D-089,2,2.215416644888616e-51,3.507483584825271e-47,1.0,2.7790576685005754e-78
2D-089,3,0.9999989489860547,1.0510139456208492e-06,2.5296401495228543e-26,0.0
2D-089,4,7.264462671160085e-19,1.0,7.101991163451099e-76,0.0
2D-089,5,0.9999992505318531,7.494681469941999e-07,1.539347826010519e-23,0.0
2D-089,6,2.3649394736241827e-16,1.0,2.225621234564768e-71,0.0
2D-089,7,0.9999974027752113,2.597224788606885e-06,1.7551481210297273e-27,0.0
2D-090,0,0.9873830244971512,0.012616975502848628,4.2856332003497966e-36,0.0
2D-090,1,0.9999963350059288,3.664994070878716e-06,1.3776004436075322e-25,0.0
2D-090,2,0.9858486856546668,0.014151314345333298,3.342287747786477e-36,0.0
2D-090,3,4.25715834005888e-35,8.901632769390183e-38,1.0,1.2502295897973416e-139
2D-090,4,5.871050284779804e-32,2.1180802646226732e-35,1.0,3.866119118418945e-154
2D-090,5,5.834300014352532e-14,0.9999999999999418,6.936463995342181e-66,0.0
2D-090,6,0.999999099013059,9.009869411035624e-07,7.995177870407286e-24,0.0
2D-090,7,6.493967405763454e-14,0.9999999999999352,8.153173292750411e-66,0.0
2D-091,0,0.9999997536243647,2.4637563485379355e-07,9.381682821722389e-26,0.0
2D-091,1,4.031421194322951e-123,1.1474074275175892e-85,1.865347276457849e-21,1.0
2D-091,2,0.9999994618917505,5.381082496353847e-07,2.4606748119240156e-24,0.0
2D-091,3,0.9999994404387629,5.59561237237132e-07,2.4476767511197343e-24,0.0
2D-091,4,0.9999974849511338,2.515048865982588e-06,2.3337674495854243e-26,0.0
2D-091,5,0.9999965644146528,3.435585347555115e-06,8.796910446996264e-27,0.0
2D-091,6,0.9999936269816083,6.373018391896642e-06,4.1049992214034665e-25,0.0
2D-091,7,0.9999929093987537,7.090601245797405e-06,3.5062199188392795e-25,0.0
2D-092,0,0.9999994310449518,5.68955048003475e-07,4.399407796614629e-25,0.0
2D-092,1,1.0978770082904394e-38,3.974583382143633e-40,1.0,1.4223376255599064e-124
2D-092,2,0.9999985140687748,1.485931225096111e-06,1.0111540597246917e-26,0.0
2D-092,3,1.0776262082391768e-38,3.915852224205195e-40,1.0,1.537088060252277e-124
2D-092,4,1.7947697928134929e-32,2.4041866095373977e-36,1.0,4.0419637729020753e-150
2D-092,5,1.7285898519107773e-32,2.3445166128545154e-36,1.0,4.7633631304249495e-150
2D-092,6,0.9999991430055322,8.569944678558087e-07,1.8319391567649556e-26,0.0
2D-092,7,0.9999991535172285,8.464827719752995e-07,1.884906168553354e-26,0.0
2D-093,0,1.8275496388009867e-06,2.9772972291939192e-15,0.9999981724503579,2.584737060944484e-309
2D-093,1,7.605907412807217e-11,0.9999999999239408,1.1561987986615159e-58,0.0
2D-093,2,1.9296226038666606e-32,5.047340106689309e-36,1.0,2.2066160073430612e-151
2D-093,3,0.9999298858643034,7.011413569650381e-05,7.044170033409381e-24,0.0
2D-093,4,9.888328737781138e-17,1.0,2.4047640496725187e-69,0.0
2D-093,5,1.0414300248175393e-16,1.0,2.6476685217823276e-69,0.0
2D-093,6,8.101469360793629e-11,0.9999999999189852,1.3000493629260263e-58,0.0
2D-093,7,0.9999303164708212,6.968352917877627e-05,7.013313044359522e-24,0.0
2D-094,0,0.9999992038731234,7.961268762716733e-07,2.4070301504643463e-26,0.0
2D-094,1,0.9999994934410972,5.065589027928056e-07,6.307162648385307e-25,0.0
2D-094,2,0.9999992657675612,7.342324384790985e-07,4.161511425849045e-26,0.0
2D-094,3,1.567137470214954e-38,4.9729491639145586e-40,1.0,3.3740139179547303e-125
2D-094,4,2.2096410247716281e-38,6.736355506982948e-40,1.0,7.837896043974365e-126
2D-094,5,1.9159319868097042e-31,1.1999891430719181e-35,1.0,1.0898804648257315e-154
2D-094,6,0.9999985367661497,1.4632338502726563e-06,1.4736970960740412e-26,0.0
2D-094,7,2.8799939123995797e-34,1.5821575247940992e-37,1.0,2.055218331366023e-142
2D-095,0,1.3471783932720289e-36,1.1004647144305001e-38,1.0,2.7045773363903057e-133
2D-095,1,2.263713493326735e-34,2.888545601674803e-37,1.0,7.528359294575042e-143
2D-095,2,2.2752716728422456e-34,2.9191955471318195e-37,1.0,7.276190754744102e-143
2D-095,3,0.9999999875713007,1.2428699512404295e-08,1.8966644471868145e-20,0.0
2D-095,4,1.3879723602776419e-36,1.1230778480723579e-38,1.0,2.38183943664195e-133
2D-095,5,2.2560530776406444e-34,2.8884569191028905e-37,1.0,7.613997545985491e-143
2D-095,6,2.3509516531987513e-34,2.98431440518292e-37,1.0,6.296162111187645e-143
2D-095,7,0.9999999875538746,1.2446125349525844e-08,1.9008895480251946e-20,0.0
2D-096,0,0.9999999367595815,6.324041866208468e-08,4.8606868704438085e-25,0.0
2D-096,1,8.030581884157203e-32,8.019465510457016e-36,1.0,2.0271694232423795e-153
2D-096,2,0.999999874899294,1.251007058146106e-07,9.194067654801153e-24,0.0
2D-096,3,5.701391397029189e-30,1.347147478560807e-33,1.0,6.378185357677061e-164
2D-096,4,3.206344183236897e-35,1.8783811561533017e-37,1.0,2.2524436112798266e-139
2D-096,5,0.999999933450487,6.65495128206392e-08,4.0862794864674154e-25,0.0
2D-096,6,3.1644495674585195e-35,1.862716932944063e-37,1.0,2.3871175833398124e-139
2D-096,7,0.9999998703034065,1.2969659301076969e-07,8.073313695170726e-24,0.0
2D-097,0,3.282474482520584e-05,0.9999671752551746,1.780676227536623e-45,0.0
2D-097,1,4.9411950803993554e-05,0.9999505880491962,1.992932656616149e-43,0.0
2D-097,2,0.9999997178742885,2.821257114018143e-07,1.6863559584774614e-17,0.0
2D-097,3,0.999999779655257,2.2034474295042398e-07,1.1096430150040707e-20,0.0
2D-097,4,0.9999999917840547,8.215944996171748e-09,3.952231804539418e-16,0.0
2D-097,5,1.0319090921283015e-24,8.744061759744933e-28,1.0,1.0400845402507585e-187
2D-097,6,0.9999886185532644,1.1381446735256877e-05,1.8920091752187752e-23,0.0
2D-097,7,8.731629901404532e-12,0.9999999999912683,2.415754917167663e-62,0.0
2D-098,0,0.999998977563529,1.0224364713726574e-06,1.9900519847816154e-24,0.0
2D-098,1,0.9999841217423809,1.5878257618747037e-05,8.728213185270168e-25,0.0
2D-098,2,1.3833028810044492e-18,1.0,3.87855832313357e-73,0.0
2D-098,3,0.00021717751865759778,0.9997828224813423,2.6241928381347757e-45,0.0
2D-098,4,0.9999993754560862,6.24543913968668e-07,4.380093772466658e-26,0.0
2D-098,5,2.6656295905941367e-36,6.088627148242524e-38,1.0,1.5199053426668724e-134
2D-098,6,2.2042371431441778e-13,1.4258597525542945e-21,0.9999999999997795,7.423144086173948e-257
2D-098,7,1.4600348534547032e-36,3.4270084525482187e-38,1.0,1.8179162879511094e-133
2D-099,0,5.730009506543368e-32,6.236560456096199e-35,1.0,3.3568303062020187e-154
2D-099,1,0.9999999329247862,6.707521377419121e-08,1.1997014896877567e-24,0.0
2D-099,2,0.9999959478303528,4.052169647138564e-06,1.0034163403868073e-23,0.0
2D-099,3,0.9999999899211707,1.00788293902977e-08,1.2667189485656729e-17,0.0
2D-099,4,2.765073064049974e-21,1.0,1.4495504390574968e-79,0.0
2D-099,5,0.9999960861633633,3.913836636706774e-06,5.0226035151344295e-24,0.0
2D-099,6,0.9999999899748397,1.0025160229350688e-08,1.3071221592111946e-17,0.0
2D-099,7,0.9999993182180568,6.817819429991969e-07,3.0366928806971634e-25,0.0
2D-100,0,0.999998976274652,2.8020817424116223e-10,1.0234451396430703e-06,0.0
2D-100,1,0.9999987822108566,2.7897931692727603e-10,1.2175101637229758e-06,0.0
2D-100,2,2.1772622099784277e-09,0.9999999978227381,3.533830578976307e-54,0.0
2D-100,3,2.2435953789687565e-09,0.9999999977564049,3.742226217415784e-54,0.0
2D-100,4,1.650403877573759e-27,1.0,1.1318709404516752e-83,0.0
2D-100,5,1.656353812950609e-27,1.0,1.1587110765086559e-83,0.0
2D-100,6,5.883296760833091e-12,0.9999999999941167,1.06241833679363e-58,0.0
2D-100,7,5.628198268488997e-12,0.9999999999943716,9.76928321473766e-59,0.0
2D-101,0,0.9999999937049702,6.295029741822166e-09,7.196407578671622e-17,0.0
2D-101,1,0.9999997058325112,1.9434388184600145e-09,2.9222404996793375e-07,0.0
2D-101,2,0.1317186092066357,0.8682813907933643,1.4821767210194878e-40,0.0
2D-101,3,0.999997096126303,2.9038736973122304e-06,8.617187816373044e-26,0.0
2D-101,4,0.9999822163718692,1.778362813054803e-05,9.529649065718672e-28,0.0
2D-101,5,0.9999666213497116,3.3378650288219334e-05,8.136448148072049e-30,0.0
2D-101,6,3.903694255436031e-06,0.9999960963057446,1.3960075318070837e-51,0.0
2D-101,7,1.7706416129390074e-15,3.6004283216491103e-23,0.9999999999999982,1.700180099660804e-244
2D-102,0,0.9999935076317489,6.4923682507533914e-06,6.884734567145304e-26,0.0
2D-102,1,2.0697138922734925e-18,1.0,6.741043027505433e-71,0.0
2D-102,2,0.7117975537761215,0.2882024462238784,6.348677077236009e-36,0.0
2D-102,3,4.703772586416353e-38,3.000014080025e-39,1.0,3.4685607229101134e-127
2D-102,4,6.634734552580249e-38,2.345234452252038e-39,1.0,7.118846891277359e-128
2D-102,5,1.5278474176546592e-37,4.337914824702713e-39,1.0,2.189944164986008e-129
2D-102,6,9.47055193074985e-38,2.5693837724735054e-39,1.0,1.6374816946200223e-128
2D-102,7,3.7246155305583436e-25,1.2986609622778989e-30,1.0,4.2622455608668476e-188
2D-103,0,4.9901225205384724e-24,1.2135852930303257e-28,1.0,4.470467072031054e-195
2D-103,1,0.9999976677626129,2.33223738712684e-06,1.597253504446882e-23,0.0
2D-103,2,0.9999124689046439,8.753109535599126e-05,5.016252989951635e-34,0.0
2D-103,3,8.417454878552416e-09,0.9999999915825453,7.475170465735152e-53,0.0
2D-103,4,6.123393703893926e-11,0.9999999999387663,1.3373578545193257e-58,0.0
2D-103,5,0.9999984639918759,1.5360081244025586e-06,1.2284045475241874e-25,0.0
2D-103,6,2.144388921883169e-10,0.9999999997855613,1.110186798049756e-55,0.0
2D-103,7,0.9999926847537746,2.421166685087508e-10,7.315004108529009e-06,0.0
2D-104,0,0.9999999298876554,7.011234486371159e-08,1.747560712636448e-23,0.0
2D-104,1,3.1103414611782505e-05,0.9999688965853883,4.065570383476363e-43,0.0
2D-104,2,1.5333035693220016e-73,1.0660752506494623e-56,1.0,4.798496769563142e-19
2D-104,3,0.999991333935662,8.666064338184724e-06,6.635696430975802e-26,0.0
2D-104,4,0.9999963795469888,3.620453011063701e-06,2.5778647066920707e-26,0.0
2D-104,5,6.417157918523877e-36,1.4769896025572275e-37,1.0,4.3122669494739425e-136
2D-104,6,0.9999914988689256,8.501131074350113e-06,6.434227370979478e-26,0.0
2D-104,7,1.4497265983360965e-36,3.607845192998815e-38,1.0,1.944226115467213e-133
2D-105,0,0.9999999747311689,2.5268831191254003e-08,7.088244043161899e-19,0.0
2D-105,1,0.9999996856350718,3.143649278201123e-07,3.688810299793065e-22,0.0
2D-105,2,0.9999997991534098,2.0084659050410014e-07,1.0310767959306116e-18,0.0
2D-105,3,5.929765672294016e-13,0.9999999999994071,3.4521780018386678e-65,0.0
2D-105,4,0.9999999890361214,1.0963878804188387e-08,2.0581314290988004e-20,0.0
2D-105,5,8.83737807900826e-12,0.9999999999911626,2.907099660413775e-59,0.0
2D-105,6,0.999999459685529,5.403144714741415e-07,5.162834107918691e-21,0.0
2D-105,7,0.9999998188556369,1.811443628755647e-07,5.7663663975495645e-21,0.0
2D-106,0,0.999986342272444,1.365772755578458e-05,2.795382298331973e-25,0.0
2D-106,1,1.1056853902538082e-36,2.59462857967899e-38,1.0,5.694314682158524e-133
2D-106,2,1.8380919602074105e-17,1.0,8.461417257842431e-70,0.0
2D-106,3,4.706937307738653e-16,1.521290877302915e-23,0.9999999999999996,1.6975911033998875e-241
2D-106,4,0.9999985825799946,1.4174200052073621e-06,7.42933300523943e-26,0.0
2D-106,5,0.9999997605814583,2.3941854165889725e-07,5.214152281854201e-25,0.0
2D-106,6,7.105591866757137e-37,1.703131003352602e-38,1.0,3.5615331685449836e-132
2D-106,7,0.47334070094415587,0.5266592990558442,6.039360576167108e-39,0.0
2D-107,0,0.9999992526807823,7.47319217424434e-07,2.159848689283814e-25,0.0
2D-107,1,0.9999392932599093,6.0706740091109183e-05,3.1139734561873873e-29,0.0
2D-107,2,0.9999156320129635,8.436798703680316e-05,4.1679969487464407e-29,0.0
2D-107,3,0.9999944349330555,5.56506694467356e-06,9.92912761476116e-29,0.0
2D-107,4,1.3036105489291488e-36,5.2663644141366994e-39,1.0,9.782770909655254e-133
2D-107,5,8.006571177893953e-33,4.8523262421270505e-36,1.0,4.524292880081489e-150
2D-107,6,0.9999993813318375,6.186681625764645e-07,2.516956965795173e-23,0.0
2D-107,7,1.3461518960059284e-133,3.76390018810315e-92,3.547879129182827e-21,1.0
2D-108,0,0.9999995360272093,4.639727907520667e-07,8.325742587989089e-24,0.0
2D-108,1,9.865422976648916e-39,5.843780013627314e-40,1.0,1.8353986541235792e-124
2D-108,2,0.9999994293790355,5.706209641654987e-07,1.8221686168120638e-22,0.0
2D-108,3,2.536956713540755e-10,0.9999999997463043,1.7408385704733806e-60,0.0
2D-108,4,7.58330660367322e-12,0.9999999999924167,9.9162880562878e-62,0.0
2D-108,5,8.810295915356739e-11,0.9999999999118971,1.6052237711408725e-57,0.0
2D-108,6,0.9999999983303962,1.6695867385045073e-09,1.7087221074910586e-14,0.0
2D-108,7,0.9999999910147936,8.985206285857114e-09,1.597007910237657e-22,0.0
2D-109,0,1.9944781892530653e-19,1.0,1.2580642476939781e-73,0.0
2D-109,1,5.504635175075889e-20,1.0,7.092852472233372e-77,0.0
2D-109,2,3.3561425165355235e-07,0.9999996643857484,1.8359605881771634e-49,0.0
2D-109,3,3.118311759439243e-07,0.9999996881688238,1.5764524339721526e-49,0.0
2D-109,4,2.6301472057864725e-32,5.611225374726621e-35,1.0,1.8944904355029515e-152
2D-109,5,8.932758913292813e-37,1.6440589284033245e-38,1.0,1.2672826593690566e-132
2D-109,6,2.3607685545835245e-19,1.0,1.648406068810019e-73,0.0
2D-109,7,2.695446280623803e-32,5.76387990468764e-35,1.0,1.7033740459015592e-152
2D-110,0,1.2388328621986883e-49,5.0184037958698696e-46,1.0,1.2020060346675768e-83
2D-110,1,1.2717387986722018e-49,5.219938071661551e-46,1.0,1.1543142556022702e-83
2D-110,2,2.0556348275073996e-20,1.0,7.232107454763397e-74,0.0
2D-110,3,0.9999990675895795,9.324104208852032e-07,9.603901746457921e-24,0.0
2D-110,4,1.2272375910443696e-18,1.0,3.4715506372901577e-71,0.0
2D-110,5,0.999999069186172,9.308138279895963e-07,1.0424211607486726e-23,0.0
2D-110,6,1.1232931670513941e-18,1.0,2.9853750964625573e-71,0.0
2D-110,7,2.1125792185142943e-20,1.0,7.716857477617214e-74,0.0
2D-111,0,0.9999930247860812,6.975213918753507e-06,1.410438159634129e-20,0.0
2D-111,1,3.755512415998441e-18,1.0,3.649683717435687e-68,0.0
2D-111,2,0.9999999974436404,2.5553457491868775e-09,1.0137858291448513e-12,0.0
2D-111,3,0.9999736414125882,2.6358587412117687e-05,1.2380475347185804e-26,0.0
2D-111,4,0.9999999990927868,4.631391157842904e-10,4.4407417820511253e-10,0.0
2D-111,5,1.8686415349701353e-08,0.9999999813135847,7.85805092529886e-55,0.0
2D-111,6,5.171891522313969e-25,1.0,5.509875781295163e-81,0.0
2D-111,7,7.02101247532047e-33,3.5136516086815354e-35,1.0,1.6701318265969284e-149
2D-112,0,0.999999844435339,1.5556466119315222e-07,1.810354179518485e-24,0.0
2D-112,1,3.206435149091982e-35,1.298238382275616e-37,1.0,2.4397088760222788e-139
2D-112,2,0.00010471381643278047,0.9998952861835672,1.904310208336516e-46,0.0
2D-112,3,9.690901207336562e-35,5.035355674431333e-37,1.0,1.7223214989835794e-141
2D-112,4,0.9999999084778823,9.152211775370648e-08,5.762669869204643e-25,0.0
2D-112,5,0.9999999699331226,3.00668774535435e-08,1.8058788197145295e-21,0.0
2D-112,6,0.371349688406847,0.628650311593153,3.542790621877852e-38,0.0
2D-112,7,0.9999996414189004,3.585810991902428e-07,2.9474448905593945e-25,0.0
2D-113,0,0.04686884325271278,0.9531311567472872,1.662925926947969e-40,0.0
2D-113,1,0.9999998722265329,1.277734667472531e-07,1.0726881035590021e-24,0.0
2D-113,2,0.9999999411017093,5.889829030128445e-08,1.0335142240830998e-20,0.0
2D-113,3,4.991234872325685e-19,3.319667364381784e-26,1.0,3.940969091537486e-221
2D-113,4,6.369968959513387e-37,8.722905542253939e-38,1.0,4.396619860059999e-131
2D-113,5,5.411882350840284e-23,1.0,1.4300629664497017e-79,0.0
2D-113,6,4.126157505185047e-37,1.9066184628204448e-38,1.0,4.995892763438104e-131
2D-113,7,0.999999942962657,5.703734279125524e-08,1.155847658229475e-20,0.0
2D-114,0,0.9566027391119084,0.04339726088809158,4.4975272881503125e-31,0.0
2D-114,1,5.317281444185226e-16,1.0,7.897881921443437e-63,0.0
2D-114,2,0.9998544268502259,0.0001455731497738153,3.346438496443042e-25,0.0
2D-114,3,4.43482494067545e-12,1.8730507729948651e-19,0.9999999999955653,6.340162363440343e-272
2D-114,4,0.9565319022293652,0.04346809777063485,4.479934704010397e-31,0.0
2D-114,5,5.34052553428829e-16,1.0,7.965168769656472e-63,0.0
2D-114,6,0.99985459686923,0.00014540313077030805,3.343844991531149e-25,0.0
2D-114,7,4.410419179924167e-12,1.8655262378741214e-19,0.9999999999955898,6.587759027792747e-272
2D-115,0,2.5435794091670368e-18,1.0,1.7449993361107183e-72,0.0
2D-115,1,5.152463384413116e-40,5.835585532709703e-41,1.0,2.8384879796895607e-119
2D-115,2,5.369798015347456e-17,1.0,1.1969513460742487e-68,0.0
2D-115,3,2.343428301991763e-12,0.9999999999976565,5.580359747322488e-63,0.0
2D-115,4,6.815692720755514e-37,1.0180421054633654e-38,1.0,4.019449039311873e-132
2D-115,5,0.9999951888059302,4.811194070268308e-06,2.0545708951952942e-25,0.0
2D-115,6,6.635005285624538e-36,1.3044880176141543e-37,1.0,3.2360689559317e-136
2D-115,7,0.9999917727999912,8.227200009161257e-06,5.048211564535125e-25,0.0
2D-116,0,0.9999997532400775,2.4675992241818604e-07,7.901045138936563e-22,0.0
2D-116,1,2.8854272667251667e-28,4.508473655762567e-32,1.0,2.0741987722396367e-172
2D-116,2,7.092419763721538e-39,1.0,7.435076809976557e-103,0.0
2D-116,3,0.9999993164655168,6.83534483158427e-07,4.698403487524792e-23,0.0
2D-116,4,0.999999984015553,2.005339218544509e-09,1.3979107920820768e-08,0.0
2D-116,5,0.9999999465341777,5.580266311621945e-10,5.2907795436607564e-08,0.0
2D-116,6,0.999999965838498,3.416150177488856e-08,2.3778451345000134e-17,0.0
2D-116,7,1.274158404749391e-12,0.9999999999987264,3.575636578443714e-58,0.0
2D-117,0,0.9999999969484037,3.0515963130654263e-09,9.549856662848492e-19,0.0
2D-117,1,0.0017566554250763762,0.9982433445749237,2.373534286672285e-43,0.0
2D-117,2,1.5246683422027572e-33,3.9629532115916556e-36,1.0,6.916958402281553e-147
2D-117,3,9.136984902259893e-17,1.0,1.2963966720812758e-70,0.0
2D-117,4,1.1324924988637974e-35,1.4490699733616985e-37,1.0,2.5590817031585856e-137
2D-117,5,4.5040371638371545e-37,8.753847117625884e-39,1.0,2.2972037518282887e-131
2D-117,6,0.9999996397689541,3.6023104634193865e-07,7.996611041702655e-23,0.0
2D-117,7,0.0017029271137622263,0.9982970728862377,2.1851987015558233e-43,0.0
2D-118,0,0.9999996564953845,3.435046158074783e-07,1.115350611909778e-23,0.0
2D-118,1,0.9999997190958213,2.8090417843158313e-07,2.0779805012370166e-23,0.0
2D-118,2,1.3866165459902531e-129,8.88682416152531e-90,8.067591041149877e-22,1.0
2D-118,3,1.167918034006848e-34,6.246604867021974e-37,1.0,7.697868797996188e-142
2D-118,4,5.8564253675246675e-37,6.358448294794031e-39,1.0,9.132244747510862e-132
2D-118,5,5.724964648622009e-37,6.336414435967936e-39,1.0,9.95973176539245e-132
2D-118,6,0.9999999888048264,1.1195173748782323e-08,2.9582790613471163e-20,0.0
2D-118,7,1.220526619750796e-34,6.4299499693396106e-37,1.0,6.315779194076677e-142
2D-119,0,3.6001481436126614e-06,0.9999963998518563,4.4452335130907483e-54,0.0
2D-119,1,3.586960837396259e-06,0.9999964130391625,4.4097915214321084e-54,0.0
2D-119,2,3.6061435704405994e-06,0.9999963938564296,4.461387140270859e-54,0.0
2D-119,3,3.5948631288554446e-06,0.9999964051368712,4.431019418064947e-54,0.0
2D-119,4,3.5971584631013876e-06,0.9999964028415369,4.437183280774108e-54,0.0
2D-119,5,3.60919771640336e-06,0.9999963908022836,4.469641872231084e-54,0.0
2D-119,6,3.591721405803523e-06,0.999996408278594,4.422581723264959e-54,0.0
2D-119,7,3.6018102944916898e-06,0.9999963981897054,4.449699349057838e-54,0.0
2D-120,0,0.9999971916894717,2.8083105283188e-06,8.752787678759694e-30,0.0
2D-120,1,1.0305852544292616e-33,2.2821770863915697e-36,1.0,3.908234687506764e-146
2D-120,2,1.1927990497956386e-30,1.4218158462975214e-34,1.0,3.196104472870458e-160
2D-120,3,9.201096700766068e-37,1.13065921143152e-38,1.0,1.1541788801466652e-132
2D-120,4,4.4777280069355124e-33,1.0505104451479458e-35,1.0,5.351435032504133e-149
2D-120,5,0.9998911712452241,0.00010882875477643654,2.2173919783634957e-30,0.0
2D-120,6,0.9999908843189691,9.115681030927209e-06,4.849147196936262e-31,0.0
2D-120,7,0.9999736894498584,2.6310550141586885e-05,2.24759524610932e-30,0.0
2D-121,0,1.0730932762114087e-12,0.9999999999989271,1.1688792326349835e-58,0.0
2D-121,1,1.040537427037885e-12,0.9999999999989599,1.10711633322976e-58,0.0
2D-121,2,1.0431164862720697e-12,0.9999999999989573,1.1163914423075798e-58,0.0
2D-121,3,1.028927671652554e-12,0.9999999999989715,1.083562202869909e-58,0.0
2D-121,4,1.0647175135052118e-12,0.9999999999989351,1.1518614656234805e-58,0.0
2D-121,5,1.047339184044983e-12,0.9999999999989528,1.1217850349771367e-58,0.0
2D-121,6,1.047750081317346e-12,0.999999999998952,1.1264297750753687e-58,0.0
2D-121,7,1.0268087367798933e-12,0.9999999999989733,1.0782162402503359e-58,0.0
3D-000,0,0.9999971688655978,2.831134402025945e-06,5.647038771611056e-26,0.0
3D-000,1,0.9999971694062615,2.830593738533634e-06,5.64988406473311e-26,0.0
3D-000,2,0.9999971694866165,2.8305133833939154e-06,5.650301503660542e-26,0.0
3D-000,3,0.9999971695019927,2.8304980076766683e-06,5.650364677569686e-26,0.0
3D-000,4,0.9999971699866924,2.830013307793645e-06,5.652948478047001e-26,0.0
3D-000,5,0.9999971694459336,2.8305540661829855e-06,5.650101469957286e-26,0.0
3D-000,6,0.9999971696154651,2.8303845348698737e-06,5.650962007643117e-26,0.0
3D-000,7,0.9999971696000632,2.8303999370545838e-06,5.650898803398417e-26,0.0
3D-001,0,7.851788334893885e-13,0.9999999999992149,4.83856487402937e-60,0.0
3D-001,1,7.912698811233186e-13,0.9999999999992086,4.913020435985316e-60,0.0
3D-001,2,7.770482601032273e-13,0.9999999999992228,4.7449864840936546e-60,0.0
3D-001,3,7.868773194406063e-13,0.9999999999992131,4.8604137771789864e-60,0.0
3D-001,4,7.919091282740652e-13,0.9999999999992086,4.914856655003199e-60,0.0
3D-001,5,7.781775141964207e-13,0.999999999999222,4.7582283864943547e-60,0.0
3D-001,6,7.998822704224311e-13,0.9999999999992006,5.008321798537882e-60,0.0
3D-001,7,7.822135724698334e-13,0.9999999999992175,4.8064057107857095e-60,0.0
3D-002,0,0.9999971876955559,2.8123044439483197e-06,5.65403425543751e-26,0.0
3D-002,1,0.9999971871570922,2.8128429078905047e-06,5.649550856396329e-26,0.0
3D-002,2,0.9999971848338745,2.815166125912601e-06,5.62632952515182e-26,0.0
3D-002,3,0.999997184553869,2.8154461311288777e-06,5.637209396366748e-26,0.0
3D-002,4,0.9999971858947242,2.8141052758313316e-06,5.639376456622258e-26,0.0
3D-002,5,0.9999971856650721,2.8143349283184153e-06,5.639788268025052e-26,0.0
3D-002,6,0.9999971888221796,2.8111778202242815e-06,5.667488511359877e-26,0.0
3D-002,7,0.999997188334031,2.811665968792935e-06,5.652477307080257e-26,0.0
3D-003,0,2.162488761884677e-13,0.9999999999997842,1.257914309237761e-59,0.0
3D-003,1,2.1624881897926124e-13,0.9999999999997842,1.252516259462304e-59,0.0
3D-003,2,2.149778140674186e-13,0.9999999999997851,1.2449043035753726e-59,0.0
3D-003,3,2.1620383989606453e-13,0.9999999999997842,1.2539165633255574e-59,0.0
3D-003,4,2.1547848877950373e-13,0.9999999999997851,1.2429643218429756e-59,0.0
3D-003,5,2.1595620487743138e-13,0.9999999999997842,1.2533353161356386e-59,0.0
3D-003,6,2.160646942439165e-13,0.9999999999997842,1.2502036675198986e-59,0.0
3D-003,7,2.1531543332653653e-13,0.9999999999997851,1.2462005171507903e-59,0.0
3D-004,0,2.9339092869861304e-14,0.9999999999999707,3.6142579536215065e-58,0.0
3D-004,1,2.9758261924487023e-14,0.9999999999999707,3.737802398731285e-58,0.0
3D-004,2,9.228690657064789e-16,0.9999999999999991,7.250478447673538e-62,0.0
3D-004,3,9.33090432070971e-16,0.9999999999999991,7.373121049215361e-62,0.0
3D-004,4,9.239579472906571e-16,0.9999999999999991,7.309583866061123e-62,0.0
3D-004,5,9.482726410042592e-16,0.9999999999999991,7.587917577483479e-62,0.0
3D-004,6,2.8514378361967707e-14,0.9999999999999716,3.45099008207024e-58,0.0
3D-004,7,2.8337201408092764e-14,0.9999999999999716,3.423316674389187e-58,0.0
3D-005,0,1.2746031228015754e-19,1.0,7.2194397666636e-70,0.0
3D-005,1,0.9999997098863774,2.9011362226695504e-07,1.2586013828443509e-23,0.0
3D-005,2,1.2698598411579776e-19,1.0,7.07694556429298e-70,0.0
3D-005,3,0.9999996490533943,3.5094660553193936e-07,1.5943387872201153e-23,0.0
3D-005,4,0.9999972528608825,2.7471391178869865e-06,1.1293738558226489e-25,0.0
3D-005,5,0.9999972391963111,2.7608036893048544e-06,1.118214974581725e-25,0.0
3D-005,6,0.9999997120248386,2.8797516129684745e-07,1.2926354598966322e-23,0.0
3D-005,7,0.9999996487925258,3.5120747417568244e-07,1.5930580051847365e-23,0.0
3D-006,0,2.9301286670536607e-21,1.0,5.459724150054522e-78,0.0
3D-006,1,3.4638723247399583e-15,0.9999999999999964,1.0682188553714749e-60,0.0
3D-006,2,1.9511639341735535e-12,0.9999999999980487,5.716213060335899e-55,0.0
3D-006,3,3.0664446325682925e-05,0.9999693355536742,6.627106535059203e-41,0.0
3D-006,4,2.0379394879861215e-12,0.9999999999979625,6.1714605431912626e-55,0.0
3D-006,5,3.186455102964355e-05,0.9999681354489703,7.118083867697595e-41,0.0
3D-006,6,2.868885006664099e-21,1.0,5.320212187523189e-78,0.0
3D-006,7,3.4187638906166806e-15,0.9999999999999964,1.034165762694934e-60,0.0
3D-007,0,4.626517799609885e-16,0.9999999999999996,2.4831978026363584e-60,0.0
3D-007,1,4.720790471338184e-16,0.9999999999999996,2.5725938779902864e-60,0.0
3D-007,2,4.723281102050022e-16,0.9999999999999996,2.574117250661341e-60,0.0
3D-007,3,4.689796281821454e-16,0.9999999999999996,2.543255707151852e-60,0.0
3D-007,4,4.671069750707895e-16,0.9999999999999996,2.5304976458225547e-60,0.0
3D-007,5,4.700042017421539e-16,0.9999999999999996,2.5507309047826725e-60,0.0
3D-007,6,4.634213229499007e-16,0.9999999999999996,2.4914489694600927e-60,0.0
3D-007,7,4.698802592440381e-16,0.9999999999999996,2.551996568282927e-60,0.0
3D-008,0,1.4594971244667452e-16,1.0,1.2129889207652464e-60,0.0
3D-008,1,1.4339963938093545e-16,1.0,1.1728436736163291e-60,0.0
3D-008,2,1.4188288067389537e-16,1.0,1.158203689055046e-60,0.0
3D-008,3,1.4734838226578324e-16,1.0,1.2186605519184586e-60,0.0
3D-008,4,1.4395804640119363e-16,1.0,1.1707444301647274e-60,0.0
3D-008,5,1.3688178188758432e-16,1.0,1.0908272287816378e-60,0.0
3D-008,6,1.4259796665691268e-16,1.0,1.1606834180778143e-60,0.0
3D-008,7,1.4813616048761714e-16,1.0,1.239312410474403e-60,0.0
3D-009,0,5.027566684931719e-06,0.9999949724333151,2.6593573908324938e-39,0.0
3D-009,1,8.959452030543336e-18,1.0,2.997279677303008e-67,0.0
3D-009,2,5.25001961506454e-06,0.999994749980385,2.9071748906410476e-39,0.0
3D-009,3,8.76783885088525e-18,1.0,2.8810953662101933e-67,0.0
3D-009,4,1.2772491669719486e-12,0.9999999999987228,8.418477988190988e-53,0.0
3D-009,5,9.166687534292993e-18,1.0,3.1198103333119905e-67,0.0
3D-009,6,8.808851853340143e-18,1.0,2.877989333090644e-67,0.0
3D-009,7,1.2383698807477718e-12,0.9999999999987619,7.997206472100902e-53,0.0
3D-010,0,1.9520902844128162e-07,0.9999998047909715,1.2632547820731766e-50,0.0
3D-010,1,0.9999994135310898,5.86468909890742e-07,1.228919095276116e-23,0.0
3D-010,2,0.999997538279715,2.461720284885241e-06,3.4674862905471692e-22,0.0
3D-010,3,1.9505041162176612e-07,0.9999998049495885,1.248876526169675e-50,0.0
3D-010,4,0.9999970525302407,2.9474697594042975e-06,1.735247083689311e-25,0.0
3D-010,5,0.9999970457996827,2.9542003173895265e-06,1.7296544411279845e-25,0.0
3D-010,6,0.9999994188795426,5.811204576947484e-07,1.269396578276488e-23,0.0
3D-010,7,0.9999975383175274,2.461682472184697e-06,3.5272078721545996e-22,0.0
3D-011,0,0.9999991996439977,8.003560020325705e-07,3.2674520110392635e-25,0.0
3D-011,1,0.999996963164693,3.036835307000627e-06,1.3121229750897121e-30,0.0
3D-011,2,0.999999851210942,1.487890577040436e-07,4.0406092497094656e-22,0.0
3D-011,3,0.99999918131996,8.186800397482145e-07,2.983217315860969e-25,0.0
3D-011,4,0.9999998521581281,1.4784187229163863e-07,4.1114797061508835e-22,0.0
3D-011,5,0.9999991801980389,8.198019612853585e-07,2.9678266387259817e-25,0.0
3D-011,6,0.9999991964505894,8.035494108168005e-07,3.2125451623876753e-25,0.0
3D-011,7,0.999996944445702,3.0555542980960934e-06,1.2925924487161074e-30,0.0
3D-012,0,0.9999991168635418,8.83136457907039e-07,8.405645241910305e-25,0.0
3D-012,1,0.9999893548077425,1.064519225768635e-05,4.4301527944617255e-22,0.0
3D-012,2,0.999999118053898,8.819461017777913e-07,8.408537559752922e-25,0.0
3D-012,3,8.681518904716381e-13,0.9999999999991318,7.36979795090196e-55,0.0
3D-012,4,0.9999893689771613,1.0631022838152776e-05,4.462081604032891e-22,0.0
3D-012,5,1.83500275937162e-11,0.9999999999816502,3.563400233538321e-58,0.0
3D-012,6,1.8747785299914927e-11,0.9999999999812523,3.716054907702504e-58,0.0
3D-012,7,8.864461809263391e-13,0.9999999999991136,7.676086051062011e-55,0.0
3D-013,0,2.5483585628915313e-13,0.9999999999997451,8.13662199987485e-61,0.0
3D-013,1,6.484748730511454e-15,0.9999999999999938,5.318787730438302e-61,0.0
3D-013,2,2.485507804974422e-13,0.9999999999997513,7.825271355019568e-61,0.0
3D-013,3,0.9999997497950333,2.502049670877477e-07,7.414501542481873e-22,0.0
3D-013,4,1.7798030766382186e-14,0.9999999999999822,2.6194190238891184e-65,0.0
3D-013,5,1.805141278348343e-14,0.9999999999999822,2.735252738493622e-65,0.0
3D-013,6,6.819350484654011e-15,0.9999999999999929,5.766843508639958e-61,0.0
3D-013,7,0.9999997498153175,2.5018468235316035e-07,7.302586816263655e-22,0.0
3D-014,0,0.999991311970194,8.688029806188524e-06,4.65636486500478e-24,0.0
3D-014,1,0.999991289173443,8.710826557372088e-06,4.694380683794337e-24,0.0
3D-014,2,4.73382292928501e-09,0.9999999952661773,1.277443277906996e-48,0.0
3D-014,3,4.669513317583234e-09,0.9999999953304868,1.2462819669242131e-48,0.0
3D-014,4,4.789697858913288e-09,0.999999995210302,1.3143917024372368e-48,0.0
3D-014,5,4.738057947853176e-09,0.999999995261942,1.2741073595886485e-48,0.0
3D-014,6,0.9999912996130795,8.70038692023576e-06,4.6854810046438e-24,0.0
3D-014,7,0.9999913243654494,8.675634550399761e-06,4.703470449467413e-24,0.0
3D-015,0,6.259662044107412e-14,0.9999999999999378,1.2151635805883716e-62,0.0
3D-015,1,6.382708490624649e-14,0.999999999999936,1.2482483994431151e-62,0.0
3D-015,2,2.827673982418785e-15,0.9999999999999973,8.819761240850892e-60,0.0
3D-015,3,2.7021744279291083e-15,0.9999999999999973,8.148421802959381e-60,0.0
3D-015,4,1.279706377561738e-12,0.9999999999987201,1.3462545266005294e-58,0.0
3D-015,5,1.244594237298723e-12,0.9999999999987557,1.2642550686216635e-58,0.0
3D-015,6,1.109063313906846e-16,1.0,5.844472010764782e-62,0.0
3D-015,7,1.1239347987311099e-16,1.0,5.960235246669031e-62,0.0
3D-016,0,2.8721335987700376e-12,0.9999999999971281,8.631331634984713e-53,0.0
3D-016,1,1.0537038917798887e-18,1.0,4.126521879417557e-68,0.0
3D-016,2,2.8424955088094815e-12,0.9999999999971578,8.401318312020214e-53,0.0
3D-016,3,1.0488178913241933e-18,1.0,4.0376335087192705e-68,0.0
3D-016,4,2.7983594734599346e-12,0.9999999999972018,8.319358981715613e-53,0.0
3D-016,5,1.1184812986023707e-18,1.0,4.49669505567369e-68,0.0
3D-016,6,2.7972344255114152e-12,0.9999999999972027,8.1992933985854585e-53,0.0
3D-016,7,1.0559948623859448e-18,1.0,4.049451927442127e-68,0.0
3D-017,0,0.9999991596975959,8.403024046327864e-07,1.4294438275865665e-25,0.0
3D-017,1,6.888817536686495e-15,0.9999999999999933,1.897207625156756e-64,0.0
3D-017,2,0.9999971607944245,2.839205575859168e-06,1.5968683716021638e-23,0.0
3D-017,3,6.7448386724455875e-15,0.9999999999999933,1.8482697987640196e-64,0.0
3D-017,4,0.9999991630230628,8.369769373000192e-07,1.439236232512006e-25,0.0
3D-017,5,4.087029019631201e-16,1.0,1.4615936831376178e-63,0.0
3D-017,6,0.9999971634976766,2.8365023230318577e-06,1.62271486442801e-23,0.0
3D-017,7,4.2889975816565653e-16,1.0,1.5792545366844468e-63,0.0
3D-018,0,2.639146228599168e-13,0.9999999999997362,5.224057220586784e-64,0.0
3D-018,1,0.999998888740211,1.111259788846108e-06,4.259810309487027e-21,0.0
3D-018,2,0.9999988926541843,1.1073458160245825e-06,4.295082598409023e-21,0.0
3D-018,3,1.1481126785707162e-11,0.999999999988519,7.450119283681919e-60,0.0
3D-018,4,1.1579461661672615e-11,0.9999999999884208,7.567451253307126e-60,0.0
3D-018,5,2.6223446549705543e-13,0.999999999999738,5.16637361486499e-64,0.0
3D-018,6,1.147736568967529e-11,0.999999999988523,7.492412099918486e-60,0.0
3D-018,7,1.1465216207036843e-11,0.999999999988535,7.351167914826967e-60,0.0
3D-019,0,1.2653171512286129e-12,0.9999999999987352,3.861995292599753e-57,0.0
3D-019,1,6.951204112710348e-14,0.9999999999999307,2.5828541303150847e-63,0.0
3D-019,2,1.2315766205423448e-12,0.9999999999987681,3.7586191742142566e-57,0.0
3D-019,3,7.227464026408519e-14,0.9999999999999281,2.804276951726244e-63,0.0
3D-019,4,1.2137413238944677e-12,0.9999999999987867,3.6363185328095254e-57,0.0
3D-019,5,6.849707985603879e-14,0.9999999999999316,2.548145578979791e-63,0.0
3D-019,6,1.231450119044216e-12,0.999999999998769,3.71847938884421e-57,0.0
3D-019,7,6.842291505408861e-14,0.9999999999999316,2.499290169699249e-63,0.0
3D-020,0,3.0613151864325863e-18,1.0,6.759397954437009e-72,0.0
3D-020,1,0.9999985226227295,1.4773772708040902e-06,1.567033474196832e-21,0.0
3D-020,2,0.9999985163210605,1.4836789392201733e-06,1.5504231190776779e-21,0.0
3D-020,3,0.999999841870909,1.5812909073300114e-07,1.780906671253141e-22,0.0
3D-020,4,0.9999998426664555,1.5733354463668066e-07,1.808772782159231e-22,0.0
3D-020,5,3.015767419305069e-18,1.0,6.595490926623373e-72,0.0
3D-020,6,0.9999998426275027,1.5737249728219084e-07,1.8156743043705201e-22,0.0
3D-020,7,0.9999998411483608,1.5885163903836534e-07,1.7619474785024902e-22,0.0
3D-021,0,3.469742828059016e-20,1.0,2.9902529900201787e-75,0.0
3D-021,1,2.603172711443229e-07,0.9999997396827288,4.745531150254942e-47,0.0
3D-021,2,1.5044682309830434e-09,0.9999999984955319,1.618130061222239e-48,0.0
3D-021,3,2.463069865644183e-12,0.9999999999975371,3.32748169132533e-59,0.0
3D-021,4,3.4042170050197326e-20,1.0,2.918395824446093e-75,0.0
3D-021,5,2.3842942765313046e-12,0.9999999999976161,3.1285062173283357e-59,0.0
3D-021,6,1.5922833495111136e-09,0.9999999984077168,1.8060534563624637e-48,0.0
3D-021,7,2.693454612172797e-07,0.9999997306545388,5.048407598606626e-47,0.0
3D-022,0,0.9999162384164317,8.376158356808654e-05,2.8175386918557797e-23,0.0
3D-022,1,0.9999164961348186,8.350386518143438e-05,2.8307134392119177e-23,0.0
3D-022,2,0.999916340741043,8.36592589567991e-05,2.829652567827667e-23,0.0
3D-022,3,0.9999163506785999,8.364932140018005e-05,2.828595519616808e-23,0.0
3D-022,4,4.156967804932507e-12,0.9999999999958433,1.2812538284453922e-53,0.0
3D-022,5,4.216381759740207e-12,0.9999999999957838,1.3112559116699626e-53,0.0
3D-022,6,4.2359013910186205e-12,0.9999999999957643,1.306606984817591e-53,0.0
3D-022,7,4.167639914156574e-12,0.9999999999958327,1.2765174629957141e-53,0.0
3D-023,0,0.9999890296616033,1.0970338396993502e-05,1.5833953680798303e-21,0.0
3D-023,1,0.9999891464102986,1.0853589701329906e-05,1.6076463353913622e-21,0.0
3D-023,2,3.461614952445236e-10,0.9999999996538387,4.451330651818147e-57,0.0
3D-023,3,0.9999891395295467,1.0860470453400035e-05,1.5990671775129452e-21,0.0
3D-023,4,3.6551109180369417e-10,0.9999999996344888,4.979555494835448e-57,0.0
3D-023,5,0.9999890980942387,1.0901905761241654e-05,1.593862217005175e-21,0.0
3D-023,6,3.519224932016112e-10,0.9999999996480775,4.592933154178288e-57,0.0
3D-023,7,3.404060229650921e-10,0.9999999996595941,4.251796089912539e-57,0.0
3D-024,0,1.0338606096797313e-12,0.9999999999989662,2.4651703575114989e-60,0.0
3D-024,1,1.1972597256434233e-14,0.9999999999999885,2.1350616854492727e-59,0.0
3D-024,2,9.560095554767065e-13,0.9999999999990443,2.1316233709362767e-60,0.0
3D-024,3,1.2257474750497929e-14,0.9999999999999876,2.2475646578369586e-59,0.0
3D-024,4,1.2207406651828576e-14,0.9999999999999876,2.2162259416452944e-59,0.0
3D-024,5,1.022912193590602e-12,0.9999999999989768,2.4143226564106424e-60,0.0
3D-024,6,1.2534792703621332e-14,0.9999999999999876,2.314081708937481e-59,0.0
3D-024,7,1.0238786252576731e-12,0.9999999999989759,2.4087517849401973e-60,0.0
3D-025,0,8.470687159487072e-12,0.9999999999915294,6.238199960671221e-53,0.0
3D-025,1,7.917911751533076e-11,0.9999999999208207,3.3919105348030446e-56,0.0
3D-025,2,0.999991227892283,8.77210771679648e-06,7.399135379070916e-20,0.0
3D-025,3,2.5171768278436817e-14,0.9999999999999751,3.684316102638057e-64,0.0
3D-025,4,0.999991265993099,8.73400690109938e-06,7.471561758321256e-20,0.0
3D-025,5,2.5571375543066943e-14,0.9999999999999747,3.792795004754027e-64,0.0
3D-025,6,2.818965145857036e-16,1.0,3.268944342433389e-71,0.0
3D-025,7,8.569581577752559e-12,0.9999999999914304,6.355787452805392e-53,0.0
3D-026,0,5.118811890017293e-17,1.0,4.108946390909037e-64,0.0
3D-026,1,1.119088894220549e-15,0.9999999999999991,2.558002040527694e-58,0.0
3D-026,2,1.159502361044189e-15,0.9999999999999991,2.7213707615575455e-58,0.0
3D-026,3,5.2393217130701515e-17,1.0,4.3254648199926684e-64,0.0
3D-026,4,1.1566116478344447e-15,0.9999999999999991,2.7075875865015226e-58,0.0
3D-026,5,5.304161736656897e-17,1.0,4.3854838834307595e-64,0.0
3D-026,6,5.133788137481722e-17,1.0,4.146030243415699e-64,0.0
3D-026,7,1.1036935828000956e-15,0.9999999999999991,2.49643298731776e-58,0.0
3D-027,0,6.136104089053261e-14,0.9999999999999387,2.8587113859703917e-59,0.0
3D-027,1,0.9999829055929811,1.7094407019014473e-05,1.7326473629660134e-20,0.0
3D-027,2,2.8108320840104596e-15,0.9999999999999973,1.6500931614548423e-62,0.0
3D-027,3,2.7523525702859114e-15,0.9999999999999973,1.5976496587080538e-62,0.0
3D-027,4,0.9999830487498454,1.695125015464571e-05,1.7723714031132908e-20,0.0
3D-027,5,6.135553838170522e-14,0.9999999999999387,2.853694139500723e-59,0.0
3D-027,6,5.25945736122343e-13,0.9999999999994742,4.568709306983225e-57,0.0
3D-027,7,5.237710053526105e-13,0.999999999999476,4.544312268068571e-57,0.0
3D-028,0,8.353302172133583e-17,1.0,1.441581337286855e-63,0.0
3D-028,1,3.788420393856811e-16,0.9999999999999996,1.650777303018862e-58,0.0
3D-028,2,3.918718410593417e-16,0.9999999999999996,1.7374262094594784e-58,0.0
3D-028,3,8.251562869271815e-17,1.0,1.413961500290167e-63,0.0
3D-028,4,4.0781734902892694e-16,0.9999999999999996,1.8861022213343924e-58,0.0
3D-028,5,8.511247707005425e-17,1.0,1.4767763361857068e-63,0.0
3D-028,6,8.464498276053507e-17,1.0,1.4658966818901085e-63,0.0
3D-028,7,4.167201748007246e-16,0.9999999999999996,1.9487141266185625e-58,0.0
3D-029,0,0.999987446365057,1.2553634942994929e-05,1.3436507677572755e-21,0.0
3D-029,1,4.947924191804527e-06,0.999995052075808,2.6734383459160167e-46,0.0
3D-029,2,0.9999874493260894,1.2550673910598812e-05,1.3437436548958234e-21,0.0
3D-029,3,4.9416355562394165e-06,0.9999950583644438,2.6661938866895783e-46,0.0
3D-029,4,0.9999874464143583,1.2553585641616182e-05,1.3418752023652952e-21,0.0
3D-029,5,4.934359501435915e-06,0.9999950656404983,2.6581570315484905e-46,0.0
3D-029,6,0.9999874492360359,1.2550763963991652e-05,1.343788223485337e-21,0.0
3D-029,7,4.9473152948599145e-06,0.999995052684705,2.6721478742189918e-46,0.0
3D-030,0,2.9516820615889755e-09,0.999999997048318,3.373377571119693e-46,0.0
3D-030,1,0.999999454257314,5.457426856078913e-07,4.877998767747714e-24,0.0
3D-030,2,2.2322847092337094e-10,0.9999999997767715,3.089405141670934e-51,0.0
3D-030,3,2.2081597747836187e-10,0.9999999997791842,3.001194993964622e-51,0.0
3D-030,4,0.9999994569852237,5.430147757474885e-07,4.9511161273312535e-24,0.0
3D-030,5,2.1996372349085923e-10,0.9999999997800364,2.982583858087597e-51,0.0
3D-030,6,2.9164857726778782e-09,0.9999999970835143,3.3026819023631606e-46,0.0
3D-030,7,2.2203539942431672e-10,0.9999999997779647,3.045788635689364e-51,0.0
3D-031,0,8.411903479347601e-15,0.999999999999992,1.925555636884609e-59,0.0
3D-031,1,8.213530318358777e-15,0.999999999999992,1.8453357069611244e-59,0.0
3D-031,2,0.9999933021456087,6.697854391096925e-06,2.917659022301849e-21,0.0
3D-031,3,3.04699819021289e-14,0.9999999999999698,1.337958395853287e-55,0.0
3D-031,4,3.070649674047782e-14,0.9999999999999694,1.3914492016884627e-55,0.0
3D-031,5,0.9999933357917575,6.66420824215727e-06,2.9377312862938123e-21,0.0
3D-031,6,2.987479248191288e-14,0.9999999999999702,1.2927751758565129e-55,0.0
3D-031,7,3.02587831156951e-14,0.9999999999999698,1.346114115368445e-55,0.0
3D-032,0,5.172864896481486e-12,0.9999999999948272,1.7263132362901978e-59,0.0
3D-032,1,4.867094314918523e-12,0.9999999999951332,1.5303661773774599e-59,0.0
3D-032,2,4.8139216943739144e-12,0.9999999999951861,1.5063941427745675e-59,0.0
3D-032,3,0.9999980493337431,1.9506662570792786e-06,3.7265839468294105e-24,0.0
3D-032,4,5.055593794920384e-12,0.9999999999949445,1.6528416098370623e-59,0.0
3D-032,5,0.9999980478971111,1.952102889160215e-06,3.649485027297399e-24,0.0
3D-032,6,0.9999980423829532,1.9576170467226672e-06,3.701514545397102e-24,0.0
3D-032,7,0.9999980531019891,1.946898010822061e-06,3.669042499784041e-24,0.0
3D-033,0,1.4978659780884675e-15,0.9999999999999982,3.287111957413958e-62,0.0
3D-033,1,1.4508061708673962e-15,0.9999999999999982,3.1095595631798694e-62,0.0
3D-033,2,1.5371082523676512e-15,0.9999999999999982,3.422601863121535e-62,0.0
3D-033,3,1.4183855205352875e-15,0.9999999999999991,3.00403913142804e-62,0.0
3D-033,4,1.4955327511902209e-15,0.9999999999999982,3.2794197206953507e-62,0.0
3D-033,5,1.4549092147364928e-15,0.9999999999999982,3.1240892987669504e-62,0.0
3D-033,6,1.540056980358353e-15,0.9999999999999982,3.4364893099747577e-62,0.0
3D-033,7,1.4105651131347584e-15,0.9999999999999991,2.9727088258747893e-62,0.0
3D-034,0,0.9999991547648125,8.452351876043389e-07,1.188256315379792e-24,0.0
3D-034,1,0.9999991531014414,8.468985584964807e-07,1.1739184532123975e-24,0.0
3D-034,2,0.9999992004970001,7.995029999984962e-07,2.6807470435653475e-23,0.0
3D-034,3,0.9999991971462298,8.028537705938496e-07,2.656836651453387e-23,0.0
3D-034,4,0.9999992001678076,7.998321921186366e-07,2.6724396147740056e-23,0.0
3D-034,5,0.9999991952184036,8.047815962731408e-07,2.6445841283840384e-23,0.0
3D-034,6,0.9999991549647778,8.450352224866132e-07,1.1867606423335491e-24,0.0
3D-034,7,0.9999991529653965,8.470346031457683e-07,1.1725656438336209e-24,0.0
3D-035,0,1.0426609416889646e-06,0.9999989573390584,6.907106002685617e-46,0.0
3D-035,1,0.99990189525279,9.810474720989767e-05,2.2997193718109055e-22,0.0
3D-035,2,1.2309182562240805e-06,0.9999987690817438,1.6171745572988281e-43,0.0
3D-035,3,1.2048574035102146e-06,0.9999987951425966,1.5371046255554346e-43,0.0
3D-035,4,0.999901642761221,9.835723877901327e-05,2.2856252663583455e-22,0.0
3D-035,5,1.0099216434388943e-06,0.9999989900783565,6.464034264027569e-46,0.0
3D-035,6,0.9997761507062549,0.00022384929374477926,1.4248710818353917e-23,0.0
3D-035,7,0.9997757686699795,0.00022423133002025467,1.423048401296279e-23,0.0
3D-036,0,0.9999991544459426,8.4555405767125e-07,7.759526534578246e-25,0.0
3D-036,1,0.9999991452125861,8.547874140566196e-07,7.591662218388957e-25,0.0
3D-036,2,0.9999991456847289,8.543152711151835e-07,7.705493211918511e-25,0.0
3D-036,3,1.4785418366661427e-39,9.30936306428534e-41,1.0,5.018092794292268e-121
3D-036,4,0.9999991546744644,8.453255354941736e-07,7.790463905409945e-25,0.0
3D-036,5,0.9999991421625378,8.578374621329179e-07,7.559507577695847e-25,0.0
3D-036,6,0.999999148921894,8.510781060383752e-07,7.769926894870795e-25,0.0
3D-036,7,1.4785418366661427e-39,9.30936306428534e-41,1.0,5.018092794292268e-121
3D-037,0,0.9999916277481047,8.37225189541468e-06,2.175345188458216e-21,0.0
3D-037,1,8.724275707845455e-10,0.9999999991275725,1.9953538745245626e-50,0.0
3D-037,2,0.0009086607563342846,0.9990913392436657,3.4063449383369134e-39,0.0
3D-037,3,0.9999608242940595,3.917570594077341e-05,3.218097599593634e-24,0.0
3D-037,4,0.0007922934880104062,0.9992077065119894,2.4915041200685072e-39,0.0
3D-037,5,0.9999618084491116,3.819155088820318e-05,3.3167825036774354e-24,0.0
3D-037,6,0.9999914649620715,8.535037928711557e-06,2.0088975859367372e-21,0.0
3D-037,7,8.007369933786195e-10,0.9999999991992632,1.7367145013157931e-50,0.0
3D-038,0,0.9999991356470949,8.643529049703267e-07,7.211606937743299e-25,0.0
3D-038,1,0.9999991398790802,8.601209197799578e-07,7.291990313897832e-25,0.0
3D-038,2,0.9999991158304705,8.841695298927504e-07,7.064401893786494e-25,0.0
3D-038,3,2.607580070367193e-39,1.315195618463663e-40,1.0,5.35141679648863e-122
3D-038,4,0.9999991383123712,8.616876290737023e-07,7.481340111723264e-25,0.0
3D-038,5,0.9999991135518455,8.864481546725943e-07,7.051308652898366e-25,0.0
3D-038,6,0.9999991447661294,8.552338710909447e-07,7.5788839855114285e-25,0.0
3D-038,7,2.607580070367193e-39,1.315195618463663e-40,1.0,5.35141679648863e-122
3D-039,0,0.9999990981078398,9.018921597380656e-07,6.678626499915555e-25,0.0
3D-039,1,0.9999991248606009,8.751393992783273e-07,7.080066059065437e-25,0.0
3D-039,2,0.9999991255190639,8.744809360773336e-07,7.095068132599247e-25,0.0
3D-039,3,0.9999991105864646,8.894135351167467e-07,6.909103177872274e-25,0.0
3D-039,4,2.87784017603341e-39,1.3948555819882525e-40,1.0,3.6282730634966105e-122
3D-039,5,0.9999991002702397,8.997297598102059e-07,6.71145127259822e-25,0.0
3D-039,6,2.87784017603341e-39,1.3948555819882525e-40,1.0,3.6282730634966105e-122
3D-039,7,0.9999991133792059,8.866207941397858e-07,6.9580130703461e-25,0.0
3D-040,0,0.9999991384670518,8.615329483767843e-07,7.435932609064295e-25,0.0
3D-040,1,0.9999991266279172,8.73372082291876e-07,7.273373815773665e-25,0.0
3D-040,2,0.9999991282354567,8.717645433442307e-07,7.290772325191621e-25,0.0
3D-040,3,0.9999991294195919,8.70580407599561e-07,7.269952408519044e-25,0.0
3D-040,4,2.4227324975735453e-39,1.2603490769585794e-40,1.0,7.140502672748997e-122
3D-040,5,0.9999991326475688,8.673524313479539e-07,7.305354666115648e-25,0.0
3D-040,6,2.4227324975735453e-39,1.2603490769585794e-40,1.0,7.140502672748997e-122
3D-040,7,0.9999991250783483,8.74921651434989e-07,7.161126245209321e-25,0.0
3D-041,0,0.9999993300762654,6.69923734320483e-07,1.5344494899146772e-24,0.0
3D-041,1,0.9999993488007346,6.511992654132372e-07,1.6434199492172595e-24,0.0
3D-041,2,0.9999993454598642,6.545401360621356e-07,1.6347439664464338e-24,0.0
3D-041,3,7.442104404681737e-43,9.850281376613989e-43,1.0,2.224303255101922e-108
3D-041,4,0.9999993481879389,6.518120607177082e-07,1.6600268208914562e-24,0.0
3D-041,5,0.9999993477473459,6.522526537798075e-07,1.6489050871344273e-24,0.0
3D-041,6,0.9999993339463191,6.660536812042628e-07,1.5529038257482865e-24,0.0
3D-041,7,7.442104404680572e-43,9.850281376613009e-43,1.0,2.2243032551029336e-108
3D-042,0,0.999999326145146,6.738548543977929e-07,1.5246903496520692e-24,0.0
3D-042,1,0.9999993315129881,6.684870121848641e-07,1.5296198111483118e-24,0.0
3D-042,2,0.9999993275564623,6.724435377142069e-07,1.5229138656764761e-24,0.0
3D-042,3,6.965834013229132e-43,9.472357873434272e-43,1.0,2.8464347606881796e-108
3D-042,4,0.9999993546171901,6.453828097823568e-07,1.705590523662072e-24,0.0
3D-042,5,0.9999993512661333,6.487338662210049e-07,1.687201544232029e-24,0.0
3D-042,6,0.9999993335575095,6.664424903420876e-07,1.548063832622642e-24,0.0
3D-042,7,6.965834013228439e-43,9.472357873433868e-43,1.0,2.846434760688989e-108
3D-043,0,0.9999884427233684,1.155727663174036e-05,7.598598393819922e-23,0.0
3D-043,1,0.9999919664747067,8.033525293676672e-06,9.322889825352387e-27,0.0
3D-043,2,0.00043676506359224896,0.999563234936408,7.326452142541025e-39,0.0
3D-043,3,2.645559470838575e-07,0.999999735444053,6.925142864742101e-46,0.0
3D-043,4,0.0004431416024786823,0.9995568583975213,7.820785597440468e-39,0.0
3D-043,5,2.4700555066995673e-07,0.9999997529944492,5.972712660627518e-46,0.0
3D-043,6,0.9999885723413344,1.1427658665281433e-05,7.668490521811533e-23,0.0
3D-043,7,0.9999920183399462,7.981660053613739e-06,9.321853685495722e-27,0.0
3D-044,0,1.8339273013369747e-20,1.0,8.756957878108363e-72,0.0
3D-044,1,0.9999994918781802,5.081218203346108e-07,7.520914474982426e-22,0.0
3D-044,2,1.3665783912849459e-14,0.9999999999999867,3.589932913580891e-62,0.0
3D-044,3,2.8737385300988243e-24,1.0,3.07768351474458e-70,0.0
3D-044,4,1.272103499258889e-14,0.9999999999999876,3.114810405244454e-62,0.0
3D-044,5,0.9999994833013377,5.166986625677583e-07,7.413972306326521e-22,0.0
3D-044,6,1.906099788850774e-20,1.0,9.472087078112914e-72,0.0
3D-044,7,2.551443352658391e-10,0.9999999997448556,3.921199978587686e-53,0.0
3D-045,0,0.9999989879432617,1.0120567379305272e-06,4.932926804555467e-25,0.0
3D-045,1,0.9999989997114425,1.0002885577559463e-06,5.023992938918476e-25,0.0
3D-045,2,0.9999990147525906,9.85247408964706e-07,5.214837591031562e-25,0.0
3D-045,3,1.322245483960451e-38,3.495519009179953e-40,1.0,8.610087369904626e-125
3D-045,4,0.9999990084641426,9.915358576268155e-07,5.13593136558276e-25,0.0
3D-045,5,0.9999990054523672,9.945476326197505e-07,5.1007104735053325e-25,0.0
3D-045,6,0.9999989872685354,1.0127314647948024e-06,4.93337788540283e-25,0.0
3D-045,7,1.3222454839605074e-38,3.4955190091801517e-40,1.0,8.610087369903157e-125
3D-046,0,0.9999990149826454,9.850173542507499e-07,5.248569441569165e-25,0.0
3D-046,1,0.9999989954114749,1.0045885252102576e-06,5.0219588767898025e-25,0.0
3D-046,2,0.9999990053732518,9.94626747775743e-07,5.16598891483127e-25,0.0
3D-046,3,1.101986545011958e-38,3.125582907456886e-40,1.0,1.7815979496460532e-124
3D-046,4,0.9999990399574726,9.600425274078943e-07,5.520257346903323e-25,0.0
3D-046,5,0.9999990459839635,9.5401603649087e-07,5.597889054312115e-25,0.0
3D-046,6,0.9999989988505151,1.0011494851627388e-06,5.031564125897766e-25,0.0
3D-046,7,1.1019865450121616e-38,3.125582907457197e-40,1.0,1.7815979496445342e-124
3D-047,0,0.9999991252648754,8.747351243126538e-07,7.27753376721651e-25,0.0
3D-047,1,0.9999991341899994,8.658100010425184e-07,7.188812914227609e-25,0.0
3D-047,2,0.9999991268580032,8.731419966169726e-07,7.071913746728755e-25,0.0
3D-047,3,1.0754882633157222e-39,7.608362630843072e-41,1.0,1.7670303860017967e-120
3D-047,4,0.999999154007808,8.45992191508693e-07,7.76157315246133e-25,0.0
3D-047,5,0.9999991311474092,8.688525903000085e-07,7.449295129045236e-25,0.0
3D-047,6,0.9999991525788119,8.474211882320509e-07,7.815524282313864e-25,0.0
3D-047,7,1.0754882633155235e-39,7.608362630842098e-41,1.0,1.7670303860033032e-120
3D-048,0,0.9999991484206163,8.515793835942964e-07,7.720883925182283e-25,0.0
3D-048,1,0.9999991290792245,8.709207756052356e-07,7.3518787501517e-25,0.0
3D-048,2,0.9999991502736125,8.497263871319257e-07,7.717754141522501e-25,0.0
3D-048,3,1.1071436290778353e-39,7.761378393449254e-41,1.0,1.5736610401787983e-120
3D-048,4,0.9999991371908133,8.628091869130109e-07,7.313499577826296e-25,0.0
3D-048,5,0.9999991333059163,8.666940841619393e-07,7.247654115942539e-25,0.0
3D-048,6,0.9999991311029328,8.688970673917412e-07,7.421510249788151e-25,0.0
3D-048,7,1.1071436290777409e-39,7.761378393448812e-41,1.0,1.5736610401793348e-120
3D-049,0,2.6996667628714716e-14,0.9999999999999729,2.5982634892082452e-55,0.0
3D-049,1,5.1861773325347226e-11,0.9999999999481384,2.726066386621423e-49,0.0
3D-049,2,2.863049885359817e-14,0.9999999999999716,2.9324684347479237e-55,0.0
3D-049,3,2.8734401047351967e-14,0.9999999999999716,2.9591618796505288e-55,0.0
3D-049,4,1.3414592624081142e-13,0.9999999999998659,1.2830831960370312e-56,0.0
3D-049,5,5.1335748976367e-11,0.9999999999486642,2.6674522636181376e-49,0.0
3D-049,6,1.277366877273117e-13,0.9999999999998725,1.156001235900301e-56,0.0
3D-049,7,2.6431904450084844e-14,0.9999999999999738,2.4643349665369213e-55,0.0
3D-050,0,4.599103128912924e-13,0.9999999999995404,8.812397244480924e-54,0.0
3D-050,1,9.261670287108223e-13,0.9999999999990741,1.992276829845702e-52,0.0
3D-050,2,3.9415718869964095e-07,0.9999996058428113,1.4300280581879973e-41,0.0
3D-050,3,4.837401143674068e-13,0.9999999999995164,9.188134699252066e-54,0.0
3D-050,4,0.9973722952775576,0.0026277047224423596,3.880871926814164e-24,0.0
3D-050,5,8.652187987622979e-13,0.9999999999991349,1.7968923444704534e-52,0.0
3D-050,6,0.9974141532198475,0.0025858467801525803,3.937033442330378e-24,0.0
3D-050,7,3.824497182839372e-07,0.9999996175502818,1.3422839194517052e-41,0.0
3D-051,0,0.9999998247566035,1.752433960652057e-07,4.974821625655122e-19,0.0
3D-051,1,1.3337940953916811e-17,1.0,8.776505752206985e-72,0.0
3D-051,2,0.9999998273759363,1.7262406360448299e-07,5.360264333040025e-19,0.0
3D-051,3,7.541611414856167e-15,0.9999999999999929,1.9521577196285464e-59,0.0
3D-051,4,1.632704812225001e-10,0.9999999998367297,2.5354430182793205e-56,0.0
3D-051,5,1.7486983719992993e-10,0.9999999998251301,2.9722805025342863e-56,0.0
3D-051,6,1.2863170074039909e-17,1.0,8.2199212664058e-72,0.0
3D-051,7,1.3781557225974449e-08,0.9999999862184429,5.997169458931942e-54,0.0
3D-052,0,4.1189840826766755e-16,0.9999999999999996,3.095884630236639e-61,0.0
3D-052,1,4.0822946931554407e-16,0.9999999999999996,3.0226498560368793e-61,0.0
3D-052,2,4.085924760861822e-16,0.9999999999999996,3.0482895817487707e-61,0.0
3D-052,3,3.9334253708526475e-16,0.9999999999999996,2.8408254365925326e-61,0.0
3D-052,4,4.2357820185006904e-16,0.9999999999999996,3.2224177169122565e-61,0.0
3D-052,5,3.981442621459899e-16,0.9999999999999996,2.896700598594497e-61,0.0
3D-052,6,4.246573370354085e-16,0.9999999999999996,3.256609327546186e-61,0.0
3D-052,7,4.0118681287897415e-16,0.9999999999999996,2.944787505467704e-61,0.0
3D-053,0,5.1822382631864975e-11,0.9999999999481779,6.390401064190658e-50,0.0
3D-053,1,5.120322767467661e-11,0.999999999948797,6.295449062895898e-50,0.0
3D-053,2,0.9999930126563186,6.987343681322466e-06,7.490983510075681e-23,0.0
3D-053,3,0.9999930182264463,6.981773553480084e-06,7.408975529108447e-23,0.0
3D-053,4,0.9999776067345573,2.2393265442285184e-05,4.0700453191822086e-26,0.0
3D-053,5,0.9999775726355566,2.2427364443160556e-05,4.0314623115341083e-26,0.0
3D-053,6,6.496054390878536e-12,0.9999999999935039,9.478298871136416e-53,0.0
3D-053,7,6.63034122594696e-12,0.9999999999933697,9.919867266434495e-53,0.0
3D-054,0,0.9999878775157132,1.2122484286798035e-05,7.721446848671502e-24,0.0
3D-054,1,0.9999877274985636,1.2272501435942766e-05,7.785921433281058e-24,0.0
3D-054,2,0.0003892888215738109,0.9996107111784264,2.1894898471063736e-41,0.0
3D-054,3,0.00041059125021363077,0.9995894087497866,2.411051394515938e-41,0.0
3D-054,4,0.0004059305953687393,0.9995940694046314,2.398410389321542e-41,0.0
3D-054,5,0.0003865265061504148,0.9996134734938497,2.172118243064857e-41,0.0
3D-054,6,0.999987921907203,1.2078092797040395e-05,7.675536538256012e-24,0.0
3D-054,7,0.9999877837429759,1.2216257023744232e-05,7.76340803007518e-24,0.0
3D-055,0,0.9998475637052313,0.0001524362947686985,6.961469878568426e-24,0.0
3D-055,1,0.9997325769062215,0.00026742309377843725,6.363836758179661e-21,0.0
3D-055,2,0.998284349998772,0.0017156500012277898,7.246189990524586e-25,0.0
3D-055,3,1.1468507566913402e-11,0.9999999999885314,1.7545014281310116e-51,0.0
3D-055,4,0.9999322362461074,6.776375389276883e-05,1.3009496094998442e-22,0.0
3D-055,5,3.145548148838374e-08,0.9999999685445187,1.6297348913147444e-46,0.0
3D-055,6,4.347444210274139e-11,0.9999999999565259,3.1221835992583032e-52,0.0
3D-055,7,3.475972036028075e-08,0.9999999652402797,4.058017867559273e-45,0.0
3D-056,0,0.9999999256443087,7.435569120460048e-08,1.000933414846139e-22,0.0
3D-056,1,0.99999987087156,1.2912843970619121e-07,1.0795507039228554e-22,0.0
3D-056,2,0.9999999254447555,7.455524442808797e-08,9.932515215304873e-23,0.0
3D-056,3,0.9999998709943444,1.2900565559423152e-07,1.0805857449489162e-22,0.0
3D-056,4,0.9999998708861714,1.291138283963121e-07,1.0883244409295715e-22,0.0
3D-056,5,0.9999991733286622,8.266713377423996e-07,2.630980147338973e-22,0.0
3D-056,6,0.9999998704711266,1.295288735678609e-07,1.0829867014627328e-22,0.0
3D-056,7,0.9999991741378498,8.258621505046367e-07,2.6488543719001483e-22,0.0
3D-057,0,0.999985039986529,1.496001347092186e-05,2.2104784931500576e-20,0.0
3D-057,1,0.9999850045227087,1.499547729119927e-05,2.230982662882441e-20,0.0
3D-057,2,8.397108905497386e-12,0.9999999999916032,6.832042549732246e-55,0.0
3D-057,3,8.373942006048228e-12,0.9999999999916263,6.77460145597207e-55,0.0
3D-057,4,0.9999849839364852,1.5016063514900364e-05,2.19584232558826e-20,0.0
3D-057,5,0.9999851804269332,1.4819573066990939e-05,2.235689003336637e-20,0.0
3D-057,6,8.529466582959008e-12,0.9999999999914708,6.976013763685878e-55,0.0
3D-057,7,8.335215321287714e-12,0.9999999999916653,6.701904587196837e-55,0.0
3D-058,0,8.38691971043154e-12,0.9999999999916134,1.6403727277177379e-53,0.0
3D-058,1,6.756588147928875e-15,0.9999999999999933,2.4530560318026103e-57,0.0
3D-058,2,7.938764296178751e-14,0.9999999999999205,1.908823751033926e-55,0.0
3D-058,3,0.9999944399872485,5.560012751771777e-06,3.834637512364085e-19,0.0
3D-058,4,7.946900943732256e-14,0.9999999999999205,1.907695096424473e-55,0.0
3D-058,5,0.9999945088251805,5.491174819702792e-06,3.941586510392135e-19,0.0
3D-058,6,8.338979289384847e-12,0.9999999999916613,1.6383913475714722e-53,0.0
3D-058,7,6.491272161671639e-15,0.9999999999999938,2.2992867881757845e-57,0.0
3D-059,0,3.3055215005083213e-15,0.9999999999999964,1.3531985592348369e-61,0.0
3D-059,1,8.946949445089066e-12,0.9999999999910534,5.316862653329367e-52,0.0
3D-059,2,7.490155172033063e-11,0.9999999999250986,6.834418560282811e-51,0.0
3D-059,3,4.251572652551485e-08,0.9999999574842735,4.7730013993564545e-44,0.0
3D-059,4,7.057496445079209e-11,0.9999999999294253,6.201641390510492e-51,0.0
3D-059,5,4.2670205403791366e-08,0.9999999573297946,4.746676903989064e-44,0.0
3D-059,6,3.228691681728956e-15,0.9999999999999964,1.279100214316489e-61,0.0
3D-059,7,8.81689693193069e-12,0.999999999991183,5.1668899618272706e-52,0.0
3D-060,0,0.9999979646369869,2.035363013216459e-06,2.0482836952664643e-23,0.0
3D-060,1,1.2172616439165788e-10,0.9999999998782738,7.696078653573934e-58,0.0
3D-060,2,1.982311225254917e-14,0.9999999999999805,2.8026334587829783e-65,0.0
3D-060,3,6.357296517054084e-12,0.9999999999936424,6.139714884068937e-55,0.0
3D-060,4,1.8600586183678676e-14,0.9999999999999813,2.4697436842598595e-65,0.0
3D-060,5,2.682123164203673e-11,0.9999999999731788,1.3172395702814196e-57,0.0
3D-060,6,1.2241355781056604e-10,0.9999999998775864,7.673854993472335e-58,0.0
3D-060,7,0.9999979906070653,2.0093929348154066e-06,2.1541131908729937e-23,0.0
3D-061,0,0.9999848491461649,1.5150853835045904e-05,7.732579716010681e-23,0.0
3D-061,1,4.3549467524484733e-10,0.9999999995645057,6.31647599222715e-54,0.0
3D-061,2,0.9999089074238526,9.109257614726361e-05,8.698686172277694e-22,0.0
3D-061,3,0.9999845154110212,1.548458897835156e-05,7.574338922254389e-23,0.0
3D-061,4,6.561567636707798e-11,0.9999999999343845,4.291615065583252e-52,0.0
3D-061,5,0.9999085030422988,9.149695770102233e-05,8.674067952167375e-22,0.0
3D-061,6,4.722709492952173e-10,0.9999999995277289,7.414655172587756e-54,0.0
3D-061,7,6.873954791171365e-11,0.9999999999312608,4.6654597406773956e-52,0.0
3D-062,0,1.5306127766168343e-19,1.0,1.8533465344415495e-69,0.0
3D-062,1,0.9999876949249125,1.2305075087403079e-05,5.0663731551962034e-21,0.0
3D-062,2,0.9999988439452888,1.1560547107626819e-06,3.0034743661122647e-22,0.0
3D-062,3,5.284513997804991e-20,1.0,3.594328561501792e-73,0.0
3D-062,4,4.993994497330693e-20,1.0,3.2294314591212847e-73,0.0
3D-062,5,0.0063253617883849145,0.9936746382116151,1.1418826984638996e-44,0.0
3D-062,6,4.25837271468354e-08,0.9999999574162728,3.4089943652566154e-50,0.0
3D-062,7,4.203932844045241e-08,0.9999999579606715,3.266828672413881e-50,0.0
3D-063,0,0.9999951982081227,4.8017918774904266e-06,2.940082009220482e-20,0.0
3D-063,1,1.5072863164477714e-14,0.9999999999999849,5.620133253838319e-60,0.0
3D-063,2,0.9999951927860019,4.807213997824679e-06,2.914823595329032e-20,0.0
3D-063,3,1.506677720507983e-14,0.9999999999999849,5.655236314189456e-60,0.0
3D-063,4,8.056032509098191e-09,0.9999999919439677,1.9930450084918958e-47,0.0
3D-063,5,1.7570281834459082e-08,0.999999982429718,7.670148615528586e-47,0.0
3D-063,6,8.086076303664306e-09,0.9999999919139237,1.9660179070235953e-47,0.0
3D-063,7,1.741069792173847e-08,0.9999999825893019,7.47940612880079e-47,0.0
3D-064,0,4.918804639240051e-15,0.9999999999999951,1.2351496680691147e-55,0.0
3D-064,1,4.797064282930553e-15,0.9999999999999951,1.1977183541973294e-55,0.0
3D-064,2,4.662268093073178e-18,1.0,6.894749379779421e-66,0.0
3D-064,3,4.774898381669537e-18,1.0,7.388058361607921e-66,0.0
3D-064,4,3.7177409818766723e-20,1.0,3.212976021832334e-70,0.0
3D-064,5,3.532761004374235e-20,1.0,3.000420492778908e-70,0.0
3D-064,6,8.745715107666349e-11,0.9999999999125428,4.18259972304525e-50,0.0
3D-064,7,8.829170273526386e-11,0.9999999999117084,4.156211860203886e-50,0.0
3D-065,0,0.999843134901519,0.00015686509848113837,1.2243900534843777e-22,0.0
3D-065,1,0.9995983266447065,0.000401673355293402,6.982206317303816e-26,0.0
3D-065,2,0.9995935008588358,0.0004064991411639272,6.949990321853037e-26,0.0
3D-065,3,0.9998439413508187,0.00015605864918126188,1.2482649598113526e-22,0.0
3D-065,4,2.4755063746769994e-14,0.9999999999999751,1.5649965602671132e-58,0.0
3D-065,5,6.3180690433030955e-12,0.9999999999936819,6.970691781381115e-52,0.0
3D-065,6,6.22505677163449e-12,0.9999999999937752,6.6673915864155224e-52,0.0
3D-065,7,2.3496716408705726e-14,0.9999999999999769,1.4403687920928906e-58,0.0
3D-066,0,0.9985973217281333,0.001402678271866657,4.652737307479002e-24,0.0
3D-066,1,0.9985966590157049,0.001403340984295018,4.655934820041592e-24,0.0
3D-066,2,2.6256068148648254e-09,0.9999999973743932,1.7717891522792803e-45,0.0
3D-066,3,2.6095799069903263e-09,0.9999999973904201,1.7523278726465677e-45,0.0
3D-066,4,2.542204718926003e-09,0.9999999974577953,1.6657224559293697e-45,0.0
3D-066,5,2.534073205582225e-09,0.9999999974659268,1.6583269814605836e-45,0.0
3D-066,6,0.9985894587013773,0.0014105412986228853,4.5459254997390134e-24,0.0
3D-066,7,0.9985958025178272,0.0014041974821728282,4.5653309157681944e-24,0.0
3D-067,0,0.9999991461276392,8.538723609699292e-07,1.1775930735283028e-23,0.0
3D-067,1,0.9999991378086137,8.621913858672813e-07,1.1774770149840603e-23,0.0
3D-067,2,0.9999980730264205,1.926973579689433e-06,3.326875614306752e-24,0.0
3D-067,3,0.9999980803447701,1.919655230198053e-06,3.303459454740787e-24,0.0
3D-067,4,0.9999991374310299,8.625689701391406e-07,1.1893080292557749e-23,0.0
3D-067,5,0.9999991368044134,8.631955863030728e-07,1.1935401398471523e-23,0.0
3D-067,6,0.9999980737653098,1.926234690720106e-06,3.31900982542729e-24,0.0
3D-067,7,0.9999980808267321,1.9191732676185775e-06,3.306741154477591e-24,0.0
3D-068,0,0.9999412761390495,5.872386095051374e-05,6.9069482099372e-24,0.0
3D-068,1,1.0347905646407657e-13,0.999999999999897,1.3520355669538766e-58,0.0
3D-068,2,0.9999409721791062,5.902782089356152e-05,6.896005152899307e-24,0.0
3D-068,3,0.9999995304549022,4.695450978516142e-07,4.841550670910428e-23,0.0
3D-068,4,1.059315838174429e-13,0.9999999999998943,1.409599677707716e-58,0.0
3D-068,5,3.7195243537781865e-17,1.0,8.352000636668597e-64,0.0
3D-068,6,3.8929490820028834e-17,1.0,9.057147281561555e-64,0.0
3D-068,7,0.9999995312758779,4.6872412224167814e-07,4.7860217166225026e-23,0.0
3D-069,0,3.42547482306268e-18,1.0,8.856673976918798e-69,0.0
3D-069,1,3.3602177423173964e-18,1.0,8.517976875268567e-69,0.0
3D-069,2,3.2293310152606214e-18,1.0,7.898614907785725e-69,0.0
3D-069,3,3.3833807928970263e-18,1.0,8.599602136364044e-69,0.0
3D-069,4,3.179680538765652e-18,1.0,7.691410586759437e-69,0.0
3D-069,5,3.29648681599233e-18,1.0,8.222854883579265e-69,0.0
3D-069,6,3.534940863156628e-18,1.0,9.399694398526311e-69,0.0
3D-069,7,3.474537823010661e-18,1.0,9.079829396434689e-69,0.0
3D-070,0,2.541104924367941e-16,1.0,1.163842636822092e-67,0.0
3D-070,1,5.362128373533958e-16,1.0,2.283589450647057e-64,0.0
3D-070,2,2.5034023628993505e-16,1.0,1.1359315948475568e-67,0.0
3D-070,3,5.315873913650946e-16,1.0,2.2482805548282947e-64,0.0
3D-070,4,5.411334063938991e-16,1.0,2.345510177597442e-64,0.0
3D-070,5,2.359448732136787e-17,1.0,1.3581838495618614e-63,0.0
3D-070,6,5.50562534507008e-16,1.0,2.403283283281389e-64,0.0
3D-070,7,2.4573670411190437e-17,1.0,1.4401353610903806e-63,0.0
3D-071,0,7.642398427087201e-14,0.9999999999999236,4.4533213025685e-63,0.0
3D-071,1,8.234397020888717e-14,0.9999999999999178,5.153980853944368e-63,0.0
3D-071,2,0.9999998827738004,1.172261997060044e-07,7.886457417419637e-21,0.0
3D-071,3,0.9999998826141396,1.173858606967946e-07,7.730994944371288e-21,0.0
3D-071,4,0.999999881077362,1.1892263758066003e-07,7.431472770900645e-21,0.0
3D-071,5,0.9999998824602272,1.1753977283063909e-07,7.686595175740422e-21,0.0
3D-071,6,7.621568678263202e-14,0.9999999999999241,4.5060462843549926e-63,0.0
3D-071,7,7.841744563249798e-14,0.9999999999999218,4.8085130329572557e-63,0.0
3D-072,0,0.9999994958728663,5.041271334658226e-07,3.861544195881058e-24,0.0
3D-072,1,0.9999998869994509,1.1300054926364374e-07,2.897241050206569e-20,0.0
3D-072,2,0.9999994958144695,5.041855305316839e-07,3.868585137709372e-24,0.0
3D-072,3,0.9999973820481707,2.617951829255622e-06,1.1802924817168968e-21,0.0
3D-072,4,0.9999998863311046,1.1366889553277553e-07,2.8800037843296595e-20,0.0
3D-072,5,7.997446656498405e-17,1.0,1.894567374164596e-68,0.0
3D-072,6,8.542631124049812e-17,1.0,2.1201227513350722e-68,0.0
3D-072,7,0.9999973333868004,2.666613199886628e-06,1.1033688005735655e-21,0.0
3D-073,0,1.4294006374043276e-13,0.999999999999857,8.201315644846401e-57,0.0
3D-073,1,1.4084386886820102e-13,0.9999999999998597,7.76159206434371e-57,0.0
3D-073,2,0.9999992245508555,7.754491440956904e-07,4.174574413690985e-20,0.0
3D-073,3,0.999999226306219,7.736937805358825e-07,4.245024544306112e-20,0.0
3D-073,4,2.139963271985382e-15,0.9999999999999982,1.9772926833204257e-61,0.0
3D-073,5,2.3184090702984698e-15,0.9999999999999982,2.3347698047165954e-61,0.0
3D-073,6,0.9999971388934565,2.861106543691383e-06,3.491024137521562e-22,0.0
3D-073,7,0.9999972000372906,2.7999627091951674e-06,3.661231696665002e-22,0.0
3D-074,0,7.149270344289303e-11,0.9999999999285074,1.0152732773358866e-49,0.0
3D-074,1,7.014361188144727e-11,0.9999999999298566,9.947007961251035e-50,0.0
3D-074,2,5.6323022971951184e-14,0.9999999999999436,1.2057405543825225e-55,0.0
3D-074,3,5.64860204791812e-14,0.9999999999999436,1.213144626274539e-55,0.0
3D-074,4,5.382616751189467e-14,0.9999999999999463,1.136275195792095e-55,0.0
3D-074,5,5.388723624001516e-14,0.9999999999999463,1.1316725858572662e-55,0.0
3D-074,6,6.463743937004873e-11,0.9999999999353628,8.566116639064786e-50,0.0
3D-074,7,6.642805110761963e-11,0.9999999999335722,8.873703331255354e-50,0.0
3D-075,0,1.2591001223328259e-08,0.999999987408999,5.439559815323511e-55,0.0
3D-075,1,5.1257860499978015e-08,0.9999999487421394,2.4555135089407184e-49,0.0
3D-075,2,1.382214160490949e-08,0.9999999861778585,6.705502853595363e-55,0.0
3D-075,3,4.646696803292473e-08,0.9999999535330317,2.044456545495675e-49,0.0
3D-075,4,0.9998251608596948,0.00017483914030529414,3.2815963662533204e-24,0.0
3D-075,5,0.9999940683206899,5.931679310354493e-06,1.5321000571809726e-21,0.0
3D-075,6,0.9998262792176122,0.00017372078238787593,3.2661484606234536e-24,0.0
3D-075,7,0.9999940331387833,5.966861216709986e-06,1.5293743831548186e-21,0.0
3D-076,0,0.9999997192086968,2.8079130314588256e-07,2.676759343089226e-16,0.0
3D-076,1,0.9984081063184268,0.001591893681573232,2.8424594223712757e-24,0.0
3D-076,2,1.87633771931955e-12,0.9999999999981242,1.4673361938647782e-55,0.0
3D-076,3,0.9984125636291492,0.0015874363708507423,2.8396518130215383e-24,0.0
3D-076,4,1.959799052037322e-12,0.9999999999980407,1.5621836564368787e-55,0.0
3D-076,5,0.9999997214722863,2.7852771322714926e-07,2.777335478150282e-16,0.0
3D-076,6,0.9999726572610855,2.734273891435081e-05,1.5229378921298123e-23,0.0
3D-076,7,0.9999725313801534,2.7468619846974975e-05,1.5192299766630916e-23,0.0
3D-077,0,1.567797749481176e-22,1.0,2.9551224649318033e-75,0.0
3D-077,1,0.9999999962299144,3.767410355667622e-09,2.675249828472308e-12,0.0
3D-077,2,0.9999999962156556,3.781652238852028e-09,2.6921591618840934e-12,0.0
3D-077,3,1.4722187933289124e-19,1.0,8.100258823085938e-68,0.0
3D-077,4,5.754132021542753e-20,1.0,2.0433381418843761e-72,0.0
3D-077,5,5.654975099314386e-20,1.0,2.017055514141522e-72,0.0
3D-077,6,1.5282465891568368e-22,1.0,2.7208285486827773e-75,0.0
3D-077,7,7.018306976960581e-11,0.999999999929817,5.125269163424181e-55,0.0
3D-078,0,0.9999999451441164,5.4855883196057837e-08,1.9762702445094748e-20,0.0
3D-078,1,2.2698096038830814e-19,1.0,3.2140017432012335e-70,0.0
3D-078,2,0.9999999495451218,5.0454877750378376e-08,1.42435965899677e-20,0.0
3D-078,3,0.9999913681676994,8.631832300819913e-06,2.213998492682556e-25,0.0
3D-078,4,1.0231259983056092e-18,1.0,3.2843778647563596e-70,0.0
3D-078,5,0.9999999212240662,7.877593397639836e-08,2.437272116287685e-19,0.0
3D-078,6,0.99999929934263,7.006573704739604e-07,7.2427646104400785e-22,0.0
3D-078,7,0.9999999531441592,4.685584101446994e-08,1.2048313723330765e-22,0.0
3D-079,0,0.9999787167852991,2.128321470065034e-05,9.098300732236793e-28,0.0
3D-079,1,0.9999784583709816,2.1541629018032308e-05,8.867309651807669e-28,0.0
3D-079,2,0.9999798931843233,2.0106815677153086e-05,1.039415596913617e-27,0.0
3D-079,3,0.9999790996015294,2.0900398470335178e-05,9.604649888107705e-28,0.0
3D-079,4,0.9999787653612622,2.1234638737602496e-05,9.112963081330085e-28,0.0
3D-079,5,0.9999783728336931,2.1627166306758964e-05,8.793581882164164e-28,0.0
3D-079,6,0.999979708747855,2.0291252145171105e-05,1.0075800372623867e-27,0.0
3D-079,7,0.9999790466354535,2.0953364546508304e-05,9.447652591055208e-28,0.0
3D-080,0,2.219258704326958e-12,0.9999999999977809,1.901821133710256e-52,0.0
3D-080,1,0.9996166975668332,0.00038330243316687213,1.2028070004924905e-24,0.0
3D-080,2,2.7559868595470373e-09,0.9999999972440134,6.49048455942073e-49,0.0
3D-080,3,1.4718372426670139e-08,0.9999999852816274,1.4065478040449206e-49,0.0
3D-080,4,0.9999875370261281,1.2462973871844503e-05,4.0414710878815795e-19,0.0
3D-080,5,1.2481473199325424e-11,0.9999999999875184,5.30725810640917e-51,0.0
3D-080,6,0.9999973175789375,2.6824210621634667e-06,2.370982647283319e-21,0.0
3D-080,7,0.9999648645021801,3.5135497819534234e-05,2.1881482926858993e-24,0.0
3D-081,0,2.99678936008664e-29,1.0,1.6419973603278093e-81,0.0
3D-081,1,3.1602162794301714e-16,1.0,6.550765152857483e-65,0.0
3D-081,2,0.9891488580556842,0.010851141944315846,2.010073772272779e-28,0.0
3D-081,3,0.7577771686948471,0.2422228313051528,6.925643262918781e-30,0.0
3D-081,4,0.9889985981632252,0.011001401836774718,1.9626228802074653e-28,0.0
3D-081,5,0.7582425014603665,0.2417574985396335,6.896219764595522e-30,0.0
3D-081,6,3.161985650438893e-29,1.0,1.7886414439189916e-81,0.0
3D-081,7,3.143453077505971e-16,1.0,6.4600537455365275e-65,0.0
3D-082,0,0.9999989740557198,1.0259442806399907e-06,1.4199145594882746e-22,0.0
3D-082,1,0.9999990940371966,9.059628032977185e-07,1.7838443740950314e-23,0.0
3D-082,2,0.9999989721572315,1.0278427687942681e-06,1.4116449767917107e-22,0.0
3D-082,3,0.9999990920214402,9.079785601904548e-07,1.7724997875377323e-23,0.0
3D-082,4,0.9999989750499813,1.0249500190276315e-06,1.4205168228521977e-22,0.0
3D-082,5,0.9999990950543598,9.049456403715268e-07,1.7865470466791647e-23,0.0
3D-082,6,0.9999989702425109,1.0297574892648949e-06,1.4081147752055145e-22,0.0
3D-082,7,0.9999990911970391,9.088029610209908e-07,1.7719913296833816e-23,0.0
3D-083,0,0.9999989372373229,1.062762677017488e-06,1.1171368860145654e-19,0.0
3D-083,1,8.401385705848754e-11,0.9999999999159863,2.605397028423217e-53,0.0
3D-083,2,0.9970751731075082,0.0029248268924918813,1.9602187206150425e-29,0.0
3D-083,3,0.9996048356309154,0.00039516436908423435,3.084584359565701e-27,0.0
3D-083,4,4.572477212383845e-11,0.9999999999542752,1.1079706256897797e-52,0.0
3D-083,5,9.350653247342833e-09,0.9999999906493469,6.6180267786990965e-47,0.0
3D-083,6,1.1312751199493305e-14,0.9999999999999889,4.729190027873304e-65,0.0
3D-083,7,0.9999668969815445,3.3103018455406363e-05,1.3337652997301406e-24,0.0
3D-084,0,3.7293715712505826e-15,0.9999999999999964,5.673177373092728e-62,0.0
3D-084,1,1.1054929607037298e-13,0.9999999999998899,7.450812893085737e-60,0.0
3D-084,2,0.9999990872779865,9.127220132458841e-07,1.6199505665313408e-20,0.0
3D-084,3,0.9999990917713019,9.082286985341493e-07,1.6436579697240328e-20,0.0
3D-084,4,7.428239445053819e-10,0.999999999257176,5.046061384101272e-50,0.0
3D-084,5,3.6122551682552276e-15,0.9999999999999964,5.406914431460091e-62,0.0
3D-084,6,1.126059062795296e-13,0.9999999999998872,7.690667596897825e-60,0.0
3D-084,7,7.638369854733198e-10,0.999999999236163,5.449105730395554e-50,0.0
3D-085,0,0.9999995498874972,4.501125026408083e-07,1.2185030671690031e-18,0.0
3D-085,1,2.119567759125154e-11,0.9999999999788045,2.3232164608180927e-57,0.0
3D-085,2,1.7602648255963005e-12,0.9999999999982396,8.925668268619734e-63,0.0
3D-085,3,0.9999958465431394,4.153456860655923e-06,7.974211662025987e-22,0.0
3D-085,4,1.7243769567846447e-12,0.9999999999982756,8.201945568799431e-63,0.0
3D-085,5,0.9999958139566983,4.1860433020357244e-06,8.240002613388613e-22,0.0
3D-085,6,0.9999995517405963,4.4825940333404303e-07,1.1964213965196985e-18,0.0
3D-085,7,2.1898876307087284e-11,0.9999999999781011,2.3379952277332214e-57,0.0
3D-086,0,1.3722881659487999e-15,0.9999999999999991,9.32083560587346e-63,0.0
3D-086,1,4.5653632008108615e-14,0.9999999999999547,7.045992868012417e-63,0.0
3D-086,2,0.9999999438232183,5.617678173062216e-08,2.03749016964861e-18,0.0
3D-086,3,0.9999999575066898,4.249331033991519e-08,3.429917912595298e-20,0.0
3D-086,4,1.230637396319905e-13,0.999999999999877,5.217689290373613e-65,0.0
3D-086,5,1.8002021643690285e-10,0.9999999998199796,4.721014339442586e-55,0.0
3D-086,6,0.9999998450145209,1.549854789200374e-07,1.2053334709960589e-20,0.0
3D-086,7,0.9999995540238542,4.459761460488914e-07,3.538162999519324e-20,0.0
3D-087,0,0.9999890251938621,1.0974806138044078e-05,3.1558567336657215e-21,0.0
3D-087,1,1.952373430736078e-14,0.9999999999999805,2.4066147080639665e-64,0.0
3D-087,2,0.9999852582037858,1.4741796214191306e-05,1.6251100721274939e-21,0.0
3D-087,3,0.9999854894935085,1.4510506491512766e-05,1.7370287214951612e-21,0.0
3D-087,4,2.0458566734785385e-14,0.9999999999999796,2.6832629936442717e-64,0.0
3D-087,5,3.03764408574848e-12,0.9999999999969624,2.0216916665318862e-55,0.0
3D-087,6,0.9999997554858379,2.445141617325915e-07,2.4886331261656652e-20,0.0
3D-087,7,3.3104725792238197e-12,0.9999999999966898,2.434634877413366e-55,0.0
3D-088,0,0.9999999248873018,7.511269849314717e-08,2.9525533941169272e-21,0.0
3D-088,1,0.9999999169390924,8.306090797264969e-08,3.49183915627172e-20,0.0
3D-088,2,0.9999999179756116,8.202438873577504e-08,3.5774264957441324e-20,0.0
3D-088,3,0.9999995235224375,4.764775624578991e-07,1.2860673396630366e-21,0.0
3D-088,4,3.0736534492528544e-15,0.9999999999999969,1.485005075459334e-66,0.0
3D-088,5,0.9999999257450868,7.425491289483406e-08,3.0489892271181927e-21,0.0
3D-088,6,0.9999995159565999,4.840433998637583e-07,1.220723669759303e-21,0.0
3D-088,7,3.195839101465472e-15,0.9999999999999969,1.6087616414478978e-66,0.0
3D-089,0,0.9999995945368716,4.054631287977944e-07,7.623640617423687e-24,0.0
3D-089,1,0.9999984740395148,1.5259604854530803e-06,1.1358627243320467e-23,0.0
3D-089,2,0.9999988684557104,1.131544290060761e-06,7.754670599807918e-21,0.0
3D-089,3,0.9999996622172633,3.377827364641803e-07,4.470753256408091e-21,0.0
3D-089,4,0.9999993646376872,6.353623128349829e-07,1.682152099543627e-26,0.0
3D-089,5,0.9999890174681394,1.0982531860319664e-05,3.768218956744071e-26,0.0
3D-089,6,0.9999970512352307,2.9487647693669533e-06,9.430559753959679e-25,0.0
3D-089,7,0.9999949939457967,5.006054203365911e-06,1.5548581404940583e-26,0.0
3D-090,0,0.9999991823065958,8.176934044246464e-07,7.248163844428542e-24,0.0
3D-090,1,0.9999995452475486,4.547524512611222e-07,1.6820163984900503e-21,0.0
3D-090,2,0.9999988010510343,1.1989489653238162e-06,9.037810665169386e-25,0.0
3D-090,3,0.9999991885492673,8.114507328643264e-07,7.018126156445454e-24,0.0
3D-090,4,0.9999987958943033,1.2041056965645874e-06,9.094313949998426e-25,0.0
3D-090,5,0.9999991928311267,8.071688732556297e-07,7.171209952937536e-24,0.0
3D-090,6,0.9999995438724182,4.561275822579773e-07,1.6566298300374019e-21,0.0
3D-090,7,0.9999991823523494,8.176476510014733e-07,7.27321175487703e-24,0.0
3D-091,0,2.6148721991710743e-21,1.0,9.032467462431959e-69,0.0
3D-091,1,1.3813194673873991e-09,0.9999999986186805,5.858381155915271e-49,0.0
3D-091,2,2.5873962404773495e-21,1.0,8.876756400457681e-69,0.0
3D-091,3,1.3937940298125842e-09,0.999999998606206,5.977988868284058e-49,0.0
3D-091,4,5.055452282982951e-21,1.0,2.485113851896412e-67,0.0
3D-091,5,2.597434752025429e-19,1.0,1.8036565145050038e-66,0.0
3D-091,6,4.967290643073341e-21,1.0,2.4026347910423693e-67,0.0
3D-091,7,2.5069519078821043e-19,1.0,1.6938461037511517e-66,0.0
3D-092,0,9.079923973697066e-18,1.0,6.341948972784647e-71,0.0
3D-092,1,3.2121830075303203e-13,0.9999999999996785,3.907793823512468e-58,0.0
3D-092,2,0.9999996883993308,3.1160066890867095e-07,1.5800166612687462e-18,0.0
3D-092,3,1.468490764862783e-11,0.9999999999853149,1.1995887277661466e-56,0.0
3D-092,4,8.948453102365768e-18,1.0,6.235264715618804e-71,0.0
3D-092,5,1.499369402831893e-11,0.9999999999850067,1.2769799886302823e-56,0.0
3D-092,6,0.9999996876964808,3.1230351893285116e-07,1.5615168613156826e-18,0.0
3D-092,7,2.9127350139124355e-13,0.9999999999997087,3.339210208794296e-58,0.0
3D-093,0,0.9998487748565935,0.00015122514340692523,2.653227806378015e-27,0.0
3D-093,1,1.7915013608917214e-10,0.99999999982085,5.784496901211409e-53,0.0
3D-093,2,0.9999082448518594,9.175514814048796e-05,3.921982587726166e-23,0.0
3D-093,3,0.9999997266551297,2.7334487064120767e-07,2.3773656735851614e-22,0.0
3D-093,4,0.9999809043157658,1.909568423390776e-05,3.950187848921809e-24,0.0
3D-093,5,5.842644027217279e-10,0.9999999994157358,9.288883961318599e-54,0.0
3D-093,6,0.9999704301495568,2.9569850443321286e-05,1.9509143881661338e-24,0.0
3D-093,7,0.999999870541559,1.2945844095399013e-07,1.9246221791889837e-21,0.0
3D-094,0,2.358465521614666e-13,0.9999999999997646,8.597136125490069e-57,0.0
3D-094,1,2.2331096452673138e-13,0.9999999999997771,7.721046306196951e-57,0.0
3D-094,2,2.4088803226804226e-13,0.9999999999997593,8.924893015285258e-57,0.0
3D-094,3,2.2376188047357126e-13,0.9999999999997762,7.752675143349232e-57,0.0
3D-094,4,0.998942177667359,0.0010578223326410208,2.2392711601401243e-25,0.0
3D-094,5,0.9989357424196883,0.0010642575803117438,2.2196061385198035e-25,0.0
3D-094,6,0.998937791465498,0.0010622085345019254,2.2468914022152273e-25,0.0
3D-094,7,0.9989326280528799,0.0010673719471203332,2.232262807298267e-25,0.0
3D-095,0,3.8255419070280195e-08,0.9999999617445811,4.1894487826715674e-48,0.0
3D-095,1,4.27006992792165e-24,1.0,4.432845761049783e-82,0.0
3D-095,2,0.9999967214838019,3.278516197829256e-06,1.176967885419254e-20,0.0
3D-095,3,4.0512590848032276e-08,0.9999999594874093,4.6530793118215125e-48,0.0
3D-095,4,1.7777124791892373e-10,0.9999999998222284,1.232407482424556e-53,0.0
3D-095,5,2.338779231212602e-14,0.9999999999999769,6.874831190020999e-66,0.0
3D-095,6,0.9999967643380242,3.2356619756889703e-06,1.2158713799920991e-20,0.0
3D-095,7,1.849676173869504e-10,0.9999999998150324,1.338623303977105e-53,0.0
3D-096,0,0.9999998278879417,1.7211205856762338e-07,5.100920998136546e-22,0.0
3D-096,1,0.9999983213372515,1.6786627484717252e-06,1.2332941485624848e-19,0.0
3D-096,2,0.9999999051670089,9.483299144713449e-08,1.0990977091797036e-22,0.0
3D-096,3,2.394620569197141e-12,0.9999999999976055,2.896803734307152e-55,0.0
3D-096,4,7.882947185570266e-31,8.520634577339775e-34,1.0,2.1146134179416459e-159
3D-096,5,4.225399752552034e-10,0.9999999995774598,1.4693241681644106e-53,0.0
3D-096,6,0.9999998756963737,1.2430362639370916e-07,1.9010651613270444e-18,0.0
3D-096,7,2.463184236368076e-12,0.9999999999975371,3.008355776444516e-55,0.0
3D-097,0,0.9999968926974323,3.1073025674214234e-06,1.442613250884163e-24,0.0
3D-097,1,0.9999749001455517,2.50998544486875e-05,9.893273918693479e-26,0.0
3D-097,2,1.487518753033255e-06,0.999998512481247,9.730829785268113e-47,0.0
3D-097,3,2.278229808311196e-05,0.9999772177019169,6.418967363290784e-47,0.0
3D-097,4,6.512885666040389e-09,0.9999999934871142,1.9732139097711403e-51,0.0
3D-097,5,8.007128734238105e-18,1.0,3.0963723604040626e-65,0.0
3D-097,6,0.9999985555957012,1.4444042984839495e-06,3.0660657670845445e-24,0.0
3D-097,7,0.9999980311156682,1.9688843317112014e-06,8.36940344647747e-24,0.0
3D-098,0,1.851099087211637e-16,1.0,5.165707579668835e-64,0.0
3D-098,1,4.9584834562370614e-11,0.9999999999504152,1.63821428790132e-51,0.0
3D-098,2,1.1493604295342432e-11,0.9999999999885061,6.030655654074568e-54,0.0
3D-098,3,2.2250233241096026e-11,0.9999999999777498,1.0720638429566086e-51,0.0
3D-098,4,1.4925155474050462e-15,0.9999999999999987,5.079172486602793e-59,0.0
3D-098,5,1.2395465200628219e-14,0.9999999999999876,2.4270616271123347e-58,0.0
3D-098,6,2.788512614320261e-10,0.9999999997211493,3.882196404491078e-52,0.0
3D-098,7,3.616486111635986e-18,1.0,3.2456381683279957e-65,0.0
3D-099,0,0.9999994975773011,5.024226986716884e-07,1.4727168317282713e-22,0.0
3D-099,1,0.9999995007639149,4.992360853565308e-07,1.503272286009693e-22,0.0
3D-099,2,1.2938399385014798e-15,0.9999999999999991,8.365786375245603e-62,0.0
3D-099,3,1.341609354946706e-15,0.9999999999999991,8.863293627973924e-62,0.0
3D-099,4,0.9999994960932446,5.039067557356857e-07,1.454244384560408e-22,0.0
3D-099,5,0.9999995035865312,4.964134688756518e-07,1.5266733967045824e-22,0.0
3D-099,6,1.2456146774842099e-15,0.9999999999999991,7.496906603506548e-62,0.0
3D-099,7,1.336589884955846e-15,0.9999999999999991,8.531835962138171e-62,0.0
3D-100,0,2.6358534839080933e-20,1.0,1.0995364759868505e-68,0.0
3D-100,1,1.636698215621914e-08,0.9999999836330178,1.3950553539236701e-43,0.0
3D-100,2,1.3708960837755405e-24,1.0,3.1187921255151925e-69,0.0
3D-100,3,6.671858896797052e-23,1.0,4.7737553324164806e-67,0.0
3D-100,4,1.3384401140223953e-24,1.0,3.0950793554402834e-69,0.0
3D-100,5,2.6567494776749997e-20,1.0,1.1160864526087119e-68,0.0
3D-100,6,6.861358009238461e-23,1.0,4.917671716503341e-67,0.0
3D-100,7,1.6638223464986963e-08,0.9999999833617765,1.4298362055455036e-43,0.0
3D-101,0,0.9999959639422847,4.0360577150162e-06,3.8505571350851e-23,0.0
3D-101,1,0.9999996266299926,3.733700077073433e-07,9.541132857494192e-25,0.0
3D-101,2,0.9999997038281169,2.961718835264786e-07,9.489037038621066e-25,0.0
3D-101,3,0.9999928787792397,7.121220760214629e-06,5.986981560546989e-25,0.0
3D-101,4,4.795248627760128e-19,1.0,3.0034353187912035e-71,0.0
3D-101,5,0.9999993358980828,6.641019169601966e-07,8.372482163536652e-23,0.0
3D-101,6,3.273582494408721e-20,1.0,8.165443086460094e-71,0.0
3D-101,7,0.999586293304388,0.0004137066956118997,8.697192730772562e-22,0.0
3D-102,0,0.438502808388687,0.5614971916113133,1.2809988604116595e-27,0.0
3D-102,1,0.9993822375134412,0.0006177624865588285,1.3833413571545162e-22,0.0
3D-102,2,0.4404485275705691,0.5595514724294308,1.31213474309415e-27,0.0
3D-102,3,0.999391008721086,0.0006089912789140277,1.391193908260787e-22,0.0
3D-102,4,0.9994082140067512,0.000591785993248852,1.4554734838419437e-22,0.0
3D-102,5,0.9985831808671578,0.0014168191328421864,2.1983633236933206e-26,0.0
3D-102,6,0.9993989624421677,0.0006010375578321987,1.4128277517429013e-22,0.0
3D-102,7,0.9985620969277711,0.0014379030722286466,2.2002701464334264e-26,0.0
3D-103,0,0.9999999904742309,9.525768889597705e-09,9.056116066360813e-18,0.0
3D-103,1,1.126819231948275e-07,0.9999998873180768,2.6361499548449546e-51,0.0
3D-103,2,1.2572188853747275e-07,0.9999998742781114,3.324820173227363e-51,0.0
3D-103,3,0.9999997418623683,2.581376315550132e-07,5.034515761433135e-24,0.0
3D-103,4,1.2256832159260653e-07,0.9999998774316783,3.1620310442667364e-51,0.0
3D-103,5,0.9999997417765214,2.582234784780515e-07,5.0099279115359e-24,0.0
3D-103,6,0.9999999904085306,9.591469291270533e-09,8.92427019497303e-18,0.0
3D-103,7,1.1564083736635443e-07,0.9999998843591626,2.7862914623072546e-51,0.0
3D-104,0,0.9999966643831831,3.335616817130619e-06,6.895733547382272e-21,0.0
3D-104,1,0.9999966388461655,3.3611538348258628e-06,6.7654579039360646e-21,0.0
3D-104,2,0.9999989620683452,1.0379316547565094e-06,5.483865636368233e-24,0.0
3D-104,3,3.3407300083538237e-13,0.999999999999666,1.408005894193449e-56,0.0
3D-104,4,3.205600660915572e-13,0.9999999999996794,1.356940076444544e-56,0.0
3D-104,5,0.9999989659537966,1.0340462031601013e-06,5.511253179878539e-24,0.0
3D-104,6,3.5289480045231453e-13,0.9999999999996474,1.5427115402402855e-56,0.0
3D-104,7,3.1165573553089344e-13,0.9999999999996882,1.286619164720896e-56,0.0
3D-105,0,2.4900219849875292e-12,0.99999999999751,1.0474851212643905e-65,0.0
3D-105,1,5.075536143612029e-14,0.9999999999999494,5.329467804091378e-63,0.0
3D-105,2,5.158704327193329e-14,0.9999999999999485,5.409796975985445e-63,0.0
3D-105,3,1.3295445676288224e-16,1.0,4.125764539881675e-65,0.0
3D-105,4,0.9999995199537108,4.800462890536898e-07,1.8979296273480746e-21,0.0
3D-105,5,0.9999995163480403,4.836519592327205e-07,1.833740312633883e-21,0.0
3D-105,6,0.9999994661405505,5.338594494601185e-07,1.3416529539550236e-18,0.0
3D-105,7,0.9999994641370288,5.358629711468406e-07,1.3130485550524914e-18,0.0
3D-106,0,6.523227128606556e-07,0.999999347677287,6.77246213102022e-41,0.0
3D-106,1,0.021920159933205945,0.9780798400667942,3.4312218898843593e-34,0.0
3D-106,2,6.380141925510706e-07,0.9999993619858074,6.452365633684254e-41,0.0
3D-106,3,0.9997673236548676,0.00023267634513237818,1.1531379525279806e-22,0.0
3D-106,4,6.203752070927796e-17,1.0,6.625448429790924e-63,0.0
3D-106,5,3.833617785792053e-17,1.0,4.886441755550828e-62,0.0
3D-106,6,6.103651365329463e-17,1.0,6.446436487796005e-63,0.0
3D-106,7,0.9997719566488849,0.00022804335111493835,1.1966675874567828e-22,0.0
3D-107,0,0.9990392666562133,0.0009607333437866148,7.012566363680007e-34,0.0
3D-107,1,0.9990507982388732,0.0009492017611269574,7.191270275461206e-34,0.0
3D-107,2,0.9999819296773316,1.807032266872672e-05,1.5933906825258361e-27,0.0
3D-107,3,0.9999820554619442,1.794453805598567e-05,1.602934024547693e-27,0.0
3D-107,4,0.9999995289586899,4.7104130991535854e-07,3.2888664595549583e-24,0.0
3D-107,5,0.9999943314109079,5.668589092516051e-06,5.051210641387062e-25,0.0
3D-107,6,0.9999992670002951,7.329997047056918e-07,6.939506198162107e-25,0.0
3D-107,7,0.9999992723745521,7.276254480954138e-07,7.224711632017691e-25,0.0
3D-108,0,4.593256025656665e-15,0.9999999999999956,8.632835875321786e-69,0.0
3D-108,1,1.0833153173890604e-15,0.9999999999999991,2.2837764470984185e-66,0.0
3D-108,2,3.134633854830962e-16,1.0,3.568064114093207e-62,0.0
3D-108,3,1.0434538261847243e-15,0.9999999999999991,2.1360753900350933e-66,0.0
3D-108,4,1.0459215410591658e-15,0.9999999999999991,2.1611384667839538e-66,0.0
3D-108,5,1.0850263938588013e-15,0.9999999999999991,2.3000727711112586e-66,0.0
3D-108,6,4.394228405006027e-15,0.9999999999999956,7.913477809492911e-69,0.0
3D-108,7,3.293022152398409e-16,1.0,3.803724827429058e-62,0.0
3D-109,0,1.9484462058508657e-11,0.999999999980516,3.4732526190420983e-54,0.0
3D-109,1,0.9999853713596049,1.4628640394896638e-05,1.7126305688771399e-22,0.0
3D-109,2,0.9999861711869545,1.3828813045415592e-05,1.9738753213004604e-22,0.0
3D-109,3,1.8810505193167422e-11,0.9999999999811893,3.255969719903185e-54,0.0
3D-109,4,1.913013895396477e-11,0.9999999999808704,3.345320448802215e-54,0.0
3D-109,5,0.9999853707494636,1.4629250536459216e-05,1.7129677945033411e-22,0.0
3D-109,6,0.9999861717523983,1.382824760148772e-05,1.9736188771428464e-22,0.0
3D-109,7,1.9153974505227985e-11,0.9999999999808464,3.378306064154802e-54,0.0
3D-110,0,0.9999990523617055,9.47638294429897e-07,8.464007363198779e-20,0.0
3D-110,1,0.9999990616345291,9.383654705175164e-07,8.86600226259333e-20,0.0
3D-110,2,0.9999990522014837,9.477985162014645e-07,8.506448107078738e-20,0.0
3D-110,3,0.9999990553480073,9.446519923304478e-07,8.679481900106169e-20,0.0
3D-110,4,0.9999915762840109,8.423715988892522e-06,1.0225488243461273e-21,0.0
3D-110,5,1.0482307622822536e-20,1.0,2.2656348572859416e-75,0.0
3D-110,6,0.9999915574169334,8.442583066411647e-06,1.0150235837969865e-21,0.0
3D-110,7,1.0985879456057202e-20,1.0,2.458556242386804e-75,0.0
3D-111,0,0.999998730875183,1.2691248169494059e-06,1.8411624288753835e-24,0.0
3D-111,1,0.9999987415839926,1.258416007150702e-06,1.8771455438366687e-24,0.0
3D-111,2,0.9999981521185763,1.8478814233314562e-06,2.09086884162748e-21,0.0
3D-111,3,0.9999991951762862,8.048237134280268e-07,9.74323770347568e-25,0.0
3D-111,4,0.99999925898676,7.410132396018027e-07,9.360900349249809e-25,0.0
3D-111,5,0.9999981394592881,1.8605407116440502e-06,2.052292897042615e-21,0.0
3D-111,6,0.9999992568211561,7.431788441746333e-07,9.333730147538012e-25,0.0
3D-111,7,0.9999991952208221,8.047791778714805e-07,9.767917135734055e-25,0.0
3D-112,0,2.289924262982993e-13,0.9999999999997713,1.6564393149109846e-55,0.0
3D-112,1,5.147643988319442e-19,1.0,2.4496782813537213e-68,0.0
3D-112,2,0.0011694994178450629,0.9988305005821548,3.9534697356388784e-38,0.0
3D-112,3,4.714305289728006e-19,1.0,3.713055830942685e-67,0.0
3D-112,4,0.001157358175694836,0.998842641824305,3.879195483145682e-38,0.0
3D-112,5,4.71682302209518e-19,1.0,3.716907092943461e-67,0.0
3D-112,6,2.327947289216428e-13,0.9999999999997673,1.702935476514403e-55,0.0
3D-112,7,5.153168291621707e-19,1.0,2.4600502195605607e-68,0.0
3D-113,0,0.9999805903009338,1.9409699066050307e-05,2.1456815135342723e-27,0.0
3D-113,1,0.9999988441816603,1.155818339955788e-06,2.0918273577949052e-21,0.0
3D-113,2,0.9999988517179184,1.1482820815241228e-06,2.1607277088862295e-21,0.0
3D-113,3,0.9999810148012793,1.898519872060436e-05,2.2293199940891758e-27,0.0
3D-113,4,0.9999996441430892,3.5585691111474245e-07,9.380727925059017e-24,0.0
3D-113,5,0.9999412205998336,5.8779400166105324e-05,5.582368677928693e-30,0.0
3D-113,6,0.9999391502988533,6.0849701146795645e-05,5.219292986224271e-30,0.0
3D-113,7,0.9999996376692984,3.6233070143822196e-07,8.983157658121218e-24,0.0
3D-114,0,0.9999724765740762,2.7523425923800007e-05,6.283416645429637e-30,0.0
3D-114,1,0.9999746723025879,2.532769741197835e-05,6.779720542653798e-31,0.0
3D-114,2,0.999972630252935,2.736974706535003e-05,6.33989027557798e-30,0.0
3D-114,3,0.9999745541289942,2.5445871005660854e-05,6.719776567744793e-31,0.0
3D-114,4,0.9999975943763333,2.4056236668828815e-06,2.5090696442291855e-25,0.0
3D-114,5,0.9999994115313395,5.884686602019638e-07,2.0277464916604843e-26,0.0
3D-114,6,0.9999994128616888,5.871383111786506e-07,2.0495877718799216e-26,0.0
3D-114,7,0.9999976016178114,2.3983821885429472e-06,2.538526223453781e-25,0.0
3D-115,0,6.074215210170293e-13,0.9999999999993925,1.678296766175268e-54,0.0
3D-115,1,4.752428829729134e-16,1.0,1.827822610144908e-63,0.0
3D-115,2,5.28603775603709e-09,0.9999999947139622,3.381853554871523e-50,0.0
3D-115,3,9.911342593716154e-11,0.9999999999008868,6.891522676107081e-50,0.0
3D-115,4,0.9999997949174709,2.050825292679907e-07,1.8473273888338426e-23,0.0
3D-115,5,0.9999718421654585,2.8157834541347904e-05,6.447365398545863e-21,0.0
3D-115,6,0.9999836170906884,1.6382909311248643e-05,1.3230313230022106e-22,0.0
3D-115,7,0.9999998002743609,1.9972563947241954e-07,7.92064699162131e-22,0.0
3D-116,0,3.2121003946777314e-22,1.0,5.9013331464398305e-74,0.0
3D-116,1,1.197990082660541e-13,0.9999999999998801,6.848775421427383e-56,0.0
3D-116,2,9.941934823089991e-18,1.0,2.76063436139237e-65,0.0
3D-116,3,5.585909042885937e-10,0.999999999441409,1.4430727266182637e-49,0.0
3D-116,4,4.5570172159856444e-20,1.0,4.100660313863118e-67,0.0
3D-116,5,1.9279093531828185e-23,1.0,1.0284823488086332e-80,0.0
3D-116,6,3.313427949268156e-15,0.9999999999999964,1.0282863828807328e-61,0.0
3D-116,7,3.5197093855043086e-19,1.0,2.4711757405194238e-67,0.0
3D-117,0,1.0186548697611192e-05,0.9999898134513024,1.769397020073673e-46,0.0
3D-117,1,1.3679275883862529e-14,0.9999999999999867,1.2445281328332306e-60,0.0
3D-117,2,8.587410963456737e-13,0.9999999999991411,8.940297131426538e-59,0.0
3D-117,3,2.2377552552970136e-25,1.0,3.74513231784096e-79,0.0
3D-117,4,6.174835198566379e-18,1.0,7.821160096425058e-69,0.0
3D-117,5,2.5677499509358574e-18,1.0,8.667981756287042e-70,0.0
3D-117,6,6.890319230794848e-07,0.9999993109680771,7.017449337657705e-49,0.0
3D-117,7,8.628433625971879e-12,0.9999999999913713,3.520147796028065e-58,0.0
3D-118,0,0.9999920289028951,7.9710971051575e-06,5.326389718149676e-21,0.0
3D-118,1,3.239950938091686e-19,1.0,2.460896316168085e-69,0.0
3D-118,2,4.3971173840605014e-17,1.0,4.031511039667174e-63,0.0
3D-118,3,6.99057256923054e-18,1.0,2.662132062867545e-69,0.0
3D-118,4,4.437955437060839e-17,1.0,4.081193910907532e-63,0.0
3D-118,5,3.2949107955085723e-19,1.0,2.5428019218474523e-69,0.0
3D-118,6,0.9999921063247156,7.893675284354793e-06,5.4215857337676854e-21,0.0
3D-118,7,7.104067647281903e-18,1.0,2.7205493820509295e-69,0.0
3D-119,0,9.889609998866506e-25,1.0,1.1495444133513071e-81,0.0
3D-119,1,0.0003735090317785597,0.9996264909682216,1.7216848209433045e-41,0.0
3D-119,2,1.8734734317506372e-13,0.9999999999998126,9.429400333837302e-63,0.0
3D-119,3,7.848283396483361e-14,0.9999999999999218,4.43603662417714e-60,0.0
3D-119,4,6.777170526998023e-17,1.0,7.485913556554573e-69,0.0
3D-119,5,9.943127125202036e-11,0.9999999999005684,6.879962305283038e-53,0.0
3D-119,6,2.8661828298636385e-19,1.0,3.2276085495576955e-63,0.0
3D-119,7,0.0011532380915989036,0.998846761908401,9.588972680207935e-39,0.0
3D-120,0,3.6795413684733346e-14,0.9999999999999631,1.2692019334890847e-57,0.0
3D-120,1,3.641453351252008e-14,0.9999999999999636,1.2413369793982179e-57,0.0
3D-120,2,2.460220749667831e-28,1.0,4.027335811587402e-81,0.0
3D-120,3,3.835888667506359e-11,0.9999999999616414,7.699426180142237e-50,0.0
3D-120,4,2.448306547027437e-28,1.0,4.0690880602553544e-81,0.0
3D-120,5,1.0124352559534616e-10,0.9999999998987565,1.5204090646657923e-53,0.0
3D-120,6,3.991750930009648e-11,0.9999999999600826,8.329621147858203e-50,0.0
3D-120,7,1.0167775920101835e-10,0.9999999998983222,1.5129917956732874e-53,0.0
3D-121,0,4.951555705606803e-19,1.0,1.025258483873561e-65,0.0
3D-121,1,3.972378090337636e-24,1.0,3.2074941237968726e-78,0.0
3D-121,2,1.8478718481473265e-07,0.9999998152128151,6.265161864625945e-46,0.0
3D-121,3,4.2656140749688345e-12,0.9999999999957345,1.5404907601450696e-51,0.0
3D-121,4,1.5744854977921722e-08,0.9999999842551449,1.6844046224339028e-47,0.0
3D-121,5,1.2494145136184318e-24,1.0,1.4088408699362504e-78,0.0
3D-121,6,6.191030558468611e-19,1.0,9.900414830099492e-67,0.0
3D-121,7,2.765644995033408e-17,1.0,4.995322831017672e-61,0.0
3D-122,0,1.081733705507612e-12,0.9999999999989182,6.568921961115212e-59,0.0
3D-122,1,6.912557268660011e-15,0.9999999999999929,3.032670664630182e-60,0.0
3D-122,2,0.9999904746784576,9.525321542425226e-06,2.3504284697553772e-20,0.0
3D-122,3,0.9999993669668493,6.330331504492258e-07,3.549590085026136e-23,0.0
3D-122,4,0.9999914208393927,8.579160607385805e-06,2.116094977971279e-20,0.0
3D-122,5,1.0622164046938203e-12,0.9999999999989377,7.1563805541420184e-59,0.0
3D-122,6,3.8814041911338475e-15,0.9999999999999964,9.622995477962635e-61,0.0
3D-122,7,0.9999995448942244,4.551057752753557e-07,7.029352227381306e-23,0.0
3D-123,0,4.2825400031194135e-15,0.9999999999999956,1.0435918026117669e-60,0.0
3D-123,1,2.9344582755019595e-13,0.9999999999997069,3.040063602597668e-58,0.0
3D-123,2,5.881604163930945e-29,4.717382292185624e-32,1.0,3.916109406720859e-168
3D-123,3,1.5486900006438157e-14,0.9999999999999849,2.3527837883904302e-61,0.0
3D-123,4,1.1770930546508886e-08,0.9999999882290697,1.41632645373533e-51,0.0
3D-123,5,0.9999986996045558,1.300395444106719e-06,2.863697756850822e-19,0.0
3D-123,6,0.9999986646437228,1.33535627726882e-06,9.641421456299214e-23,0.0
3D-123,7,5.4079448866267396e-09,0.9999999945920552,2.9841685038227104e-51,0.0
3D-124,0,0.9999974506321709,2.5493678294844323e-06,1.123798984466698e-22,0.0
3D-124,1,4.198019821491636e-16,1.0,1.7147995466522037e-64,0.0
3D-124,2,0.9999996263469614,3.7365303842672146e-07,1.2125621075056031e-21,0.0
3D-124,3,7.459438204752375e-14,0.9999999999999254,2.2340564363793282e-63,0.0
3D-124,4,1.0342047989401462e-09,0.9999999989657953,3.8567363475290206e-55,0.0
3D-124,5,2.256935116803179e-20,1.0,1.7980553119809971e-71,0.0
3D-124,6,3.865467023516971e-15,0.9999999999999964,9.952635227992069e-67,0.0
3D-124,7,3.292754679514651e-11,0.9999999999670726,1.7409671238613028e-56,0.0
3D-125,0,0.9999994135204583,5.864795413005789e-07,1.855274042855265e-23,0.0
3D-125,1,0.9999810219256016,1.8978074398683266e-05,6.422070077443976e-28,0.0
3D-125,2,0.9999980649877455,1.935012254773911e-06,1.0144011092510108e-23,0.0
3D-125,3,0.9999980624784917,1.9375215083715783e-06,1.0033939730481798e-23,0.0
3D-125,4,0.9999810001334263,1.8999866573744456e-05,6.347521871496928e-28,0.0
3D-125,5,0.9999981072195049,1.892780495519441e-06,1.0638673166894084e-23,0.0
3D-125,6,0.9999994167767103,5.832232896740265e-07,1.8952999996213886e-23,0.0
3D-125,7,0.9999981033177133,1.8966822864172938e-06,1.0864324358920657e-23,0.0
3D-126,0,1.6598654624120712e-23,1.0,1.0081691301863581e-74,0.0
3D-126,1,3.8662088598138735e-14,0.9999999999999614,2.981647394689222e-56,0.0
3D-126,2,1.0029975319545404e-24,1.0,5.24258517008886e-75,0.0
3D-126,3,2.6445114235605406e-13,0.9999999999997358,2.9726796128380563e-55,0.0
3D-126,4,1.2101513903946356e-13,0.9999999999998792,3.7751608478632046e-54,0.0
3D-126,5,5.666889543076043e-16,0.9999999999999996,4.901569657088282e-61,0.0
3D-126,6,6.50786598220813e-14,0.9999999999999352,2.6069278620409164e-57,0.0
3D-126,7,1.2328457374108862e-14,0.9999999999999876,1.4933997114032347e-55,0.0
3D-127,0,0.9999983597949798,1.6402050204255322e-06,5.273082108506386e-24,0.0
3D-127,1,0.9999921973107521,7.802689247631904e-06,2.6040275141648573e-27,0.0
3D-127,2,0.9999905257867746,9.47421322544797e-06,6.987860501573862e-25,0.0
3D-127,3,0.9999905315663855,9.468433614341248e-06,7.065301890005217e-25,0.0
3D-127,4,0.9999921849837081,7.815016291858847e-06,2.590049701785988e-27,0.0
3D-127,5,0.9999991910144169,8.089855831077204e-07,8.046028657138667e-25,0.0
3D-127,6,0.9999992031052414,7.968947584441668e-07,3.0894055657879314e-24,0.0
3D-127,7,0.9999991901642826,8.098357176675921e-07,8.144429851318552e-25,0.0
3D-128,0,6.837436700544744e-13,0.9999999999993161,7.063214172218971e-56,0.0
3D-128,1,0.9999860555209577,1.3944479042457018e-05,5.4131229076543296e-20,0.0
3D-128,2,0.9999986562118024,1.3437881975937557e-06,1.955492965836831e-18,0.0
3D-128,3,2.734595530990892e-12,0.9999999999972653,9.450706412213667e-54,0.0
3D-128,4,1.0427111368067455e-12,0.9999999999989573,2.5557449948715907e-52,0.0
3D-128,5,2.562977206930808e-30,2.1791560461111306e-33,1.0,7.232084690343017e-162
3D-128,6,1.1353077748393788e-12,0.9999999999988649,2.947042440354054e-52,0.0
3D-128,7,2.556890661405948e-12,0.9999999999974434,8.390410827214066e-54,0.0
3D-129,0,1.6319355046755587e-12,0.9999999999983684,5.02061784220823e-56,0.0
3D-129,1,1.4267768056404443e-16,1.0,7.84246373053308e-61,0.0
3D-129,2,5.175557393093341e-17,1.0,1.9158718928331842e-60,0.0
3D-129,3,5.2118823148306297e-17,1.0,1.968726255328252e-60,0.0
3D-129,4,1.451527488130802e-16,1.0,7.99600487584845e-61,0.0
3D-129,5,1.5442344328410503e-12,0.9999999999984555,4.5797892816792645e-56,0.0
3D-129,6,2.9028073203682355e-16,1.0,3.6195715287415016e-62,0.0
3D-129,7,2.872133227680072e-16,1.0,3.6203843122022573e-62,0.0
3D-130,0,0.9975898871742073,0.002410112825792799,6.682070157967068e-29,0.0
3D-130,1,0.9997468139374306,0.00025318606256947594,3.636247926398117e-23,0.0
3D-130,2,0.9997799794256308,0.0002200205743693652,2.013499093669289e-24,0.0
3D-130,3,1.5648883007128943e-08,0.999999984351117,8.184544468083995e-49,0.0
3D-130,4,3.269765919351693e-13,0.9999999999996732,3.873043179182257e-60,0.0
3D-130,5,0.9999337329486384,6.626705136145528e-05,1.51088491659215e-22,0.0
3D-130,6,0.0025916987239726005,0.9974083012760273,1.9886357236901217e-36,0.0
3D-130,7,0.13829749447958958,0.8617025055204105,6.686080232242972e-36,0.0
3D-131,0,7.885116575420874e-16,0.9999999999999991,1.4642029525090395e-62,0.0
3D-131,1,1.596756394726489e-13,0.9999999999998406,1.8359853798629684e-54,0.0
3D-131,2,5.920492956305276e-13,0.999999999999408,4.804703472702945e-55,0.0
3D-131,3,0.9993401014549999,0.0006598985449999407,2.2472917641709095e-27,0.0
3D-131,4,1.6075180101234293e-13,0.9999999999998392,1.8680630822330637e-54,0.0
3D-131,5,0.9993369012378385,0.000663098762161764,2.2905894757225865e-27,0.0
3D-131,6,8.03448911105413e-16,0.9999999999999991,1.470415305465618e-62,0.0
3D-131,7,5.790844888866326e-13,0.9999999999994209,4.689437179879705e-55,0.0
3D-132,0,0.9999996289757411,3.710242588125877e-07,3.0373808953829365e-25,0.0
3D-132,1,0.9999940266345184,5.973365481389257e-06,1.323240817328591e-25,0.0
3D-132,2,0.9999840235890264,1.597641097400808e-05,6.8877300784623455e-25,0.0
3D-132,3,0.9999576793702526,4.232062974729363e-05,2.413273978574272e-21,0.0
3D-132,4,0.9999994645783733,5.354216265339216e-07,4.942742197444629e-25,0.0
3D-132,5,5.0730464730141544e-20,1.0,2.494198726022177e-71,0.0
3D-132,6,0.9999998128981422,1.8710185740369433e-07,3.998990549253351e-23,0.0
3D-132,7,4.929335153422003e-20,1.0,2.3613667696085675e-71,0.0
3D-133,0,0.9999854467037138,1.4553296286535446e-05,1.8764978017692933e-22,0.0
3D-133,1,3.247240230181861e-20,1.0,2.599723196764745e-71,0.0
3D-133,2,8.999485838023128e-20,1.0,5.589475700867879e-69,0.0
3D-133,3,0.9999921562915031,7.843708497187533e-06,8.116363612782455e-25,0.0
3D-133,4,0.9999856860756999,1.4313924299971905e-05,1.9654922624934299e-22,0.0
3D-133,5,0.9999999130735839,8.692641583714788e-08,1.9491721494835677e-23,0.0
3D-133,6,0.9999922002248979,7.799775102485828e-06,8.243504852884658e-25,0.0
3D-133,7,0.9999999120967592,8.790324103525075e-08,1.8890475488084882e-23,0.0
3D-134,0,0.9999996028722167,3.971277830726247e-07,5.570448798557072e-21,0.0
3D-134,1,0.9999996006048881,3.9939511167432805e-07,5.4334699277617165e-21,0.0
3D-134,2,0.9999996265224591,3.734775407785252e-07,6.795021938636501e-21,0.0
3D-134,3,3.670454710929275e-18,1.0,4.527233208450512e-70,0.0
3D-134,4,3.712966591618504e-18,1.0,4.5886485906112114e-70,0.0
3D-134,5,0.9999989661516968,1.0338483030324182e-06,9.06836023146827e-23,0.0
3D-134,6,0.9999989675301687,1.0324698316201094e-06,9.076646880636078e-23,0.0
3D-134,7,0.999999628201289,3.7179871071905835e-07,6.877980714291745e-21,0.0
3D-135,0,1.7009822775619175e-32,1.4320899027112968e-34,1.0,1.0134375251184352e-150
3D-135,1,0.9999996931148081,3.06885192419058e-07,9.755708286574334e-25,0.0
3D-135,2,0.9999997120820044,2.8791799565745007e-07,1.0158045216415969e-22,0.0
3D-135,3,1.9006655614879026e-32,1.595179379624774e-34,1.0,6.366041814318518e-151
3D-135,4,0.9999930684547527,6.931545247104807e-06,8.72522621874558e-24,0.0
3D-135,5,0.9999996923918923,3.0760810752153746e-07,9.684343489922313e-25,0.0
3D-135,6,0.9999997201105258,2.7988947459501396e-07,1.0010045940570489e-22,0.0
3D-135,7,0.9999931019673943,6.898032605890118e-06,8.736557287395149e-24,0.0
3D-136,0,3.737675198993042e-33,2.3695665451332554e-35,1.0,3.3948609374507434e-148
3D-136,1,0.9999985631675463,1.4368324534696034e-06,8.831220865968265e-19,0.0
3D-136,2,3.730275253266404e-33,2.3658279296938934e-35,1.0,3.42532729257036e-148
3D-136,3,1.1475454603216828e-11,0.9999999999885247,1.609634118023704e-51,0.0
3D-136,4,0.9999985734013099,1.4265986899918913e-06,8.946094032290937e-19,0.0
3D-136,5,2.3502601050952917e-10,0.9999999997649742,2.6234942329283225e-55,0.0
3D-136,6,2.2348087822960178e-10,0.9999999997765192,2.363229365570855e-55,0.0
3D-136,7,1.1051935151807988e-11,0.9999999999889484,1.525894233511094e-51,0.0
3D-137,0,0.9970948418044595,0.0029051581955405604,2.754675955547716e-26,0.0
3D-137,1,0.9993460760946504,0.0006539239053498215,3.304321763485157e-26,0.0
3D-137,2,0.9993895800550242,0.0006104199449757799,3.664109436360046e-26,0.0
3D-137,3,9.186365200642026e-11,0.9999999999081366,5.089138473856956e-55,0.0
3D-137,4,8.862050255232375e-11,0.9999999999113793,4.786863206062378e-55,0.0
3D-137,5,0.9993365149678899,0.0006634850321102025,3.226399457487423e-26,0.0
3D-137,6,0.997085838758172,0.0029141612418280946,2.749625326567602e-26,0.0
3D-137,7,0.9993702194223624,0.0006297805776375284,3.425616864775564e-26,0.0
3D-138,0,0.9999995115446051,4.884553947210105e-07,2.1549026808662096e-20,0.0
3D-138,1,6.213582951342422e-13,0.9999999999993787,1.9587466617256877e-55,0.0
3D-138,2,0.9999998037117634,1.9628823635331957e-07,1.161796351687831e-18,0.0
3D-138,3,6.708346501186817e-08,0.999999932916535,4.17984907605136e-48,0.0
3D-138,4,0.9999755714035218,2.4428596478058003e-05,3.8446066973751616e-22,0.0
3D-138,5,1.7757053313979864e-15,0.9999999999999982,1.0155224239784424e-66,0.0
3D-138,6,0.9988785653125073,0.0011214346874928666,1.8225546431677365e-31,0.0
3D-138,7,4.287522401864466e-12,0.9999999999957128,4.149653204972485e-57,0.0
3D-139,0,0.9999078724637794,9.212753622051815e-05,2.196741397605709e-23,0.0
3D-139,1,0.9999079668556063,9.203314439361006e-05,2.207184446369865e-23,0.0
3D-139,2,3.8118127651684205e-10,0.9999999996188187,3.358990580048461e-51,0.0
3D-139,3,3.848671251007904e-10,0.9999999996151332,3.42235682104195e-51,0.0
3D-139,4,5.476021471517744e-13,0.9999999999994529,5.451972144901264e-59,0.0
3D-139,5,5.51176516796769e-13,0.9999999999994493,5.527480431918908e-59,0.0
3D-139,6,0.9997854764127748,0.00021452358722484277,5.72221220075023e-26,0.0
3D-139,7,0.9997855412056964,0.00021445879430368814,5.725825215661006e-26,0.0
3D-140,0,0.9999949242385662,5.075761434283445e-06,9.426176200254581e-24,0.0
3D-140,1,0.999999414318321,5.856816791437257e-07,2.0991831718015e-24,0.0
3D-140,2,0.9999985638683065,1.4361316938310147e-06,6.92154024805576e-24,0.0
3D-140,3,0.9999985676045231,1.4323954768941734e-06,6.948782083649527e-24,0.0
3D-140,4,0.9999985656992428,1.434300757237451e-06,6.86897208238859e-24,0.0
3D-140,5,0.9999949384247616,5.061575238481475e-06,9.467283431997292e-24,0.0
3D-140,6,0.9999985724285685,1.4275714312400302e-06,6.939882797753466e-24,0.0
3D-140,7,0.9999994207882857,5.792117142354849e-07,2.157265946170466e-24,0.0
3D-141,0,0.9999991649248573,8.350751427500507e-07,5.762313975957251e-21,0.0
3D-141,1,0.9999997438541656,2.561458345883983e-07,2.929360146872385e-19,0.0
3D-141,2,0.999999844416784,1.5558321576303977e-07,2.5406744393425217e-19,0.0
3D-141,3,0.999999941860472,5.813952830536371e-08,4.423684733921201e-19,0.0
3D-141,4,3.8427086609505546e-16,0.9999999999999996,8.598711989205384e-71,0.0
3D-141,5,0.9999969678917223,3.032108277298911e-06,4.7406003196615104e-24,0.0
3D-141,6,0.9999999682774542,3.1722545537371555e-08,6.262069655128487e-22,0.0
3D-141,7,2.802516247843375e-17,1.0,3.4441066241333286e-69,0.0
3D-142,0,0.9999993559989959,6.440010040738616e-07,5.368405181624845e-23,0.0
3D-142,1,0.9999986926662158,1.3073337838911172e-06,4.316683799820197e-26,0.0
3D-142,2,0.9999993560245257,6.439754746261458e-07,5.361972919893114e-23,0.0
3D-142,3,0.9999923200644971,7.679935502733605e-06,1.056344837786481e-25,0.0
3D-142,4,2.529547154161942e-28,5.931273401669945e-32,1.0,5.88915685102311e-172
3D-142,5,0.999992337834404,7.662165595921824e-06,1.0603213319092398e-25,0.0
3D-142,6,2.5198008566113924e-28,5.914584054092819e-32,1.0,6.00772486884744e-172
3D-142,7,0.9999986920413609,1.3079586392002534e-06,4.30548459381811e-26,0.0
3D-143,0,5.955983855898762e-35,1.8761845445473332e-36,1.0,9.521416265488368e-140
3D-143,1,2.674172924329794e-14,0.9999999999999734,4.724627685631912e-62,0.0
3D-143,2,3.331159960309793e-33,2.0909744804020748e-34,1.0,8.812207314796594e-146
3D-143,3,1.1473435120597322e-12,0.9999999999988529,2.2550875834280184e-60,0.0
3D-143,4,0.9999989729944845,1.0270055155798174e-06,7.011613271761458e-25,0.0
3D-143,5,2.821730310895116e-13,0.9999999999997176,7.592936782681068e-59,0.0
3D-143,6,0.9999994076848222,5.923151778852153e-07,6.668668541009422e-23,0.0
3D-143,7,2.1013792238077952e-14,0.9999999999999787,8.14476934473098e-60,0.0
3D-144,0,2.278554376762802e-28,5.446452303205955e-32,1.0,9.992533905678684e-172
3D-144,1,0.9999993315217988,6.684782009189629e-07,4.633901505658221e-23,0.0
3D-144,2,0.9999986842010703,1.3157989292144552e-06,4.394344323430434e-26,0.0
3D-144,3,0.999992598173256,7.401826743811832e-06,1.112098317720165e-25,0.0
3D-144,4,0.9999926636016353,7.336398364577336e-06,1.1329452643683155e-25,0.0
3D-144,5,0.9999993315229756,6.684770240436485e-07,4.655567747195585e-23,0.0
3D-144,6,2.257617995366552e-28,5.412183178791991e-32,1.0,1.0485023622599583e-171
3D-144,7,0.9999986787791453,1.321220855045865e-06,4.3312901470579107e-26,0.0
3D-145,0,9.902327314923465e-32,1.51884152102523e-34,1.0,3.656812195818393e-155
3D-145,1,1.7529816191040859e-13,0.999999999999825,7.581188102104958e-61,0.0
3D-145,2,1.272049988129913e-09,0.99999999872795,4.780775759271528e-53,0.0
3D-145,3,1.30345178277484e-09,0.9999999986965484,4.912508123094105e-53,0.0
3D-145,4,0.9999998337388498,1.662611505188326e-07,4.501072478895148e-19,0.0
3D-145,5,0.9999999822770375,1.7722962281858912e-08,1.0407558915890468e-16,0.0
3D-145,6,2.3697127998869877e-12,0.9999999999976303,1.3990895996475392e-57,0.0
3D-145,7,2.401092696296605e-12,0.9999999999975993,1.5088955169207318e-57,0.0
3D-146,0,0.9999986609848633,1.33901513642143e-06,4.0934108336056873e-26,0.0
3D-146,1,0.9999993744445803,6.255554197378735e-07,5.739288942626965e-23,0.0
3D-146,2,2.218392984578438e-28,5.321477182250304e-32,1.0,1.142185192265696e-171
3D-146,3,0.9999925117525058,7.488247494365994e-06,1.1152274024846826e-25,0.0
3D-146,4,0.9999925266875681,7.473312432022109e-06,1.121771598327166e-25,0.0
3D-146,5,0.9999993744441877,6.255558122090593e-07,5.748835263235687e-23,0.0
3D-146,6,2.217080485608725e-28,5.318164360719289e-32,1.0,1.1454208454448435e-171
3D-146,7,0.9999986584535422,1.3415464580526596e-06,4.0718990469047734e-26,0.0
3D-147,0,5.624288549175319e-12,0.9999999999943756,1.4665803191333039e-53,0.0
3D-147,1,0.9999936930658853,6.306934115109056e-06,1.8008343917320465e-22,0.0
3D-147,2,1.0935897499058986e-12,0.9999999999989067,2.507757167269877e-56,0.0
3D-147,3,1.7530706684808843e-14,0.9999999999999822,8.380217777441673e-62,0.0
3D-147,4,3.574992121690426e-12,0.9999999999964251,8.527554021804826e-56,0.0
3D-147,5,4.325573081035484e-18,1.0,1.4307235408538975e-63,0.0
3D-147,6,3.3417731383887235e-07,0.9999996658226861,7.620748630051578e-44,0.0
3D-147,7,0.9999679343351738,3.2065664826248035e-05,3.3925941700746154e-23,0.0
3D-148,0,0.9999999409694995,5.90305000149941e-08,7.594886901289651e-23,0.0
3D-148,1,0.9999999408106737,5.9189326138010605e-08,7.513620254569197e-23,0.0
3D-148,2,0.9999999404673137,5.9532686022475775e-08,7.400711311966921e-23,0.0
3D-148,3,0.9999996951743502,3.048256494256783e-07,2.3412977811585166e-22,0.0
3D-148,4,2.4430640431915143e-36,1.4359684635292676e-38,1.0,2.451602912680691e-134
3D-148,5,2.441168245840859e-36,1.434740569855656e-38,1.0,2.460669021889037e-134
3D-148,6,0.9999996967094213,3.0329057862644915e-07,2.385833488954392e-22,0.0
3D-148,7,0.9999999406334981,5.9366502004330454e-08,7.464227174806916e-23,0.0
3D-149,0,0.9891008176415581,0.010899182358441842,1.2548212334895302e-25,0.0
3D-149,1,2.913983090856983e-17,1.0,3.3338416978727195e-61,0.0
3D-149,2,0.9999935226862386,6.4773137613149455e-06,1.0662787903743419e-19,0.0
3D-149,3,4.67015243771254e-10,0.9999999995329847,1.2516448506349313e-50,0.0
3D-149,4,0.9994102537437382,0.0005897462562618878,6.218254209022746e-22,0.0
3D-149,5,4.238461044966204e-08,0.9999999576153895,1.995661165926341e-46,0.0
3D-149,6,0.9990946893336087,0.0009053106663914194,8.860448098958861e-26,0.0
3D-149,7,2.781818021760538e-15,0.9999999999999973,4.1186802603018235e-58,0.0
3D-150,0,1.1518311344282267e-18,1.0,5.640993008228072e-70,0.0
3D-150,1,0.9999998603456186,1.3965438131512261e-07,2.4509561476516832e-18,0.0
3D-150,2,0.9999996750592621,3.249407381548791e-07,2.5537299573680032e-20,0.0
3D-150,3,0.9999998946566617,1.0534333809795518e-07,3.227116668903941e-23,0.0
3D-150,4,0.9999957558115118,4.244188487922635e-06,1.1966815816817979e-25,0.0
3D-150,5,9.752719273695465e-29,4.708205179498513e-32,1.0,1.5248788232669118e-169
3D-150,6,0.9999992733405458,7.266594546353733e-07,1.3365943612760752e-24,0.0
3D-150,7,0.9999980161803186,1.983819681500425e-06,2.176788316093239e-24,0.0
3D-151,0,6.532949636448081e-21,1.0,6.999380560644457e-71,0.0
3D-151,1,4.327103027657825e-15,0.9999999999999956,6.05516006533335e-61,0.0
3D-151,2,5.240611833947002e-17,1.0,1.0128342531377823e-60,0.0
3D-151,3,5.3170708848273665e-17,1.0,1.0368452808008229e-60,0.0
3D-151,4,4.355430387359026e-15,0.9999999999999956,6.131741166590783e-61,0.0
3D-151,5,6.789263574490121e-21,1.0,7.45797910054768e-71,0.0
3D-151,6,0.9999083469467126,9.165305328745096e-05,3.4745570903403177e-22,0.0
3D-151,7,0.9999085749937103,9.142500628974021e-05,3.519269596575315e-22,0.0
3D-152,0,2.8549987915915063e-12,0.9999999999971454,6.35204611958671e-57,0.0
3D-152,1,0.9999967598326969,3.2401673035168985e-06,8.180909824441667e-22,0.0
3D-152,2,0.9999967633290985,3.236670901226864e-06,8.178058784506043e-22,0.0
3D-152,3,6.3988348453121805e-12,0.9999999999936016,3.4728198760801144e-58,0.0
3D-152,4,6.4169138566541924e-12,0.9999999999935829,3.456555127742156e-58,0.0
3D-152,5,2.8602121294106034e-12,0.9999999999971401,6.426000275795735e-57,0.0
3D-152,6,0.0012729095354989213,0.998727090464501,8.481641619538374e-42,0.0
3D-152,7,0.0012918765338658985,0.9987081234661341,8.73109932849691e-42,0.0
3D-153,0,2.888721512361763e-14,0.9999999999999716,6.595191726866458e-62,0.0
3D-153,1,2.970495231888772e-14,0.9999999999999707,6.863179663013883e-62,0.0
3D-153,2,0.999980937096323,1.906290367710675e-05,3.708016914573885e-18,0.0
3D-153,3,0.9999809154012438,1.9084598756333115e-05,3.712786251547633e-18,0.0
3D-153,4,2.276119875704849e-15,0.9999999999999982,8.498691754502016e-65,0.0
3D-153,5,2.2378231948881012e-15,0.9999999999999982,8.262979397592697e-65,0.0
3D-153,6,0.9999986709938095,1.329006190670611e-06,7.467580429024278e-18,0.0
3D-153,7,0.9999986797169231,1.320283076861433e-06,7.741682413123e-18,0.0
3D-154,0,3.621105794412417e-17,1.0,7.335371335724398e-64,0.0
3D-154,1,0.9999995739123178,4.26087681857909e-07,3.822965093268746e-21,0.0
3D-154,2,8.813115153241083e-20,1.0,3.2212796575506225e-71,0.0
3D-154,3,8.90461509943048e-21,1.0,3.8084359453490635e-71,0.0
3D-154,4,4.725586511108878e-19,1.0,1.7237355393718796e-67,0.0
3D-154,5,0.999999047066509,9.529334910754672e-07,3.80976200256112e-22,0.0
3D-154,6,0.9999941579915355,5.842008464486894e-06,1.2100762859288035e-23,0.0
3D-154,7,0.9999973552470426,2.644752957306397e-06,2.000804875075585e-23,0.0
3D-155,0,5.59245519918608e-14,0.999999999999944,8.845804077450603e-61,0.0
3D-155,1,0.9999998643719884,1.35628011646205e-07,3.2441164664833353e-19,0.0
3D-155,2,5.049078753788061e-14,0.9999999999999494,1.1981666180393705e-58,0.0
3D-155,3,0.9999976702883978,2.3297116016321317e-06,3.460528479331118e-16,0.0
3D-155,4,0.9999803481604463,1.9651839554113498e-05,1.7641968052397978e-23,0.0
3D-155,5,7.982355324050659e-17,1.0,6.014272190389077e-64,0.0
3D-155,6,0.999999654507912,3.454920883490082e-07,1.9568343337930352e-19,0.0
3D-155,7,7.210317126645917e-14,0.9999999999999281,1.095739989113534e-61,0.0
3D-156,0,0.9999998306927412,1.693072587227742e-07,1.2334114035292076e-18,0.0
3D-156,1,6.888887255227604e-14,0.9999999999999316,4.3147568089054865e-60,0.0
3D-156,2,4.434780561923118e-18,1.0,3.1567100222093046e-68,0.0
3D-156,3,0.9999974078716174,2.5921283824237125e-06,1.3282946260964841e-20,0.0
3D-156,4,4.738142501058913e-18,1.0,3.6008245154521398e-68,0.0
3D-156,5,0.9999974307792971,2.5692207026937245e-06,1.335803772223777e-20,0.0
3D-156,6,0.9999998325572708,1.6744272899102534e-07,1.2938429260110451e-18,0.0
3D-156,7,6.452514829290568e-14,0.9999999999999352,3.8793298681854335e-60,0.0
3D-157,0,0.9999196351282605,8.036487173934833e-05,4.489564103935363e-27,0.0
3D-157,1,0.999920304897015,7.96951029847243e-05,4.515142842313163e-27,0.0
3D-157,2,0.9999233640554925,7.663594450718167e-05,5.053140427562194e-27,0.0
3D-157,3,0.9999985452859568,1.4547140429390495e-06,3.347112622233989e-24,0.0
3D-157,4,0.9999151525744684,8.484742553107332e-05,4.120197958813586e-27,0.0
3D-157,5,0.9999985406160494,1.459383950344885e-06,3.2685459904487554e-24,0.0
3D-157,6,0.9999986957194965,1.3042805035820705e-06,3.759233540749902e-24,0.0
3D-157,7,0.9999987112343192,1.2887656806519497e-06,3.8999348676545135e-24,0.0
3D-158,0,3.0439252541838773e-24,1.0,1.8469988829415998e-77,0.0
3D-158,1,2.7882489085638943e-11,0.9999999999721174,1.062720022314094e-57,0.0
3D-158,2,3.2641421300759055e-21,1.0,4.8342868924686936e-73,0.0
3D-158,3,1.29481633810355e-15,0.9999999999999987,9.278140215678095e-59,0.0
3D-158,4,0.9999976262061915,2.3737938086095533e-06,7.439325699865553e-23,0.0
3D-158,5,0.9999914991152588,8.500884741331197e-06,7.836651763935263e-18,0.0
3D-158,6,0.9999987698445362,1.2301554641209653e-06,6.059319569706871e-21,0.0
3D-158,7,0.9999891767406092,1.0823259390672527e-05,1.4773304706156165e-23,0.0
3D-159,0,0.999999977539171,2.2460829068132988e-08,4.99018360803165e-17,0.0
3D-159,1,0.9999999777422268,2.2257773233795397e-08,5.260032708829715e-17,0.0
3D-159,2,2.892075375726182e-11,0.9999999999710796,2.3745352899484037e-62,0.0
3D-159,3,0.9999997560599421,2.439400577038579e-07,8.382846347939443e-21,0.0
3D-159,4,6.2425075140960295e-15,0.9999999999999938,3.919079802031533e-63,0.0
3D-159,5,2.913970139188562e-11,0.9999999999708602,2.433467378848645e-62,0.0
3D-159,6,0.9999997586195313,2.4138046916717393e-07,8.481994113856931e-21,0.0
3D-159,7,6.167420169229888e-15,0.9999999999999938,3.7827540456985673e-63,0.0
3D-160,0,8.310144836265715e-23,1.0,1.494658058722468e-78,0.0
3D-160,1,1.4189168530398835e-16,1.0,2.1841429780184917e-70,0.0
3D-160,2,0.9999999168157928,8.318420719406318e-08,2.0846356589436704e-21,0.0
3D-160,3,0.9999789788786773,2.102112132319757e-05,1.7125470800638774e-23,0.0
3D-160,4,9.875267805559072e-19,1.0,4.859783835466086e-69,0.0
3D-160,5,0.9999987293297989,1.2706702009545367e-06,5.0849410401495804e-23,0.0
3D-160,6,4.104660980474943e-09,0.999999995895339,6.843351438991221e-50,0.0
3D-160,7,0.9995978885248774,0.0004021114751223036,6.4595040578972555e-27,0.0
3D-161,0,0.9991759927013406,0.0008240072986592817,3.940710819539287e-25,0.0
3D-161,1,0.9994731251876369,0.0005268748123628479,5.919364965487686e-24,0.0
3D-161,2,0.9991691169322202,0.0008308830677795732,3.941617985296048e-25,0.0
3D-161,3,0.9994618039421916,0.0005381960578083883,5.747145073676373e-24,0.0
3D-161,4,1.580060832112128e-07,0.9999998419939167,5.733375452973895e-48,0.0
3D-161,5,0.9999997533815286,2.466176177892165e-07,8.538465452414348e-13,0.0
3D-161,6,1.5276205119714006e-07,0.9999998472379487,5.361527165476854e-48,0.0
3D-161,7,0.9999997557706968,2.442284545653241e-07,8.486770519275938e-13,0.0
3D-162,0,0.9999984513040279,1.5486959721366248e-06,2.3474239216590468e-18,0.0
3D-162,1,1.3802556387619713e-11,0.9999999999861977,1.2863584938052505e-60,0.0
3D-162,2,4.715055658228002e-12,0.9999999999952847,3.248927502249501e-58,0.0
3D-162,3,7.899376009202813e-06,0.999992100623991,1.6285103195990904e-44,0.0
3D-162,4,8.416037193683728e-11,0.9999999999158398,8.714391122928502e-53,0.0
3D-162,5,0.999999454004718,5.45995282113233e-07,7.31687978833363e-20,0.0
3D-162,6,0.999999756922157,2.430778429971314e-07,2.055397865064409e-26,0.0
3D-162,7,0.9999957879350659,4.212064933928137e-06,2.0219868972526467e-29,0.0
3D-163,0,7.356092661362168e-07,0.9999992643907337,1.1704406892589232e-41,0.0
3D-163,1,7.436800587138104e-07,0.9999992563199412,1.1993678055399083e-41,0.0
3D-163,2,9.25713022462392e-17,1.0,1.4825827782384653e-60,0.0
3D-163,3,7.58688808361172e-07,0.9999992413111916,1.2500026585278094e-41,0.0
3D-163,4,1.6273697287247519e-23,1.0,1.135973133092113e-67,0.0
3D-163,5,1.647154660391376e-23,1.0,1.1596890423282068e-67,0.0
3D-163,6,7.480040565234927e-07,0.9999992519959435,1.2158109521063518e-41,0.0
3D-163,7,9.223444985499379e-17,1.0,1.472552820126067e-60,0.0
3D-164,0,3.7158370705515086e-19,1.0,1.223967656077635e-68,0.0
3D-164,1,4.429674238439144e-19,1.0,2.2494350334140924e-71,0.0
3D-164,2,3.4612322232593283e-19,1.0,1.6160220455712018e-66,0.0
3D-164,3,0.9999993717517761,6.282482241359901e-07,9.809951242843452e-21,0.0
3D-164,4,3.223678247725406e-19,1.0,1.457836722077563e-66,0.0
3D-164,5,3.036457904679089e-19,1.0,6.652048970759649e-69,0.0
3D-164,6,5.63984191602907e-19,1.0,2.9639967477014167e-71,0.0
3D-164,7,0.9999994228929796,5.7710702072756e-07,8.621647900045874e-21,0.0
3D-165,0,0.9999978063673315,2.1936326680119025e-06,1.8470410112249826e-26,0.0
3D-165,1,0.999997662825205,2.3371747949662347e-06,1.4554344829048912e-26,0.0
3D-165,2,0.9995954750584676,0.0004045249415326494,3.138403801179131e-25,0.0
3D-165,3,0.9999977834722651,2.216527735253993e-06,1.749208989556037e-26,0.0
3D-165,4,0.9999978048526629,2.195147336817056e-06,1.8426166412397108e-26,0.0
3D-165,5,0.9999976630548404,2.33694515970389e-06,1.455769962311872e-26,0.0
3D-165,6,0.9995956848255702,0.00040431517442983655,3.1424839108320395e-25,0.0
3D-165,7,0.9999977834404649,2.2165595352878954e-06,1.7498962175166286e-26,0.0
3D-166,0,3.788097740895412e-16,1.0,3.573059121952139e-64,0.0
3D-166,1,7.453692206080159e-07,0.9999992546307797,1.7333218231022244e-48,0.0
3D-166,2,9.064667227863614e-16,0.9999999999999991,6.731235192212273e-67,0.0
3D-166,3,4.997429672744852e-11,0.9999999999500258,9.78071798605525e-56,0.0
3D-166,4,8.820691524391135e-16,0.9999999999999991,6.396261125067432e-67,0.0
3D-166,5,4.8579987458356424e-11,0.9999999999514202,9.418899432757322e-56,0.0
3D-166,6,3.582135137851415e-16,1.0,3.260568253977119e-64,0.0
3D-166,7,7.936321083834894e-07,0.9999992063678916,1.9517189959570565e-48,0.0
3D-167,0,0.9999993949616998,6.050382999548332e-07,1.9273627547003077e-21,0.0
3D-167,1,0.9986026982732333,0.0013973017267668608,8.941639022260114e-26,0.0
3D-167,2,0.9999995397318149,4.6026818479070516e-07,3.3751361773136174e-19,0.0
3D-167,3,0.9999959063558127,4.093644186944693e-06,3.4334719781808647e-22,0.0
3D-167,4,2.6023883407794963e-10,0.9999999997397611,5.154096763524661e-51,0.0
3D-167,5,1.543708338433085e-13,0.9999999999998455,1.6942725831252608e-59,0.0
3D-167,6,2.031534677157125e-11,0.9999999999796847,3.8927328238988704e-56,0.0
3D-167,7,5.220885036950847e-13,0.9999999999994778,1.4609464361244086e-59,0.0
3D-168,0,0.9999977696668102,2.2303331895602726e-06,1.5773659998319906e-26,0.0
3D-168,1,0.9999977906648833,2.209335117038008e-06,1.6331624804942667e-26,0.0
3D-168,2,0.9995345226699749,0.00046547733002504993,2.353396770332337e-25,0.0
3D-168,3,0.9999977961397735,2.20386022677594e-06,1.655826344962528e-26,0.0
3D-168,4,0.9999977623883979,2.2376116023043727e-06,1.5649514531530334e-26,0.0
3D-168,5,0.9999977902665548,2.2097334448574756e-06,1.6328632862419506e-26,0.0
3D-168,6,0.99953480685956,0.00046519314044007556,2.3560897162658716e-25,0.0
3D-168,7,0.9999978009749706,2.1990250295773085e-06,1.664900306831814e-26,0.0
3D-169,0,2.0806942160274096e-20,1.0,1.4895846848601854e-71,0.0
3D-169,1,1.2869484425679982e-20,1.0,2.9836018748954437e-71,0.0
3D-169,2,5.147706196164418e-19,1.0,1.963968232733089e-68,0.0
3D-169,3,0.9999998539084327,1.4609156716635086e-07,1.671978358410179e-17,0.0
3D-169,4,1.917521652767374e-19,1.0,8.731644899207071e-69,0.0
3D-169,5,3.026260181697714e-20,1.0,1.4572073744727286e-70,0.0
3D-169,6,3.0659243922569916e-20,1.0,8.815744968559534e-71,0.0
3D-169,7,0.9999996601490042,3.398509956976382e-07,3.715986572604175e-18,0.0
3D-170,0,0.9999985347210277,1.4652789718169362e-06,4.758555632762286e-21,0.0
3D-170,1,0.9999973804284661,2.619571533530028e-06,6.786906791813567e-25,0.0
3D-170,2,4.42530929536045e-20,1.0,7.328097295070602e-73,0.0
3D-170,3,0.9999985861988894,1.4138011106947785e-06,3.267166852815583e-23,0.0
3D-170,4,0.9999998881271432,1.1187285652733943e-07,1.3424883577219533e-23,0.0
3D-170,5,1.01522951980146e-21,1.0,1.0955191743616424e-73,0.0
3D-170,6,0.9999942815100226,5.718489977328505e-06,1.1866763975629164e-24,0.0
3D-170,7,0.9999997598677308,2.4013226871831474e-07,1.364088624109591e-23,0.0
3D-171,0,0.99998124833729,1.8751662710276518e-05,6.13358898443263e-25,0.0
3D-171,1,5.8472053143699885e-22,1.0,6.374962619012428e-75,0.0
3D-171,2,2.9577850337006795e-21,1.0,6.205293079460956e-69,0.0
3D-171,3,2.569036214121674e-14,0.9999999999999742,2.2468923599962534e-64,0.0
3D-171,4,0.9999997041414714,2.95858529002286e-07,1.2426674945577112e-19,0.0
3D-171,5,2.5263652144168606e-14,0.9999999999999751,1.120404139487244e-59,0.0
3D-171,6,9.630520375421587e-16,0.9999999999999991,6.637213664790122e-67,0.0
3D-171,7,6.323181872339072e-12,0.9999999999936771,7.925219296175258e-58,0.0
3D-172,0,0.9991557570456401,0.0008442429543598613,2.3412893875067133e-23,0.0
3D-172,1,1.3623263758484612e-15,0.9999999999999991,3.1146417922871634e-61,0.0
3D-172,2,0.9991733916926743,0.0008266083073258099,2.4219897312311388e-23,0.0
3D-172,3,3.410240018188262e-10,0.9999999996589759,5.423380163953187e-53,0.0
3D-172,4,3.2021269842785773e-24,1.0,2.185021899680322e-75,0.0
3D-172,5,3.2114816142966168e-24,1.0,2.188054539646333e-75,0.0
3D-172,6,1.2920918128673855e-15,0.9999999999999991,2.831855892515152e-61,0.0
3D-172,7,3.970731575434379e-10,0.9999999996029267,5.633507519457974e-46,0.0
3D-173,0,0.9999812925444752,1.870745552501149e-05,2.7054625639678965e-25,0.0
3D-173,1,1.0397916186609932e-13,0.9999999999998961,5.333820692377902e-61,0.0
3D-173,2,0.9999988406845418,1.1593154577799119e-06,8.574830671163191e-25,0.0
3D-173,3,4.0666669324135003e-10,0.9999999995933333,1.6806755850117978e-52,0.0
3D-173,4,0.9999994248946005,5.751053995880999e-07,1.170626759267413e-22,0.0
3D-173,5,0.0014313895038769017,0.9985686104961232,5.761856877070396e-40,0.0
3D-173,6,0.008976865113750496,0.9910231348862494,2.217368183020076e-44,0.0
3D-173,7,0.999983806104395,1.61938956050547e-05,4.353597088088485e-27,0.0
3D-174,0,3.240035403084425e-17,1.0,2.885203085577015e-65,0.0
3D-174,1,0.9999999531425801,4.685742001546088e-08,1.0646627629951119e-22,0.0
3D-174,2,3.522460726145279e-21,1.0,7.990096023159209e-69,0.0
3D-174,3,0.9999955103379894,4.489662010624004e-06,4.49957542962177e-22,0.0
3D-174,4,1.183020181538702e-18,1.0,1.6437207405016065e-69,0.0
3D-174,5,0.9999865302825757,1.3469717423949606e-05,2.7116150228559965e-25,0.0
3D-174,6,0.9999976863896615,2.3136103384547824e-06,1.0256731528933118e-20,0.0
3D-174,7,2.1577360203623516e-29,8.251429200758665e-33,1.0,1.366007931217357e-166
3D-175,0,6.355168478967839e-17,1.0,3.851801510532336e-59,0.0
3D-175,1,0.102630568344045,0.8973694316559551,2.3268705072319016e-32,0.0
3D-175,2,0.9849082306111608,0.0150917693888394,9.283279230488751e-29,0.0
3D-175,3,2.0917463730008872e-15,0.9999999999999982,1.9652990113830296e-59,0.0
3D-175,4,0.9967258718873784,0.003274128112621871,5.278397114016717e-27,0.0
3D-175,5,0.0002870790457830136,0.999712920954217,7.629681319420891e-37,0.0
3D-175,6,0.9917177567410169,0.008282243258983106,1.505690282757743e-30,0.0
3D-175,7,4.6272778802890514e-17,1.0,1.5083758454500096e-62,0.0
3D-176,0,0.9999917164346067,8.283565393654948e-06,1.422606313766953e-23,0.0
3D-176,1,2.264461951705159e-16,1.0,2.184765474168398e-62,0.0
3D-176,2,0.9999999600537767,3.994622356582777e-08,1.0771104942955108e-18,0.0
3D-176,3,0.9999993208268046,6.791731956425755e-07,1.3424964947328356e-19,0.0
3D-176,4,0.9999983811687969,1.6188312027797605e-06,8.144870153243366e-26,0.0
3D-176,5,0.9999994061244677,5.938755327419802e-07,1.6551622129675056e-20,0.0
3D-176,6,9.989472858959486e-19,1.0,1.7679880043210337e-69,0.0
3D-176,7,0.9965927332350524,0.003407266764947913,1.762190642369359e-29,0.0
3D-177,0,1.725886668652331e-16,1.0,3.7070431199090555e-67,0.0
3D-177,1,1.0563480748231765e-13,0.9999999999998943,1.3339007141645283e-59,0.0
3D-177,2,3.8431614335817336e-22,1.0,1.5504207006842308e-73,0.0
3D-177,3,0.9999997365192429,2.634807573009399e-07,3.2471361282235493e-22,0.0
3D-177,4,0.9999989004277282,1.099572272019174e-06,3.821076425456797e-21,0.0
3D-177,5,2.2417924875024126e-14,0.9999999999999778,2.171360463241136e-57,0.0
3D-177,6,0.9999999970208753,2.9790871616777023e-09,3.757515444127779e-14,0.0
3D-177,7,0.9999999288144873,7.118551252924028e-08,3.9882397498625466e-21,0.0
3D-178,0,5.482150973307537e-64,2.943033524105919e-51,1.0,4.877035681639828e-37
3D-178,1,0.9999968070252624,3.192974737802199e-06,7.901547243663116e-26,0.0
3D-178,2,0.9999998353376898,1.6466231036686332e-07,4.8720490428008894e-21,0.0
3D-178,3,0.9999919144802373,8.085519762739799e-06,6.548933938288866e-25,0.0
3D-178,4,2.8429218926408887e-05,0.9999715707810737,2.6426679186634418e-46,0.0
3D-178,5,0.9999978721724031,2.127827596663955e-06,7.169441141759509e-26,0.0
3D-178,6,0.9999900690616168,9.930938383443385e-06,3.168036779522455e-25,0.0
3D-178,7,0.9999986654154412,1.3345845587629209e-06,2.356148797359012e-26,0.0
3D-179,0,9.578144726253082e-06,0.9999904218552736,1.6035516824698846e-41,0.0
3D-179,1,6.600459230986056e-24,1.0,1.3623525080981173e-78,0.0
3D-179,2,9.396609332127665e-06,0.9999906033906683,1.529967715111859e-41,0.0
3D-179,3,6.363635293501271e-24,1.0,1.2730415668953483e-78,0.0
3D-179,4,9.652844693385093e-06,0.9999903471553067,1.6187172128425058e-41,0.0
3D-179,5,6.694939296977596e-24,1.0,1.3826521938567045e-78,0.0
3D-179,6,9.70597703519808e-06,0.9999902940229647,1.6477954969694064e-41,0.0
3D-179,7,6.695417488654873e-24,1.0,1.3915637075547132e-78,0.0
3D-180,0,0.9999991755476568,8.244523432847746e-07,8.975314749517338e-22,0.0
3D-180,1,0.999999473166753,5.268332472622884e-07,5.537563912532269e-23,0.0
3D-180,2,6.997727041254481e-18,1.0,3.761115878122342e-68,0.0
3D-180,3,4.441789428537819e-21,1.0,8.954495551601182e-74,0.0
3D-180,4,2.2820531255171646e-16,1.0,1.283419514743632e-67,0.0
3D-180,5,0.9999997539453293,2.460546706259445e-07,9.298981108245355e-20,0.0
3D-180,6,8.895671753431361e-19,1.0,3.2170138920305763e-68,0.0
3D-180,7,0.9999997704216025,2.295783976433136e-07,1.2567464061005166e-20,0.0
3D-181,0,0.9999999284015003,7.159849982487967e-08,5.366838647291465e-21,0.0
3D-181,1,0.9999987100876245,1.289912375017375e-06,8.877710881231972e-24,0.0
3D-181,2,1.8585632134623548e-09,0.9999999981414369,5.321323134470713e-50,0.0
3D-181,3,1.233017393115529e-08,0.9999999876698263,9.057436408206938e-50,0.0
3D-181,4,4.706167563598449e-17,1.0,1.2238305689980486e-66,0.0
3D-181,5,9.930398886006907e-08,0.999999900696011,7.224343750646112e-47,0.0
3D-181,6,0.9999975374912091,2.462508790783025e-06,3.313885525119404e-23,0.0
3D-181,7,0.999912561607853,8.74383921465944e-05,1.0247369493127995e-25,0.0
3D-182,0,0.9999975339235668,2.466076433311054e-06,2.305223272957918e-22,0.0
3D-182,1,8.92266114004846e-15,0.9999999999999911,1.7903648935993185e-61,0.0
3D-182,2,7.510457930807837e-29,1.004716095110335e-31,1.0,3.8732389955892937e-168
3D-182,3,0.9999974462620326,2.553737967611576e-06,9.470729627722068e-22,0.0
3D-182,4,2.4982208070584356e-16,1.0,4.312704288684657e-66,0.0
3D-182,5,0.9999998320062898,1.6799370997750095e-07,1.3500994914982508e-17,0.0
3D-182,6,1.4586321823271356e-20,1.0,9.257416732008657e-71,0.0
3D-182,7,0.9999999780109008,2.198909906364385e-08,6.999098446382643e-20,0.0
3D-183,0,0.9999616746289421,3.832537105824531e-05,4.919022713930676e-24,0.0
3D-183,1,6.739500608101493e-11,0.999999999932605,3.541780101922682e-51,0.0
3D-183,2,0.9999993374173578,6.625826419357054e-07,4.631938643224171e-16,0.0
3D-183,3,7.426433938291106e-21,1.0,2.7642174706502463e-68,0.0
3D-183,4,1.8573945711034355e-24,1.0,1.5673883076669496e-70,0.0
3D-183,5,2.0223027550578603e-13,0.9999999999997975,3.191783121632426e-58,0.0
3D-183,6,2.304421832158314e-20,1.0,2.8594517681039926e-70,0.0
3D-183,7,4.379025813322803e-14,0.9999999999999565,1.314829959560351e-57,0.0
3D-184,0,0.9999998655004171,1.3449958244117482e-07,5.719690944907008e-18,0.0
3D-184,1,1.3290002744523815e-07,0.9999998670999726,1.5181481594779036e-46,0.0
3D-184,2,9.750206430381038e-05,0.9999024979356963,1.2174521569295981e-39,0.0
3D-184,3,2.528695475610334e-16,1.0,5.003708821621216e-63,0.0
3D-184,4,0.9999985375892737,1.462410726456082e-06,2.831471720688609e-17,0.0
3D-184,5,7.6949618136876425e-22,1.0,5.677666558607797e-67,0.0
3D-184,6,2.6028561963039782e-27,1.0,6.674368518184529e-84,0.0
3D-184,7,1.7459661961163623e-14,0.9999999999999822,6.406734842120507e-60,0.0
3D-185,0,0.9999958106193791,4.1893806205658905e-06,6.517279064333371e-26,0.0
3D-185,1,0.9999990839601404,9.16039859470522e-07,5.113246604265911e-25,0.0
3D-185,2,0.9999992421724591,7.578275405560876e-07,1.4758620076438153e-20,0.0
3D-185,3,0.9999996392013195,3.60798680143293e-07,8.381543022702019e-24,0.0
3D-185,4,0.999996400375338,3.5996246619113416e-06,3.6835172645712095e-25,0.0
3D-185,5,9.132065777217715e-32,1.1342094579204273e-34,1.0,4.34319373000042e-155
3D-185,6,0.9999989202973796,1.0797026203567182e-06,4.985729427158548e-25,0.0
3D-185,7,6.58265217212012e-24,1.0,7.387618043286832e-76,0.0
3D-186,0,0.9999757684369194,2.423156308084008e-05,7.764838111511246e-29,0.0
3D-186,1,0.9999749277113809,2.5072288618948602e-05,7.218968722915712e-29,0.0
3D-186,2,0.997427620442487,0.0025723795575131373,8.805132198107477e-34,0.0
3D-186,3,0.9975149931965135,0.0024850068034865352,9.385855502471487e-34,0.0
3D-186,4,0.9999754759023223,2.4524097677521732e-05,7.586794031970525e-29,0.0
3D-186,5,0.9999755407500787,2.4459249921080546e-05,7.615027205071917e-29,0.0
3D-186,6,0.999991261092341,8.738907658703956e-06,3.2100515584408088e-25,0.0
3D-186,7,0.9999912690384096,8.730961590186737e-06,3.2103694117708005e-25,0.0
3D-187,0,5.552185783149994e-06,0.9999944478142169,6.602760273587165e-47,0.0
3D-187,1,5.204540176098617e-06,0.9999947954598242,5.55777586795717e-47,0.0
3D-187,2,1.4949893533118662e-19,1.0,3.3490686387157525e-74,0.0
3D-187,3,1.518787739016396e-19,1.0,3.492844420920932e-74,0.0
3D-187,4,3.0936409227947794e-26,1.0,5.086666803774166e-80,0.0
3D-187,5,2.9654067531833773e-26,1.0,4.591514148433431e-80,0.0
3D-187,6,2.9184372615820764e-10,0.9999999997081566,3.7795436285333774e-57,0.0
3D-187,7,2.6734021469493874e-10,0.9999999997326601,3.107683973207939e-57,0.0
3D-188,0,0.9999991696381062,8.303618934009003e-07,4.97120453886238e-22,0.0
3D-188,1,1.6282375645336594e-21,1.0,5.278303358523935e-75,0.0
3D-188,2,0.9999993275742711,6.724257289296515e-07,1.957046332849109e-22,0.0
3D-188,3,1.8327219258115234e-10,0.9999999998167279,2.4065815643550632e-55,0.0
3D-188,4,1.6765045544822764e-21,1.0,5.660388599569416e-75,0.0
3D-188,5,0.9997179575981668,0.00028204240183314297,2.887148608210687e-23,0.0
3D-188,6,1.811194018784288e-10,0.9999999998188809,2.263807433054628e-55,0.0
3D-188,7,0.9999996563022466,3.4369775322670343e-07,2.0295124082406766e-24,0.0
3D-189,0,0.9999980431719276,1.95682807214643e-06,2.2757229290732504e-24,0.0
3D-189,1,1.679346212879584e-23,1.0,2.990462525007018e-83,0.0
3D-189,2,2.701828880946721e-22,1.0,1.2544358263762469e-78,0.0
3D-189,3,0.9999997700820475,2.2991795256699056e-07,8.637457394024593e-19,0.0
3D-189,4,0.9999998941945789,1.0580542074117948e-07,4.676274106649313e-22,0.0
3D-189,5,0.9999999821779612,1.7822038927728192e-08,2.2519050295317643e-18,0.0
3D-189,6,0.9999999840171535,1.5982846607075695e-08,1.50904783910234e-18,0.0
3D-189,7,0.999320751212268,0.00067924878773201,1.0871879615741441e-24,0.0
3D-190,0,0.9908926376466307,0.009107362353369248,2.4005503651123286e-34,0.0
3D-190,1,0.9999999540596767,4.594032335406371e-08,1.0982720296943315e-17,0.0
3D-190,2,6.805937532308679e-11,0.9999999999319407,3.0945352448252494e-54,0.0
3D-190,3,1.3424318930747975e-12,0.9999999999986575,7.64100163793782e-61,0.0
3D-190,4,0.9999998417303387,1.5826966156007742e-07,2.306580177480752e-20,0.0
3D-190,5,0.9999971697888583,2.8302111415221417e-06,5.020768397206617e-23,0.0
3D-190,6,0.9999807405093876,1.9259490612345773e-05,2.4484456768180685e-26,0.0
3D-190,7,0.999999047642986,9.52357013821485e-07,2.630205678271929e-23,0.0
3D-191,0,0.9999919679921366,8.032007863656683e-06,1.5645409077759628e-22,0.0
3D-191,1,2.974629577904682e-17,1.0,1.7920611137569864e-65,0.0
3D-191,2,0.9999985936562309,1.4063437690294514e-06,3.9995467337100985e-20,0.0
3D-191,3,0.9999999526021164,4.739788360955996e-08,2.6433431529903067e-22,0.0
3D-191,4,1.7991573317401695e-19,1.0,7.75536350805844e-71,0.0
3D-191,5,2.74526173927464e-20,1.0,3.655533394533504e-68,0.0
3D-191,6,1.019666497540314e-31,1.861165055441475e-34,1.0,3.900160663449753e-155
3D-191,7,0.9999917010659799,8.298934019759475e-06,2.2659003409578627e-24,0.0
3D-192,0,5.619991757270014e-36,8.745363019151109e-38,1.0,5.383862854561292e-136
3D-192,1,0.9999891742756511,1.0825724348562065e-05,3.115283410341968e-25,0.0
3D-192,2,0.9999886441658636,1.1355834136874209e-05,3.324970355298228e-26,0.0
3D-192,3,0.9999806324549623,1.9367545037699655e-05,8.952672006222857e-29,0.0
3D-192,4,0.9999885821806854,1.141781931403371e-05,3.28268812286977e-26,0.0
3D-192,5,0.9999806037122805,1.9396287719491256e-05,8.698272383150382e-29,0.0
3D-192,6,5.7131351052543e-36,8.875603804724786e-38,1.0,5.022697958290254e-136
3D-192,7,0.9999891527216153,1.0847278385180423e-05,3.0820505933577995e-25,0.0
3D-193,0,2.6938143576301252e-17,1.0,5.4090601388880004e-70,0.0
3D-193,1,3.3841841223565654e-22,1.0,2.798045526965363e-78,0.0
3D-193,2,0.9999999140277313,8.597226883771924e-08,1.6026851244567474e-17,0.0
3D-193,3,5.188474243169885e-10,0.9999999994811528,4.2543838558847173e-54,0.0
3D-193,4,3.3465566843596775e-22,1.0,2.6626369568459663e-78,0.0
3D-193,5,2.675998487781172e-17,1.0,5.367060862192918e-70,0.0
3D-193,6,4.98485651946532e-10,0.9999999995015143,4.008279395585824e-54,0.0
3D-193,7,0.9999999147574871,8.524251295256123e-08,1.6325626690494935e-17,0.0
3D-194,0,0.9999999705213396,2.9478641982602175e-08,1.8261776008314374e-14,0.0
3D-194,1,0.9999987236476243,1.2763523760807203e-06,1.5053357731633916e-23,0.0
3D-194,2,0.9999998968903814,1.031096183349785e-07,2.0482215709445363e-22,0.0
3D-194,3,4.0256341169391334e-19,1.0,6.382379123983111e-71,0.0
3D-194,4,1.2075116713963809e-15,0.9999999999999991,1.6321202289076204e-65,0.0
3D-194,5,0.9999721104266768,2.7889573323499956e-05,3.9974047216716015e-23,0.0
3D-194,6,0.9999992205175916,7.794824083782971e-07,1.6443660570046694e-19,0.0
3D-194,7,0.999999983813893,1.6186107059294485e-08,1.1980236220742563e-20,0.0
3D-195,0,5.1271444663428983e-20,1.0,1.4180117293640613e-70,0.0
3D-195,1,8.846941565024546e-06,0.9999911530584351,7.345574311155564e-38,0.0
3D-195,2,2.265444289670886e-09,0.9999999977345557,7.137155207043554e-48,0.0
3D-195,3,3.84149937840782e-07,0.999999615850062,4.220111618127129e-48,0.0
3D-195,4,7.516483978385105e-09,0.9999999924835161,1.76600522794031e-49,0.0
3D-195,5,4.003099359005818e-28,1.0,2.6545335453490567e-85,0.0
3D-195,6,1.1061880118534192e-18,1.0,1.316136677324776e-67,0.0
3D-195,7,0.9896440684648655,0.010355931535134455,1.1153820323377992e-25,0.0
3D-196,0,1.2948500171810588e-10,0.9999999998705151,7.71455360839915e-56,0.0
3D-196,1,3.1860742606206542e-15,0.9999999999999973,1.0761891854343826e-61,0.0
3D-196,2,5.293559816540738e-13,0.9999999999994706,3.1050557885804246e-59,0.0
3D-196,3,7.735686732618323e-13,0.9999999999992264,6.144752407111169e-59,0.0
3D-196,4,1.30221398204238e-10,0.9999999998697788,7.790006419811067e-56,0.0
3D-196,5,3.1787514089402707e-15,0.9999999999999973,1.07133075603294e-61,0.0
3D-196,6,5.270018234981479e-13,0.9999999999994733,3.0791863806622784e-59,0.0
3D-196,7,7.666914115922726e-13,0.9999999999992335,6.042523667119109e-59,0.0
3D-197,0,0.99998565764238,1.4342357620369647e-05,3.3106983724413665e-26,0.0
3D-197,1,0.9999994136881489,5.863118507719948e-07,3.2106825045304986e-23,0.0
3D-197,2,0.9999820059349609,1.799406503947695e-05,2.1427380004832973e-29,0.0
3D-197,3,0.9999977411235732,2.258876426900888e-06,1.0281868364524293e-23,0.0
3D-197,4,0.9999029375660752,9.706243392501652e-05,6.144720829315712e-28,0.0
3D-197,5,0.9999788232663815,2.117673361874839e-05,5.4714770700280405e-24,0.0
3D-197,6,0.9999787110490423,2.1288950957912652e-05,1.2711776535793722e-30,0.0
3D-197,7,0.9999989686282323,1.031371767522957e-06,5.556736783363862e-25,0.0
3D-198,0,0.9999939054077064,6.094592293891097e-06,4.0696240888869557e-22,0.0
3D-198,1,0.9999999904846848,9.515315310587944e-09,1.0493874185804039e-17,0.0
3D-198,2,1.958408121102668e-17,1.0,1.3075341899603184e-67,0.0
3D-198,3,0.9999999905461312,9.453868720723815e-09,1.0906923707311763e-17,0.0
3D-198,4,0.9999994197920645,5.802079351297358e-07,1.7384315461635357e-24,0.0
3D-198,5,0.9999938965526579,6.103447341560537e-06,4.0864746772036068e-22,0.0
3D-198,6,0.999999413047564,5.869524355972082e-07,1.686443629281004e-24,0.0
3D-198,7,1.901634273394016e-17,1.0,1.2215339983661385e-67,0.0
3D-199,0,0.03431643889044493,0.9656835611095551,2.583813762311365e-33,0.0
3D-199,1,0.9952713514740298,0.004728648525970237,1.0432603902025906e-24,0.0
3D-199,2,0.11000463806075145,0.8899953619392487,9.538506660741889e-36,0.0
3D-199,3,0.9991308589125971,0.0008691410874030463,1.592512248194047e-25,0.0
3D-199,4,1.754111201681722e-11,0.9999999999824589,3.02799518748685e-53,0.0
3D-199,5,0.9999542446787602,4.5755321239900056e-05,1.3706817874033751e-24,0.0
3D-199,6,2.4415532892083226e-07,0.9999997558446712,2.2371611596573897e-45,0.0
3D-199,7,5.592558208530912e-12,0.9999999999944071,5.807786546229341e-55,0.0
3D-200,0,0.9999987236382516,1.276361748410503e-06,5.1657291000418337e-17,0.0
3D-200,1,4.843273688648707e-14,0.999999999999952,1.521954359745463e-59,0.0
3D-200,2,2.154639257387245e-15,0.9999999999999982,2.657576291306993e-60,0.0
3D-200,3,0.9999987018934312,1.2981065689017248e-06,4.8536377334161625e-17,0.0
3D-200,4,2.163354195787874e-15,0.9999999999999982,2.695471799719445e-60,0.0
3D-200,5,0.9999931808370855,6.819162914156481e-06,8.026478290454315e-23,0.0
3D-200,6,4.754398842938492e-14,0.9999999999999529,1.4962023545427159e-59,0.0
3D-200,7,0.9999998628697423,1.3713025774202804e-07,3.912256710647621e-19,0.0
3D-201,0,0.0016681031639789927,0.998331896836021,1.3765830523765553e-37,0.0
3D-201,1,1.223963298401092e-08,0.9999999877603672,1.460305309235179e-49,0.0
3D-201,2,0.9999995098538881,4.901461115231829e-07,4.0619585432807124e-19,0.0
3D-201,3,4.874020364493905e-15,0.9999999999999956,5.92514777214741e-62,0.0
3D-201,4,0.99999961066568,3.8933431964077016e-07,2.4097377117059947e-22,0.0
3D-201,5,4.743134532375263e-19,1.0,1.0563756388961389e-76,0.0
3D-201,6,3.977156222028585e-07,0.9999996022843778,9.979684921283184e-49,0.0
3D-201,7,2.6812681449870154e-12,0.999999999997319,2.3522245889047487e-53,0.0
3D-202,0,1.690053502188928e-29,8.76256824345827e-33,1.0,6.170955907139183e-166
3D-202,1,0.9999999728652907,2.713470891679333e-08,5.161047734769881e-16,0.0
3D-202,2,2.879578743945339e-33,2.472457487233679e-35,1.0,1.6284911056600812e-147
3D-202,3,0.9999998488545189,1.5114548134785922e-07,6.645770819656753e-22,0.0
3D-202,4,1.5625527667357414e-34,2.0658520965012963e-36,1.0,5.081707508762653e-142
3D-202,5,2.5278555137982853e-12,0.9999999999974722,1.8457802556783358e-61,0.0
3D-202,6,0.9999998736333175,1.263666826891104e-07,2.533274983057303e-19,0.0
3D-202,7,0.9999973726738869,2.627326113358284e-06,2.994662833531281e-24,0.0
3D-203,0,9.888447401486709e-22,1.0,9.551851124191221e-70,0.0
3D-203,1,0.9996143245378297,0.0003856754621703654,2.6425834846904456e-24,0.0
3D-203,2,2.6350523357700236e-20,1.0,5.596405179881669e-69,0.0
3D-203,3,1.1146841258565302e-07,0.9999998885315873,2.7872702633658677e-46,0.0
3D-203,4,0.9999999754867727,2.358096194385452e-08,9.322653297318045e-10,0.0
3D-203,5,0.036246320764851604,0.9637536792351484,2.825416141922057e-35,0.0
3D-203,6,3.3186095666411173e-21,1.0,8.849604778549217e-69,0.0
3D-203,7,3.696070957792767e-14,0.9999999999999636,2.4535317424213085e-58,0.0
3D-204,0,0.9999995864268529,4.135731469018351e-07,1.7093378459805224e-21,0.0
3D-204,1,3.400476333666718e-26,1.0,1.8704513369347774e-78,0.0
3D-204,2,0.9999995842023232,4.157976768720069e-07,1.7249268896210514e-21,0.0
3D-204,3,0.9999940606801138,5.939319886403116e-06,3.435143440336829e-20,0.0
3D-204,4,3.210639937747067e-26,1.0,1.6529395484295245e-78,0.0
3D-204,5,0.9986736794596225,0.001326320540377282,9.955813337029563e-29,0.0
3D-204,6,0.998539900613514,0.00146009938648587,8.63964116844109e-29,0.0
3D-204,7,0.9999939229476903,6.077052309602409e-06,3.536086182198107e-20,0.0
3D-205,0,0.9999999666447082,3.335529178250149e-08,3.422565232096818e-17,0.0
3D-205,1,1.2854445987783707e-16,1.0,1.586256609551472e-68,0.0
3D-205,2,9.560244225438873e-12,0.9999999999904396,9.913880786210142e-56,0.0
3D-205,3,0.9999999846761402,1.5323859755512076e-08,5.915278468431292e-17,0.0
3D-205,4,4.5801748666042634e-09,3.6945300194573205e-17,0.9999999954198251,5.637330680010753e-293
3D-205,5,0.00033957764985121226,0.9996604223501486,7.244172918050616e-41,0.0
3D-205,6,0.9999921848723687,7.815127630778749e-06,1.0183634453725859e-25,0.0
3D-205,7,3.050435876271843e-13,0.9999999999996954,1.2093957134522668e-58,0.0
3D-206,0,0.9999999643470365,3.565296334706794e-08,7.096432164526237e-19,0.0
3D-206,1,2.648190962672563e-15,0.9999999999999973,1.750219999631194e-63,0.0
3D-206,2,5.5783046908329034e-14,0.999999999999944,4.203230059263042e-62,0.0
3D-206,3,4.857770929188807e-13,0.9999999999995142,6.389465204225777e-63,0.0
3D-206,4,6.378202739928881e-16,0.9999999999999991,3.6772707601200567e-65,0.0
3D-206,5,2.0483502797092125e-20,1.0,6.270273845742858e-67,0.0
3D-206,6,5.877575534516836e-21,1.0,6.443574030065029e-75,0.0
3D-206,7,0.9999962642691335,3.7357308662931547e-06,4.9687200710099485e-22,0.0
3D-207,0,0.0009625152542992283,0.9990374847457008,6.377254074043318e-39,0.0
3D-207,1,0.9999992294348063,7.705651939845906e-07,2.117412257343835e-21,0.0
3D-207,2,0.9999999039316008,9.606839881636982e-08,9.750668247468284e-18,0.0
3D-207,3,0.9999997632356266,2.367643732894193e-07,3.765576458829639e-17,0.0
3D-207,4,4.1001961335043774e-24,1.0,7.225414571262822e-75,0.0
3D-207,5,0.9999962620780224,3.737921978034058e-06,2.2144491166177966e-24,0.0
3D-207,6,8.396274618080134e-12,0.999999999991604,7.23259387530329e-58,0.0
3D-207,7,6.033530955935101e-20,1.0,4.6279668166287116e-69,0.0
3D-208,0,0.9999972377469625,2.7622530376748278e-06,2.035138455052406e-22,0.0
3D-208,1,2.057190746327092e-18,1.0,2.6858632145355917e-68,0.0
3D-208,2,0.9999972241783489,2.775821651088096e-06,2.028301135328487e-22,0.0
3D-208,3,2.0600465782127575e-18,1.0,2.703416677032813e-68,0.0
3D-208,4,7.858177572963107e-17,1.0,1.0974541907022276e-66,0.0
3D-208,5,4.385844536983621e-12,0.9999999999956142,2.169525395532481e-58,0.0
3D-208,6,7.987390584920903e-17,1.0,1.1267579887194694e-66,0.0
3D-208,7,4.429889349494036e-12,0.9999999999955707,2.244377643248896e-58,0.0
3D-209,0,0.9998897921860521,0.00011020781394777288,2.1699107622391066e-27,0.0
3D-209,1,7.20607111794659e-14,0.9999999999999281,3.6021030464249776e-64,0.0
3D-209,2,0.9999995440981149,4.5590188538870623e-07,7.04164317663692e-21,0.0
3D-209,3,0.9998911660455222,0.00010883395447749225,2.1953026659420493e-27,0.0
3D-209,4,0.999999863132186,1.3686781415190077e-07,8.591529317274196e-18,0.0
3D-209,5,6.796724941641812e-14,0.999999999999932,3.2067693533639416e-64,0.0
3D-209,6,0.9999995454246585,4.5457534124529653e-07,7.269373135884931e-21,0.0
3D-209,7,0.9999998632141742,1.3678582591739747e-07,8.549763237868169e-18,0.0
3D-210,0,0.9999986435350329,1.3564649670133206e-06,1.365236823224126e-20,0.0
3D-210,1,1.3426008342038083e-09,0.9999999986573993,4.1341064801418754e-55,0.0
3D-210,2,5.7565897174561515e-15,0.9999999999999942,1.6080586453459922e-56,0.0
3D-210,3,0.9999986173562025,1.382643797186658e-06,1.278176259196186e-20,0.0
3D-210,4,0.9999986433692013,1.3566307984294008e-06,1.3672607471150336e-20,0.0
3D-210,5,1.3416190701992492e-09,0.9999999986583812,4.1350571595765334e-55,0.0
3D-210,6,5.755289269145602e-15,0.9999999999999942,1.6160963278266257e-56,0.0
3D-210,7,0.999998618651886,1.3813481138255108e-06,1.2793244215709563e-20,0.0
3D-211,0,0.09524540257983007,0.9047545974201701,7.713373498656202e-35,0.0
3D-211,1,1.4000399496976537e-06,0.9999985999600502,2.4557297124390357e-48,0.0
3D-211,2,1.6824125323138033e-16,1.0,1.9487464716209196e-61,0.0
3D-211,3,1.73863116564412e-08,0.9999999826136882,2.788181233100154e-47,0.0
3D-211,4,1.2030594586873704e-11,0.9999999999879696,2.4539732653300814e-52,0.0
3D-211,5,2.3439359546636336e-08,0.9999999765606404,1.9127708803908596e-48,0.0
3D-211,6,0.9999993916446658,6.083553343747033e-07,1.0422458248963738e-17,0.0
3D-211,7,2.742565939988229e-12,0.9999999999972577,1.2431357712953586e-53,0.0
3D-212,0,5.256577205118112e-21,1.0,1.3213983375142422e-69,0.0
3D-212,1,0.9999997649116096,2.350883906976284e-07,3.5869292626129466e-22,0.0
3D-212,2,4.234176650914974e-22,1.0,7.763469245444292e-76,0.0
3D-212,3,1.9707801661139425e-22,1.0,2.1322012043942329e-72,0.0
3D-212,4,1.6276143974959404e-19,1.0,1.2456750923596418e-69,0.0
3D-212,5,0.999999370591456,6.294085438892135e-07,8.461228222767089e-24,0.0
3D-212,6,1.5316771904713634e-29,7.356513918192248e-33,1.0,8.901734448206022e-166
3D-212,7,7.113516199476365e-21,1.0,1.884413883391612e-71,0.0
3D-213,0,4.1099216322913865e-20,1.0,8.207011918166853e-72,0.0
3D-213,1,2.026912742664943e-13,0.9999999999997975,6.850972209973983e-56,0.0
3D-213,2,4.045946353293694e-14,0.9999999999999596,3.6263120087995815e-56,0.0
3D-213,3,4.491816974737275e-15,0.9999999999999956,1.1720248744655322e-58,0.0
3D-213,4,2.953545352359676e-14,0.9999999999999707,4.656533205235439e-61,0.0
3D-213,5,0.9999995858605835,4.1413941656265924e-07,6.084317993721529e-19,0.0
3D-213,6,7.075246479674403e-11,0.9999999999292477,1.3517999950305397e-54,0.0
3D-213,7,0.9999874550096655,1.2544990334658564e-05,2.8169934528419255e-21,0.0
3D-214,0,0.999956769483476,4.323051652365289e-05,1.667701705884615e-25,0.0
3D-214,1,0.9999878028508125,1.219714918735063e-05,3.940258433101207e-25,0.0
3D-214,2,0.999953232078772,4.6767921227864705e-05,1.3980931037365555e-24,0.0
3D-214,3,2.5041460921748e-07,0.9999997495853907,1.6150859577734358e-47,0.0
3D-214,4,0.9999995674728618,4.3252713787766183e-07,3.440654406182413e-16,0.0
3D-214,5,0.9999869394192303,1.3060580769710783e-05,4.212236213959879e-25,0.0
3D-214,6,0.99999959990061,4.0009938957255933e-07,1.6164521035961027e-18,0.0
3D-214,7,1.8731482175263466e-16,1.0,7.713560798565289e-64,0.0
3D-215,0,1.341760376351238e-29,2.3733010797624932e-32,1.0,1.5616895193944457e-164
3D-215,1,0.9999999852645267,1.4732541771122455e-08,2.9314166482662146e-12,0.0
3D-215,2,0.9999999857365625,1.4259706675734618e-08,3.730885141284439e-12,0.0
3D-215,3,4.1949488487485875e-08,0.9999999580505112,1.1415472110374485e-49,0.0
3D-215,4,1.345488126800048e-29,2.378343641622886e-32,1.0,1.5404240894604498e-164
3D-215,5,0.9999999852885293,1.4708505019832346e-08,2.965729342183048e-12,0.0
3D-215,6,0.9999999857320039,1.426427947108447e-08,3.7166748717875174e-12,0.0
3D-215,7,4.1670962439386844e-08,0.9999999583290373,1.1255638840780854e-49,0.0
3D-216,0,0.9999963830841617,3.6169158386325935e-06,3.2340544270719985e-25,0.0
3D-216,1,0.9999994431722947,5.568277055032715e-07,3.99243642026955e-24,0.0
3D-216,2,1.0136245558849226e-16,1.0,1.8189273763516176e-65,0.0
3D-216,3,3.073992258014895e-17,1.0,1.1647710055371786e-68,0.0
3D-216,4,0.9999997192910465,2.807089538110444e-07,2.3184972707960216e-22,0.0
3D-216,5,0.9999998065885229,1.9341147683535137e-07,3.6419095593776535e-22,0.0
3D-216,6,0.9999998654698798,1.3453012042681086e-07,1.701649767215145e-21,0.0
3D-216,7,0.9999998197766671,1.802233330990064e-07,4.9800140530406725e-20,0.0
3D-217,0,3.7421124819966106e-12,0.9999999999962581,2.972477956242063e-54,0.0
3D-217,1,7.216498517091724e-16,0.9999999999999991,7.0433536304339085e-65,0.0
3D-217,2,0.050608799939486866,0.9493912000605133,4.8421698787899206e-36,0.0
3D-217,3,0.9999977840768806,2.2159231197957717e-06,5.0678999928337314e-23,0.0
3D-217,4,1.4360540741654247e-09,0.9999999985639461,4.547805284468055e-51,0.0
3D-217,5,0.9998981763493895,0.00010182365061041245,4.092716099369864e-21,0.0
3D-217,6,1.6533318024763526e-14,0.9999999999999836,1.8270565969549325e-66,0.0
3D-217,7,9.096238209432457e-25,1.0,3.678571521156723e-71,0.0
3D-218,0,0.9999978549864866,2.145013513240109e-06,8.85029807166974e-23,0.0
3D-218,1,0.9999549275443567,4.50724556431884e-05,3.5461143762613e-25,0.0
3D-218,2,0.9999998978745718,1.0212542350086441e-07,4.8022715717893025e-15,0.0
3D-218,3,6.218517012110069e-11,0.9999999999378151,5.544432182373734e-52,0.0
3D-218,4,4.974849688812306e-11,0.9999999999502518,1.1573122429643116e-52,0.0
3D-218,5,1.2890946665368705e-11,0.999999999987109,5.8394193078726e-54,0.0
3D-218,6,1.4123319610528712e-12,0.9999999999985878,1.9060920543558202e-56,0.0
3D-218,7,0.9999945991603985,5.400839601452407e-06,2.6290391227563206e-19,0.0
3D-219,0,0.9993506916314285,0.0006493083685716205,1.100944107387121e-27,0.0
3D-219,1,0.9999999312181381,6.87818596535452e-08,2.1951682881814145e-15,0.0
3D-219,2,0.9999963775957106,3.622404289285146e-06,6.842670312934862e-24,0.0
3D-219,3,0.9992667203094192,0.0007332796905808626,3.870423348229061e-27,0.0
3D-219,4,4.8648553563722146e-11,0.9999999999513514,3.41908949828162e-52,0.0
3D-219,5,4.350170756254225e-13,0.9999999999995648,1.9742159612102945e-60,0.0
3D-219,6,0.9999997758342076,2.2416579227287774e-07,1.4546319161499569e-18,0.0
3D-219,7,0.9999997408300606,2.5916993937562767e-07,3.9201879919929484e-18,0.0
3D-220,0,3.175958460188782e-20,1.0,3.083058767100323e-73,0.0
3D-220,1,2.7990030787920943e-18,1.0,4.063523522702677e-66,0.0
3D-220,2,6.279567839080344e-19,1.0,3.133684130973845e-71,0.0
3D-220,3,0.9999995622345911,4.3776540898891843e-07,8.579377253580528e-23,0.0
3D-220,4,0.9999994846877107,5.15312289560343e-07,1.4315166347379597e-22,0.0
3D-220,5,0.9999999910592661,8.940732971588122e-09,1.0445101655249872e-15,0.0
3D-220,6,0.9999991694691482,8.305308521694722e-07,2.1868962088086987e-24,0.0
3D-220,7,9.199751510920047e-31,4.663280190144996e-34,1.0,5.361363043791641e-160
3D-221,0,4.371133226499945e-10,0.9999999995628868,6.089580837320659e-45,0.0
3D-221,1,5.1238688617532995e-19,1.0,9.838181991143017e-68,0.0
3D-221,2,0.9999899669311507,1.0033068849564071e-05,9.108878697507522e-24,0.0
3D-221,3,5.508050153928967e-11,0.9999999999449196,7.652988074117392e-51,0.0
3D-221,4,7.011974289090695e-14,0.9999999999999298,1.293542429303421e-54,0.0
3D-221,5,5.037345731780215e-16,0.9999999999999996,7.566833886809512e-59,0.0
3D-221,6,2.4204246768922276e-15,0.9999999999999973,3.943009501130019e-60,0.0
3D-221,7,0.9999987596367698,1.2403632301307993e-06,1.3401160925425737e-17,0.0
3D-222,0,4.847690672182855e-11,0.9999999999515232,2.7706747498330392e-55,0.0
3D-222,1,8.620843237190815e-10,0.9999999991379158,6.884924774484765e-50,0.0
3D-222,2,1.696507138026335e-17,1.0,2.149253882481845e-69,0.0
3D-222,3,1.9872610534956606e-14,0.9999999999999805,6.402764741697935e-57,0.0
3D-222,4,1.1006444989393577e-11,0.9999999999889937,1.0461741428524621e-55,0.0
3D-222,5,1.4469236288590198e-12,0.9999999999985532,6.778040378635676e-60,0.0
3D-222,6,0.9999595435667183,4.045643328202615e-05,8.105540384657532e-28,0.0
3D-222,7,0.9999995218926468,4.781073533444713e-07,2.5259167730741274e-21,0.0
3D-223,0,0.9999903757066935,9.624293307009795e-06,2.931289917554105e-24,0.0
3D-223,1,5.266128530601337e-12,0.999999999994734,3.162598313921198e-55,0.0
3D-223,2,0.9951419712961349,0.004858028703864983,2.7498009350008603e-22,0.0
3D-223,3,5.383683957459755e-12,0.9999999999946168,3.2983446590938606e-55,0.0
3D-223,4,0.9999903404117497,9.659588250202725e-06,2.906475604824829e-24,0.0
3D-223,5,5.31393300079578e-12,0.999999999994686,3.2067093971228476e-55,0.0
3D-223,6,0.9951315016328197,0.004868498367180196,2.7408105139960404e-22,0.0
3D-223,7,5.4897207036881235e-12,0.9999999999945102,3.4157120758275976e-55,0.0
3D-224,0,1.5434274358620846e-07,0.9999998456572564,3.1322081955304644e-53,0.0
3D-224,1,3.7814556684965865e-10,0.9999999996218545,8.527026942020305e-56,0.0
3D-224,2,8.115259414049749e-14,0.9999999999999192,6.763534099755344e-62,0.0
3D-224,3,3.7197712678440366e-18,1.0,7.109934214970707e-69,0.0
3D-224,4,2.7688570883373908e-18,1.0,7.432144076661439e-64,0.0
3D-224,5,3.2310346784631707e-12,0.9999999999967688,7.287764213710033e-56,0.0
3D-224,6,1.8255823718568357e-14,0.9999999999999818,4.145375486349948e-58,0.0
3D-224,7,4.7619746143081685e-15,0.9999999999999956,4.930533507383568e-66,0.0
3D-225,0,4.174312638218005e-11,0.9999999999582574,3.913782186732629e-53,0.0
3D-225,1,1.928881671911509e-10,0.9999999998071116,1.7236677692018317e-53,0.0
3D-225,2,3.265454795677556e-15,0.9999999999999969,9.895337076717632e-60,0.0
3D-225,3,4.340332555334144e-20,1.0,1.5008927317972184e-69,0.0
3D-225,4,5.122548534881955e-10,0.9999999994877453,1.778614821571685e-51,0.0
3D-225,5,1.443114353986291e-16,1.0,4.381901319944768e-62,0.0
3D-225,6,0.9999231440656079,7.685593439239398e-05,1.1364389525170298e-27,0.0
3D-225,7,0.9588065776960567,0.04119342230394322,9.351846562841626e-27,0.0
3D-226,0,0.9999993698249052,6.301750945278736e-07,1.2401452889842965e-20,0.0
3D-226,1,1.1236499545988008e-12,0.9999999999988765,1.6212625160483453e-59,0.0
3D-226,2,0.9999999975515008,2.448469381864712e-09,2.982995209735433e-14,0.0
3D-226,3,0.0001092902669697772,0.9998907097330301,2.5106526331586145e-41,0.0
3D-226,4,3.9042668922185937e-23,1.0,1.4665959806295588e-74,0.0
3D-226,5,0.00020996165316956313,0.9997900383468304,7.458509485989508e-41,0.0
3D-226,6,2.5295022498167718e-23,1.0,1.0971886312771103e-74,0.0
3D-226,7,2.909459471908129e-13,0.9999999999997096,4.792640164393096e-59,0.0
3D-227,0,3.952348673832549e-12,0.9999999999960476,2.4622954769598864e-56,0.0
3D-227,1,0.9999992457344977,7.542655027732938e-07,4.879054076357264e-24,0.0
3D-227,2,0.9977559653731899,0.0022440346268101977,2.779060633689485e-22,0.0
3D-227,3,3.1928522448580597e-12,0.999999999996807,3.706181228167338e-56,0.0
3D-227,4,0.9999992532951038,7.467048960877556e-07,4.9430446673756356e-24,0.0
3D-227,5,4.188783403281045e-12,0.9999999999958114,2.7593342965369977e-56,0.0
3D-227,6,0.9977539165489006,0.0022460834510994593,2.8160418504097065e-22,0.0
3D-227,7,2.958954494374168e-12,0.9999999999970415,3.215751276608859e-56,0.0
3D-228,0,1.0219242914762984e-09,0.9999999989780761,1.5272661286770877e-51,0.0
3D-228,1,1.0269956985019504e-09,0.9999999989730046,1.543149316181429e-51,0.0
3D-228,2,6.392479895767239e-20,1.0,4.0705479311424634e-64,0.0
3D-228,3,6.438559694693177e-20,1.0,4.1257877129180715e-64,0.0
3D-228,4,6.458745570676204e-06,0.9999935412544294,5.696443270071101e-41,0.0
3D-228,5,6.520369474600176e-06,0.9999934796305254,5.865516529455643e-41,0.0
3D-228,6,1.4821699495009934e-14,0.9999999999999849,2.2767177465500763e-63,0.0
3D-228,7,1.4929676459904255e-14,0.9999999999999849,2.3038824092623297e-63,0.0
3D-229,0,0.9999995866932371,4.1330676281173597e-07,6.475063759527582e-25,0.0
3D-229,1,0.9999999336538683,6.634613163109848e-08,2.4625392552458973e-21,0.0
3D-229,2,0.9999950654866692,4.934513331010488e-06,2.2863219545955132e-21,0.0
3D-229,3,1.9101684338776286e-14,0.9999999999999813,2.4413313450902283e-62,0.0
3D-229,4,4.0750970262866036e-20,1.0,2.1597967775577054e-73,0.0
3D-229,5,0.9999998831767934,1.1682320682256248e-07,4.477284013044013e-21,0.0
3D-229,6,0.9999977910465131,2.2089534867663124e-06,8.348199088895033e-25,0.0
3D-229,7,0.9999998166187057,1.8338129408984333e-07,2.7212114518313127e-23,0.0
3D-230,0,0.9994435816416426,0.000556418358357278,4.003562216026258e-26,0.0
3D-230,1,0.9999392841215478,6.071587845183889e-05,2.9567649974804605e-28,0.0
3D-230,2,0.08029344004378636,0.9197065599562136,6.941598982011539e-34,0.0
3D-230,3,2.45713114692657e-13,0.9999999999997544,4.109402806436577e-62,0.0
3D-230,4,0.0005126367165898523,0.9994873632834103,5.70590997087417e-44,0.0
3D-230,5,0.40719499616927535,0.5928050038307248,1.5563363440708924e-38,0.0
3D-230,6,0.9999999619690872,3.803091312498541e-08,2.3405892331790703e-18,0.0
3D-230,7,0.9999444244696275,5.557553037208248e-05,4.191679887609844e-24,0.0
3D-231,0,0.9999937371422395,6.262857760169189e-06,2.4684590983122044e-26,0.0
3D-231,1,0.9999866142004717,1.3385799528114194e-05,4.166378037411327e-26,0.0
3D-231,2,0.9999996802842142,3.197157861193704e-07,1.5725660889916582e-23,0.0
3D-231,3,1.962056061817756e-17,1.0,7.168001302092918e-71,0.0
3D-231,4,7.265859796149569e-33,4.564895297784629e-36,1.0,7.025602838645261e-150
3D-231,5,0.9999999111290534,8.887094698144948e-08,4.278892339352589e-19,0.0
3D-231,6,0.9994004809658975,0.0005995190341023125,4.0389758081734653e-32,0.0
3D-231,7,0.9999954975273859,4.5024726143605e-06,5.997788144455482e-27,0.0
3D-232,0,0.999993706522161,6.293477839250412e-06,4.888463045380214e-25,0.0
3D-232,1,0.9999883640284774,1.1635971522912497e-05,3.1446967541345015e-26,0.0
3D-232,2,0.9999948740212535,5.125978745907196e-06,2.2598899435552298e-24,0.0
3D-232,3,4.3765624968561e-15,0.9999999999999956,3.8183082431744327e-63,0.0
3D-232,4,6.011136951883296e-37,8.2113367142105e-39,1.0,7.118537154563417e-132
3D-232,5,2.823417549896717e-35,7.046254195915725e-38,1.0,6.997232367181638e-139
3D-232,6,0.999999988634433,1.1365566715917263e-08,1.2037027063471593e-16,0.0
3D-232,7,1.622981321772871e-34,4.813952004217491e-37,1.0,1.7043582156114987e-142
3D-233,0,0.9999791989562934,2.0801043706412028e-05,5.349201453950538e-28,0.0
3D-233,1,0.9999792536543498,2.074634565049523e-05,5.380598597863901e-28,0.0
3D-233,2,0.9999682857604305,3.1714239569788725e-05,8.774505257001805e-24,0.0
3D-233,3,0.9999683024777684,3.169752223182528e-05,8.784321762830425e-24,0.0
3D-233,4,0.999979252462218,2.074753778231398e-05,5.500222523823615e-28,0.0
3D-233,5,0.9999791328770251,2.086712297470783e-05,5.412792124134325e-28,0.0
3D-233,6,0.997203679612942,0.0027963203870578937,5.968723691991858e-34,0.0
3D-233,7,0.9972237495516616,0.0027762504483382724,6.063286169635139e-34,0.0
3D-234,0,0.9999833909883092,1.6609011690760606e-05,1.6401378981315136e-26,0.0
3D-234,1,9.64848843537673e-16,0.9999999999999991,9.314162654792639e-68,0.0
3D-234,2,1.7272578698236857e-19,1.0,1.3958544493560692e-76,0.0
3D-234,3,7.670954949056368e-16,0.9999999999999991,8.758444463235606e-63,0.0
3D-234,4,0.9999996531182302,3.4688176942400813e-07,2.853237918879942e-23,0.0
3D-234,5,0.999998255218858,1.744781142315722e-06,8.163388177571657e-22,0.0
3D-234,6,0.9999955906139031,4.4093860965994995e-06,2.9171674175558717e-24,0.0
3D-234,7,5.5134231605870475e-22,1.0,1.892327418989194e-74,0.0
3D-235,0,0.9999984236297513,1.5763702488969182e-06,1.1988732850336411e-24,0.0
3D-235,1,0.9999997465385732,2.5346142667294103e-07,2.3661509849151216e-25,0.0
3D-235,2,0.9999999444276468,5.5572352952179286e-08,1.1010058516647974e-19,0.0
3D-235,3,0.9999998665385093,1.3346149062143322e-07,2.8531718067419914e-21,0.0
3D-235,4,5.640115897006307e-07,0.9999994359884102,3.649099328509808e-49,0.0
3D-235,5,6.3231383125857e-11,0.9999999999367688,2.4003553815677037e-60,0.0
3D-235,6,3.81320089503936e-15,0.9999999999999964,9.206081022781997e-66,0.0
3D-235,7,2.913349151082077e-20,1.0,4.4642443395104015e-74,0.0
3D-236,0,0.9993850830464918,0.0006149169535083933,1.6388063108135876e-30,0.0
3D-236,1,8.523516140750698e-09,0.9999999914764839,1.5616677787184926e-51,0.0
3D-236,2,8.410660158142339e-09,0.9999999915893398,1.5240532734312715e-51,0.0
3D-236,3,0.9999999966022148,4.0136723687929083e-10,2.9964180978502412e-09,0.0
3D-236,4,8.274040348006712e-09,0.9999999917259599,1.4681028387421264e-51,0.0
3D-236,5,0.999999996530823,4.007736682166227e-10,3.0684035854560938e-09,0.0
3D-236,6,0.9993837819917868,0.0006162180082133002,1.6345341233120498e-30,0.0
3D-236,7,8.776664125517439e-09,0.9999999912233357,1.6580989139234887e-51,0.0
3D-237,0,2.0787716968384504e-07,0.9999997921228302,3.086880151021143e-45,0.0
3D-237,1,4.840083245779589e-30,1.0,1.4235445586351543e-81,0.0
3D-237,2,3.508200038650513e-13,0.9999999999996492,7.29047978146436e-59,0.0
3D-237,3,0.9999999879942761,1.2005208681124552e-08,5.15052554142375e-13,0.0
3D-237,4,0.8223852824419862,0.17761471755801372,7.525811761834149e-31,0.0
3D-237,5,0.5113427607513397,0.48865723924866034,9.640770984808403e-33,0.0
3D-237,6,4.354673097515498e-08,0.999999956453269,1.970655324053758e-47,0.0
3D-237,7,7.403198142248526e-26,1.0,3.8601708567087685e-82,0.0
3D-238,0,3.6476389035043213e-31,4.791592141889678e-34,1.0,8.744833117596399e-158
3D-238,1,0.9999971794699483,2.8205300519909123e-06,2.659744196501153e-22,0.0
3D-238,2,1.6148709897706891e-18,1.0,1.221016598829731e-66,0.0
3D-238,3,1.5703079137641662e-17,1.0,1.0201169540396182e-67,0.0
3D-238,4,8.976853307341785e-09,0.9999999910231465,4.3654598197414716e-51,0.0
3D-238,5,0.9999995648838921,4.351161082934823e-07,1.716450557321623e-23,0.0
3D-238,6,3.2248327883804714e-13,0.9999999999996776,3.3363487453654985e-60,0.0
3D-238,7,1.1782475932798802e-28,1.0,2.8558122451274996e-84,0.0
3D-239,0,3.04935165591157e-19,1.0,1.3674115080424718e-65,0.0
3D-239,1,1.1994376685195628e-17,1.0,8.231031527895433e-65,0.0
3D-239,2,3.1666312886338135e-12,0.9999999999968336,6.3815952062025845e-56,0.0
3D-239,3,3.300388359939652e-30,5.395257137356107e-33,1.0,6.600735492835471e-162
3D-239,4,9.98168700074415e-22,1.0,9.062277330248268e-73,0.0
3D-239,5,0.9999999147468889,8.525311089049973e-08,4.509546607172271e-18,0.0
3D-239,6,0.9999625623784811,3.743762151869742e-05,3.688066496688632e-25,0.0
3D-239,7,1.364077202837212e-31,3.0613164873272407e-34,1.0,1.4216425128642774e-155
3D-240,0,6.688231258908427e-14,0.9999999999999334,5.98135772152664e-60,0.0
3D-240,1,7.045602117071787e-13,0.9999999999992957,7.760477530918246e-57,0.0
3D-240,2,0.9999817735414259,1.8226458574065515e-05,8.867340325039879e-25,0.0
3D-240,3,1.6864154453075423e-16,1.0,1.8607048488230042e-65,0.0
3D-240,4,0.9999972965225123,2.7034774874829903e-06,9.36877878020787e-24,0.0
3D-240,5,2.4648938319719195e-24,1.0,3.0868214626381e-80,0.0
3D-240,6,0.9999995892791524,4.107208473966939e-07,1.7887028500204093e-20,0.0
3D-240,7,0.9999991852604714,8.147395285299135e-07,7.745212534729523e-19,0.0
3D-241,0,0.9999999822890359,1.7710963172528925e-08,8.723249814133694e-16,0.0
3D-241,1,9.712057066485819e-25,1.0,4.619116614932166e-74,0.0
3D-241,2,1.7805922557796105e-30,1.191922548163475e-33,1.0,2.9586622110593047e-161
3D-241,3,1.09663473697682e-15,0.9999999999999991,1.503033461509494e-60,0.0
3D-241,4,0.999999875268718,1.247312789867152e-07,3.1832953046474513e-15,0.0
3D-241,5,2.3644252179181686e-15,0.9999999999999973,7.460218528307867e-64,0.0
3D-241,6,7.862116626311507e-15,0.999999999999992,6.2839395907345e-60,0.0
3D-241,7,5.524656482414498e-17,1.0,5.981962657442569e-61,0.0
3D-242,0,0.9998102690917791,0.00018973090822108272,1.1399636691143348e-24,0.0
3D-242,1,0.995058971210275,0.004941028789725289,3.751964217433375e-29,0.0
3D-242,2,0.9996808259217945,0.00031917407820572963,1.6984478723353366e-24,0.0
3D-242,3,0.9999964448143123,3.555185687779075e-06,6.72028949557583e-21,0.0
3D-242,4,0.9983785298402647,0.0016214701597350104,2.0623478553437567e-26,0.0
3D-242,5,0.9999974980839744,2.5019160258370466e-06,4.521471735390428e-22,0.0
3D-242,6,0.9997275056062446,0.00027249439375538965,1.084171225389739e-28,0.0
3D-242,7,0.9897777297132447,0.010222270286755087,2.5420705318575457e-31,0.0
3D-243,0,0.9999990423472715,9.576527282835928e-07,2.4307457947219424e-20,0.0
3D-243,1,6.943397276302277e-31,1.0,4.754420080829682e-85,0.0
3D-243,2,1.349195385581446e-19,1.0,6.854122610589933e-69,0.0
3D-243,3,0.960302115064198,0.039697884935801994,1.4588716104380958e-26,0.0
3D-243,4,2.812792362136529e-36,1.0,1.3423710671506916e-92,0.0
3D-243,5,6.59352568076807e-11,0.9999999999340652,4.766207592791834e-53,0.0
3D-243,6,4.000270107468945e-33,1.0,3.397136302913345e-90,0.0
3D-243,7,3.277743781625112e-14,0.9999999999999671,9.326800676279952e-60,0.0
3D-244,0,0.9979583307670467,0.0020416692329533297,2.865948253578907e-25,0.0
3D-244,1,1.7347913626183827e-15,0.9999999999999982,3.7302704467447065e-62,0.0
3D-244,2,1.2209906159495858e-23,1.0,2.420069057773577e-73,0.0
3D-244,3,0.9999997687150725,2.3128491645010887e-07,1.1119213243950824e-14,0.0
3D-244,4,5.16028620721548e-07,0.9999994839713792,1.0656169761986149e-45,0.0
3D-244,5,1.1630834911000169e-24,1.0,1.3316720971920163e-74,0.0
3D-244,6,0.9999519595710963,4.804042890356938e-05,5.502968705224149e-23,0.0
3D-244,7,1.2239304145203675e-06,0.9999987760695854,1.233481628758348e-43,0.0
3D-245,0,0.9999965040912056,3.495908794751178e-06,2.734736742196136e-25,0.0
3D-245,1,0.9999971357783112,2.8642216893434556e-06,8.421374121065218e-25,0.0
3D-245,2,9.896304649130999e-35,7.66370031283532e-37,1.0,1.9373147636142656e-141
3D-245,3,1.4663091171943111e-36,1.0894475692787527e-38,1.0,2.006000227013144e-133
3D-245,4,0.9999984423200637,1.5576799362095358e-06,1.9912546150650534e-25,0.0
3D-245,5,0.9999991135878264,8.864121735765773e-07,4.171735086283488e-24,0.0
3D-245,6,0.999998616077079,1.383922920565238e-06,8.154346192488264e-26,0.0
3D-245,7,0.9999926778995377,7.3221004623108475e-06,2.9680827190552683e-26,0.0
3D-246,0,0.9999834183275639,1.6581672436416007e-05,1.0141968777473033e-26,0.0
3D-246,1,0.9999995753041317,4.24695868461144e-07,6.101188612225214e-23,0.0
3D-246,2,7.702910770760908e-14,0.9999999999999232,2.9856574220332318e-65,0.0
3D-246,3,0.9999967401692003,3.25983079978386e-06,1.6387260281475658e-24,0.0
3D-246,4,8.080426308366441e-14,0.9999999999999192,4.1591033368962925e-63,0.0
3D-246,5,0.9999988266565367,1.1733434636887878e-06,2.6719704208705463e-22,0.0
3D-246,6,0.9999908792273093,9.120772691015664e-06,8.580764571082749e-27,0.0
3D-246,7,0.9997662372480176,0.00023376275198254848,9.513089370992101e-30,0.0
3D-247,0,0.999999248586671,7.514133294601147e-07,1.2212128411182518e-20,0.0
3D-247,1,0.9999936249484024,6.375051597410724e-06,9.127734454457023e-25,0.0
3D-247,2,0.999999243451237,7.565487627874433e-07,1.1822448006429694e-20,0.0
3D-247,3,0.999993743343926,6.256656073980084e-06,9.62671526794853e-25,0.0
3D-247,4,4.009834964834167e-19,1.0,1.427031195325602e-67,0.0
3D-247,5,0.9999735920147649,2.6407985235110404e-05,1.105911958709159e-23,0.0
3D-247,6,1.0212447980187604e-19,1.0,5.904069531748024e-73,0.0
3D-247,7,0.9999738319720932,2.6168027907041245e-05,1.148504507001183e-23,0.0
3D-248,0,4.4286007987630674e-13,0.9999999999995577,6.888326579421336e-59,0.0
3D-248,1,5.220317624727705e-13,0.9999999999994778,4.615091942494199e-60,0.0
3D-248,2,0.9999998658604846,1.3413951542593088e-07,1.0526617300732589e-19,0.0
3D-248,3,0.9999969330582392,3.066941760783691e-06,2.4801086715167283e-23,0.0
3D-248,4,0.9999997979073632,2.0209263649250893e-07,3.9566970855698306e-25,0.0
3D-248,5,0.9999996629998628,3.3700013699786064e-07,8.538085719064368e-20,0.0
3D-248,6,0.9999998596073995,1.4039260098244462e-07,6.699993764926419e-21,0.0
3D-248,7,0.999998590695757,1.4093042429755333e-06,2.9236348010142043e-24,0.0
3D-249,0,6.435281013505344e-34,5.019305373070727e-37,1.0,9.77793442741662e-145
3D-249,1,0.9999988078500907,1.1921499095161868e-06,4.3639742498247515e-24,0.0
3D-249,2,0.9999999881641958,1.1835801527290252e-08,2.7560629368411386e-15,0.0
3D-249,3,2.8722521221073734e-16,1.0,6.080327101245382e-67,0.0
3D-249,4,0.9999997528138177,2.471861821752318e-07,7.926005518174887e-24,0.0
3D-249,5,0.9999993044711729,6.955288269535982e-07,7.456823149190611e-24,0.0
3D-249,6,0.9999997242592238,2.7574077639346985e-07,5.001486108400067e-23,0.0
3D-249,7,0.9999999316793581,6.832064224415744e-08,6.629497912920493e-23,0.0
3D-250,0,0.9999081518539643,9.184814603585971e-05,8.804389846736853e-27,0.0
3D-250,1,0.9999953980400333,1.1999345968801686e-09,4.600760032077934e-06,0.0
3D-250,2,1.2958547836377016e-15,0.9999999999999987,3.390150308698951e-60,0.0
3D-250,3,0.9999954812312497,4.51876875040619e-06,7.458953343211254e-25,0.0
3D-250,4,1.8859667594711358e-22,1.0,1.7997836713429763e-76,0.0
3D-250,5,1.196899774547861e-25,1.0,2.9045254244547226e-86,0.0
3D-250,6,0.9998431005897981,0.00015689941020154683,7.787720222822016e-30,0.0
3D-250,7,0.999999993630964,6.325708054710354e-09,4.332788501850469e-11,0.0
3D-251,0,0.9999969534113112,2.1743543789120462e-10,3.0463712530856308e-06,0.0
3D-251,1,2.5327836465809535e-06,0.9999974672163533,1.0058349813730725e-51,0.0
3D-251,2,0.9999370669741595,6.293302584039971e-05,3.343959071260793e-24,0.0
3D-251,3,3.378182472716952e-22,1.0,1.8996999604739792e-77,0.0
3D-251,4,3.4891265979181912e-22,1.0,1.982722370740686e-77,0.0
3D-251,5,0.9999968281444295,3.1718555701577134e-06,3.208559847271383e-22,0.0
3D-251,6,2.447149912240387e-06,0.9999975528500877,9.371281150501528e-52,0.0
3D-251,7,0.9999968561592887,3.14384071106371e-06,3.2811350505288575e-22,0.0
3D-252,0,0.9999997361534769,2.6384652264584373e-07,1.0378852825425409e-22,0.0
3D-252,1,0.9999995380458585,4.6195414155719253e-07,7.424974067274183e-23,0.0
3D-252,2,1.774906111377542e-29,3.2129226122781076e-33,1.0,2.2443169033402877e-166
3D-252,3,9.591347669107669e-38,1.8496831303671324e-39,1.0,1.805890910110381e-128
3D-252,4,1.7752490335198792e-29,3.2134217315412705e-33,1.0,2.2421512115874716e-166
3D-252,5,0.9999995435127469,4.5648725287960906e-07,7.401771572943427e-23,0.0
3D-252,6,0.999999736255556,2.6374444352033396e-07,1.0370190866224157e-22,0.0
3D-252,7,9.320184201417551e-38,1.8013913022433255e-39,1.0,2.044897995771509e-128
3D-253,0,0.9999292700220173,7.072997798266124e-05,8.555101881169184e-22,0.0
3D-253,1,3.265238758740303e-20,1.0,1.7265938404338083e-65,0.0
3D-253,2,1.6073240093284946e-14,0.999999999999984,1.4506785310506547e-58,0.0
3D-253,3,0.13633017478758105,0.863669825212419,1.6691604309176654e-33,0.0
3D-253,4,1.2125845211761495e-08,0.9999999878741548,8.888889265037037e-44,0.0
3D-253,5,0.99827335591062,0.0017266440893800787,1.032470310833837e-26,0.0
3D-253,6,2.945240309074955e-11,0.9999999999705476,3.1951300938114884e-47,0.0
3D-253,7,0.14419878310496967,0.8558012168950303,1.2686565239689613e-32,0.0
3D-254,0,2.090777595833705e-16,1.0,5.739181464342511e-64,0.0
3D-254,1,1.7338952444407708e-16,1.0,1.2931904207725075e-60,0.0
3D-254,2,0.9999996500214112,3.4997858875775597e-07,5.051303929611692e-18,0.0
3D-254,3,2.078096261415666e-11,0.9999999999792193,8.576552825166285e-53,0.0
3D-254,4,0.9999996616614397,3.383385605929768e-07,1.9327522280180695e-20,0.0
3D-254,5,0.0004993208041291523,0.9995006791958708,1.3886999036088628e-40,0.0
3D-254,6,3.3472500794633605e-15,0.9999999999999964,4.58826394040684e-64,0.0
3D-254,7,5.977153609946771e-15,0.9999999999999938,5.18433755435494e-60,0.0
3D-255,0,3.271992950509729e-26,4.744675310537439e-30,1.0,1.3134986668739808e-182
3D-255,1,3.574260587619858e-13,0.999999999999643,1.3695909668004684e-58,0.0
3D-255,2,0.9999477707837167,5.2229216283181e-05,1.592470376863193e-21,0.0
3D-255,3,0.9999483833028368,5.161669716321022e-05,1.617253529537442e-21,0.0
3D-255,4,5.0632739256031836e-21,1.0,9.086769519796077e-71,0.0
3D-255,5,3.5436079505886753e-13,0.9999999999996456,1.3182301278415118e-58,0.0
3D-255,6,1.8942800964991624e-16,1.0,7.544211300650425e-60,0.0
3D-255,7,1.909841711610937e-16,1.0,7.457787161167844e-60,0.0
3D-256,0,1.0662784410791089e-17,1.0,2.643889027362306e-66,0.0
3D-256,1,5.078108967110746e-22,1.0,2.603313312182911e-72,0.0
3D-256,2,5.088581917557439e-22,1.0,2.6089545159804383e-72,0.0
3D-256,3,0.9999999384059698,6.159403002776649e-08,9.416011720166128e-18,0.0
3D-256,4,5.30928003372883e-09,0.9999999946907199,1.3079319642538657e-46,0.0
3D-256,5,1.0301664409319298e-17,1.0,2.488869227949624e-66,0.0
3D-256,6,5.453675647719664e-09,0.9999999945463243,1.3824604263795501e-46,0.0
3D-256,7,0.9999999384744332,6.152556635021302e-08,9.443345899267402e-18,0.0
3D-257,0,4.288815911444893e-28,1.0,4.280254109586423e-83,0.0
3D-257,1,0.7118882006990643,0.2881117993009358,6.391453561114134e-28,0.0
3D-257,2,9.775488482485835e-18,1.0,4.393661550767226e-63,0.0
3D-257,3,0.8891310260891622,0.11086897391083773,1.513069119235375e-28,0.0
3D-257,4,2.0488982768098226e-15,0.9999999999999982,3.0133094789974706e-60,0.0
3D-257,5,9.616184726375153e-16,0.9999999999999991,4.616888342098666e-60,0.0
3D-257,6,3.779780630947217e-16,0.9999999999999996,1.2538004545553455e-58,0.0
3D-257,7,1.3977705807210677e-17,1.0,2.9342039434229003e-62,0.0
3D-258,0,4.653050911135639e-14,0.9999999999999534,9.72974093297094e-64,0.0
3D-258,1,0.9999999912989246,8.701075392137672e-09,2.631970809187778e-19,0.0
3D-258,2,0.9999999908977668,9.102233203305855e-09,2.086266403380108e-19,0.0
3D-258,3,0.0247061806629924,0.9752938193370077,8.76538540613736e-37,0.0
3D-258,4,2.3593624387088905e-27,1.0,1.3170203427353776e-79,0.0
3D-258,5,5.292620987726672e-14,0.9999999999999472,1.2235660594124598e-63,0.0
3D-258,6,2.5984160633384354e-27,1.0,1.4077240494185198e-79,0.0
3D-258,7,5.843159085938512e-16,0.9999999999999996,2.41548938610008e-71,0.0
3D-259,0,0.9999999348737324,6.512626736278745e-08,8.57882445436416e-21,0.0
3D-259,1,0.8545529115059682,0.14544708849403168,1.638083166162507e-34,0.0
3D-259,2,0.9999984171511288,1.5828488714804609e-06,1.1523611899938645e-20,0.0
3D-259,3,8.845292958146815e-17,1.0,3.554292967600088e-62,0.0
3D-259,4,0.999999996729529,3.2704705178647255e-09,4.116726745866604e-16,0.0
3D-259,5,0.9999995388209146,4.611790848748796e-07,1.6359875076152917e-19,0.0
3D-259,6,4.1671781118723726e-07,0.9999995832821889,4.4560817901746345e-43,0.0
3D-259,7,0.0027909345218467226,0.9972090654781532,5.935017842585207e-40,0.0
3D-260,0,0.9989615875018268,0.001038412498173079,2.3443453919519347e-25,0.0
3D-260,1,0.9999711718011839,2.8828198816348597e-05,1.9418347408161224e-22,0.0
3D-260,2,0.9999999702408351,2.9759164463544314e-08,1.1270411912329528e-16,0.0
3D-260,3,3.2744005252138076e-07,0.9999996725599475,5.628971492535712e-46,0.0
3D-260,4,0.9999995771416735,4.2285832682355375e-07,3.021394607053054e-20,0.0
3D-260,5,1.0161023557347726e-11,0.9999999999898392,1.120569154325108e-53,0.0
3D-260,6,0.9994793259882508,0.0005206740117492182,1.0063275189174519e-23,0.0
3D-260,7,0.9999382562782195,6.174372178058278e-05,7.364644855863e-24,0.0
3D-261,0,2.9364498616398716e-31,3.196751886737045e-34,1.0,1.8980182457395264e-157
3D-261,1,3.457961743055005e-09,0.9999999965420385,1.452880101864105e-52,0.0
3D-261,2,0.999999843793369,1.5620663115634653e-07,2.7265556363549084e-20,0.0
3D-261,3,0.9999999867027062,1.3297293657126965e-08,6.645906090682515e-19,0.0
3D-261,4,1.4610066701590784e-18,1.0,2.8685931402985607e-68,0.0
3D-261,5,1.7227105793114083e-10,0.9999999998277289,2.9959417233452873e-56,0.0
3D-261,6,0.9999999730722101,2.692779001249271e-08,8.089576000343866e-18,0.0
3D-261,7,0.9999999994202946,5.775159782612174e-10,2.1894630045335006e-12,0.0
3D-262,0,1.7117186944405505e-16,1.0,6.6537030488499415e-68,0.0
3D-262,1,0.9999976318033152,2.3681966848017386e-06,1.2482357741290403e-22,0.0
3D-262,2,0.0011423327122758128,0.9988576672877241,1.3191136901325746e-40,0.0
3D-262,3,1.8227900137427397e-38,8.069473938968266e-40,1.0,1.5054696526396397e-125
3D-262,4,0.9999739946072529,2.6005392747585453e-05,1.1518835974185153e-26,0.0
3D-262,5,0.9999996527595626,3.472404369627861e-07,1.0695655745368388e-21,0.0
3D-262,6,1.3742593344350095e-12,3.120576523198647e-20,0.9999999999986258,3.991010763885411e-267
3D-262,7,1.8227900137427397e-38,8.069473938968266e-40,1.0,1.5054696526396397e-125
3D-263,0,0.999856057332104,0.00014394266789613563,5.903485985985494e-30,0.0
3D-263,1,7.432999573551086e-124,1.0121240739393856e-85,1.9407482649103154e-22,1.0
3D-263,2,0.9999934206131302,6.5793868695091335e-06,1.03989648614631e-26,0.0
3D-263,3,0.999860938834768,0.00013906116523167521,6.667799395227801e-30,0.0
3D-263,4,0.9999932302418236,6.76975817644494e-06,1.0342177998120228e-26,0.0
3D-263,5,0.9999994699758893,5.300241109831481e-07,3.929561833668913e-24,0.0
3D-263,6,0.9999994503326662,5.496673338029559e-07,3.806430818550518e-24,0.0
3D-263,7,0.9999998192208078,1.8077919190321432e-07,4.026589200081137e-24,0.0
3D-264,0,7.948857798521764e-34,7.311988696848713e-36,1.0,3.758014390507371e-145
3D-264,1,0.9999999194643593,8.053564090829664e-08,1.752315380160861e-21,0.0
3D-264,2,2.6730508684737803e-33,6.827818471129225e-36,1.0,5.600027266693329e-148
3D-264,3,1.1183860704743202e-38,7.281127794975198e-40,1.0,1.1038193362038644e-124
3D-264,4,2.6697277467662267e-33,6.814694372517927e-36,1.0,5.629073723144451e-148
3D-264,5,0.9999999194587362,8.054126328753974e-08,1.7522396938044713e-21,0.0
3D-264,6,7.970849494046123e-34,7.335576468426144e-36,1.0,3.717649837016965e-145
3D-264,7,1.1183860704743202e-38,7.281127794975198e-40,1.0,1.1038193362038644e-124
3D-265,0,1.4968279646333544e-36,1.1672444242616302e-38,1.0,1.745966739194471e-133
3D-265,1,1.490968817952758e-36,1.1643364875437884e-38,1.0,1.7751192984202096e-133
3D-265,2,1.4985738108749299e-36,1.1681101165523964e-38,1.0,1.7373947098283679e-133
3D-265,3,1.491806251819763e-36,1.1647523632031449e-38,1.0,1.7709159691115127e-133
3D-265,4,1.4927566082465551e-36,1.1652242167195011e-38,1.0,1.766160726271231e-133
3D-265,5,1.4986227310630472e-36,1.1681343584459994e-38,1.0,1.7371552769063805e-133
3D-265,6,1.4910175133353974e-36,1.1643606824041373e-38,1.0,1.7748745311249835e-133
3D-265,7,1.4977814343942398e-36,1.1677172489408512e-38,1.0,1.741278795065206e-133
3D-266,0,7.726013783380451e-37,7.937170434698637e-39,1.0,2.7558052140914255e-132
3D-266,1,7.742854600787047e-37,7.948128220057207e-39,1.0,2.7306892355169806e-132
3D-266,2,7.692334037892335e-37,7.91523008708029e-39,1.0,2.806896622633675e-132
3D-266,3,7.710059788176386e-37,7.926781711709741e-39,1.0,2.7798624857016312e-132
3D-266,4,7.69619614818168e-37,7.917747798164581e-39,1.0,2.8009787957246334e-132
3D-266,5,7.69937692629166e-37,7.919820968280406e-39,1.0,2.7961165455996357e-132
3D-266,6,7.729892611865362e-37,7.939695017672279e-39,1.0,2.749995205361968e-132
3D-266,7,7.73212681924477e-37,7.941149024794908e-39,1.0,2.7466554948061277e-132
3D-267,0,0.9999978153079837,2.184692016216709e-06,3.543761020253358e-19,0.0
3D-267,1,7.183650435654035e-26,1.0,3.836080203399569e-79,0.0
3D-267,2,0.0021884558451791027,0.997811544154821,1.1383149256878938e-34,0.0
3D-267,3,4.933162681256912e-10,0.999999999506684,9.102590713240507e-55,0.0
3D-267,4,0.999999621365417,3.7863458288420583e-07,1.9683764528525903e-17,0.0
3D-267,5,0.999933467257903,6.653274209702349e-05,1.0379746361046846e-25,0.0
3D-267,6,0.9999978991626085,2.1008373912376026e-06,3.1283949449540915e-24,0.0
3D-267,7,2.5312156885130567e-09,0.9999999974687843,2.5551121799719536e-53,0.0
3D-268,0,0.0024737151386024095,0.9975262848613976,3.0294592062119705e-38,0.0
3D-268,1,1.8500036825812042e-25,1.0,9.756533146753693e-79,0.0
3D-268,2,0.9998520855617851,1.5644597454189736e-08,0.00014789879361712402,0.0
3D-268,3,0.9999999990080277,5.72139536000847e-10,4.198328757610039e-10,0.0
3D-268,4,0.006623396704588758,0.9933766032954113,3.48464873048637e-41,0.0
3D-268,5,3.84729982476725e-28,1.1178801128498179e-31,1.0,1.0392434067358307e-172
3D-268,6,0.9999999969197164,5.061692017632731e-10,2.5741147439447238e-09,0.0
3D-268,7,0.9999820033151605,1.7996684839249266e-05,2.7966516112336963e-23,0.0
3D-269,0,1.9664903329154658e-31,7.856918110204348e-34,1.0,7.906077102124564e-156
3D-269,1,2.015945059480608e-31,8.059478078412678e-34,1.0,7.120075012756383e-156
3D-269,2,1.9667027789446406e-31,7.857784596311356e-34,1.0,7.902470343652443e-156
3D-269,3,2.1697854286535603e-30,9.443419488673761e-33,1.0,3.4795593672233706e-160
3D-269,4,2.1182698139837486e-30,9.210176498578794e-33,1.0,3.8446915469734025e-160
3D-269,5,2.0262047959235184e-31,8.101717788387247e-34,1.0,6.969664085897826e-156
3D-269,6,2.1311953289403547e-30,9.268676319179094e-33,1.0,3.7487757662504526e-160
3D-269,7,2.201262447257673e-30,9.586122987211432e-33,1.0,3.2776118096096893e-160
3D-270,0,0.9999999364330245,6.356697536695495e-08,2.309221750513196e-20,0.0
3D-270,1,5.091282160025225e-21,1.0,1.2207167100280376e-70,0.0
3D-270,2,1.2734974284742412e-19,1.0,9.577809999854626e-71,0.0
3D-270,3,0.999998521486985,1.4785130152215743e-06,3.852415045974693e-19,0.0
3D-270,4,2.36834586464287e-18,1.0,3.615144840321557e-69,0.0
3D-270,5,5.399432298891205e-20,1.0,4.142244844406717e-72,0.0
3D-270,6,0.9999998815088585,1.1849114140249048e-07,8.313610805997034e-20,0.0
3D-270,7,0.9999999274837297,7.2516270578914e-08,3.1029233590603812e-19,0.0
3D-271,0,0.9999938348828313,6.1651171684487895e-06,1.8486566009541696e-28,0.0
3D-271,1,2.2338364398996644e-16,1.0,1.0915230606067367e-69,0.0
3D-271,2,2.1724360431715248e-16,1.0,1.0413982154789217e-69,0.0
3D-271,3,5.62896219325554e-17,1.0,3.601983245137954e-64,0.0
3D-271,4,3.969039230641786e-13,0.9999999999996034,3.0166169671589585e-65,0.0
3D-271,5,0.9999999990369395,9.629809846524767e-10,7.954367228951064e-14,0.0
3D-271,6,1.013279971375338e-39,3.075679426096614e-40,1.0,2.8265713777321137e-120
3D-271,7,2.608736632727669e-36,9.296349950463918e-38,1.0,2.565919449275337e-134
3D-272,0,0.9999770816397874,2.291836021248319e-05,5.776400017773672e-24,0.0
3D-272,1,0.9999820165865678,1.7983413431738524e-05,9.439638258387104e-24,0.0
3D-272,2,2.9134907613590856e-124,3.390730965066048e-86,4.593721796282759e-22,1.0
3D-272,3,1.6397788697529368e-20,1.0,2.04767908966762e-72,0.0
3D-272,4,5.897009363018619e-29,7.879510985922818e-32,1.0,1.1414751974042591e-167
3D-272,5,0.9999865771945413,1.342280545888935e-05,2.5206876326102615e-25,0.0
3D-272,6,0.9999660088866074,3.3991113392873366e-05,5.737174348701534e-25,0.0
3D-272,7,0.9999992775397536,7.224602460782444e-07,3.9140829071605515e-22,0.0
3D-273,0,7.314334399361506e-08,0.999999926856656,1.4135509492113388e-55,0.0
3D-273,1,7.300455630167214e-08,0.9999999269954436,1.4085664037879406e-55,0.0
3D-273,2,7.152533353856043e-08,0.9999999284746665,1.336312207067869e-55,0.0
3D-273,3,7.144457142548894e-08,0.9999999285554285,1.3357511526940166e-55,0.0
3D-273,4,7.269912817016312e-08,0.999999927300872,1.3959610943093188e-55,0.0
3D-273,5,7.283807092469549e-08,0.9999999271619291,1.4017689262147937e-55,0.0
3D-273,6,7.128760844616172e-08,0.9999999287123914,1.3270371205523226e-55,0.0
3D-273,7,7.137274973737646e-08,0.9999999286272502,1.3330570843079381e-55,0.0
