Material,Hf (eV/atom),Ecoh (eV/atom),(ρ0 × λ)⊥τ (10^-16 m2),(ρ0 × λ)⊥λ (10^-16 m2),n,adirection,bdirection,TM_Z,TM_row,TM_group,TM_atomic_radius_calculated,TM_mendeleev_no,TM_electrical_resistivity,TM_poissons_ratio,TM_molar_volume,TM_thermal_conductivity,TM_boiling_point,TM_melting_point,TM_liquid_range,TM_bulk_modulus,TM_youngs_modulus,TM_brinell_hardness,TM_rigidity_modulus,TM_mineral_hardness,TM_vickers_hardness,TM_density_of_solid,TM_coefficient_of_linear_thermal_expansion,TM_ionization_energies,TM_atomic_mass,TM_atomic_radius,TM_average_anionic_radius,TM_average_cationic_radius,TM_average_ionic_radius,TM_electron_affinity,A_Z,A_row,A_group,A_atomic_radius_calculated,A_mendeleev_no,A_electrical_resistivity,A_molar_volume,A_thermal_conductivity,A_boiling_point,A_melting_point,A_liquid_range,A_mineral_hardness,A_density_of_solid,A_ionization_energies,A_atomic_mass,A_atomic_radius,A_average_anionic_radius,A_average_cationic_radius,A_average_ionic_radius,A_electron_affinity,X_Z,X_row,X_group,X_atomic_radius_calculated,X_mendeleev_no,X_refractive_index,X_molar_volume,X_thermal_conductivity,X_boiling_point,X_melting_point,X_liquid_range,X_ionization_energies,X_atomic_mass,X_atomic_radius,X_average_anionic_radius,X_average_cationic_radius,X_average_ionic_radius,X_electron_affinity,mean_Z,stddev_Z,mean_row,stddev_row,mean_group,stddev_group,mean_atomic_radius_calculated,stddev_atomic_radius_calculated,mean_mendeleev_no,stddev_mendeleev_no,mean_molar_volume,stddev_molar_volume,mean_thermal_conductivity,stddev_thermal_conductivity,mean_boiling_point,stddev_boiling_point,mean_melting_point,stddev_melting_point,mean_liquid_range,stddev_liquid_range,mean_ionization_energies,stddev_ionization_energies,mean_atomic_mass,stddev_atomic_mass,mean_atomic_radius,stddev_atomic_radius,mean_average_anionic_radius,stddev_average_anionic_radius,mean_average_cationic_radius,stddev_average_cationic_radius,mean_average_ionic_radius,stddev_average_ionic_radius,mean_electron_affinity,stddev_electron_affinity
Ti2AlC,-3.11,7.3,7.5,7.6,2,0,0,22.0,4.0,4.0,1.76,51.0,4e-07,0.32,10.64,22.0,3560.0,1941.0,1619.0,110.0,116.0,716.0,44.0,6.0,970.0,4507.0,8.6e-06,6.82812,47.867,1.4,0.0,0.8516666666666667,0.8516666666666667,0.075545,13.0,3.0,13.0,1.18,80.0,2.7e-08,10.0,235.0,2792.0,933.47,1858.53,2.75,2700.0,5.985769,26.9815386,1.25,0.0,0.675,0.675,0.432835,6.0,2.0,14.0,0.67,95.0,2.417,5.29,140.0,4300.0,3800.0,500.0,11.260288,12.0107,0.7,0.0,0.3,0.3,1.262113612,15.75,6.722164829874376,3.25,0.82915619758885,8.75,4.763139720814412,1.3425,0.45477329517024195,69.25,19.00493356999703,9.1425,2.2395353870836696,104.75,89.30670467551694,3553.0,533.2044635972209,2153.8675000000003,1035.585270592794,1399.1325,528.2444393164494,7.72557425,2.0695393125072994,33.68155965,15.140755231223254,1.1875,0.2880429655450728,0.0,0.0,0.6695833333333333,0.2252386851270842,0.6695833333333333,0.2252386851270842,0.461509653,0.48469742149663975
Ti2AlN,-3.148,5.4,7.6,6.5,2,0,0,22.0,4.0,4.0,1.76,51.0,4e-07,0.32,10.64,22.0,3560.0,1941.0,1619.0,110.0,116.0,716.0,44.0,6.0,970.0,4507.0,8.6e-06,6.82812,47.867,1.4,0.0,0.8516666666666667,0.8516666666666667,0.075545,13.0,3.0,13.0,1.18,80.0,2.7e-08,10.0,235.0,2792.0,933.47,1858.53,2.75,2700.0,5.985769,26.9815386,1.25,0.0,0.675,0.675,0.432835,7.0,2.0,15.0,0.56,100.0,1.000298,13.54,0.02583,77.36,63.05,14.31,14.53413,14.0067,0.65,1.32,0.285,0.63,-0.07,16.0,6.363961030678928,3.25,0.82915619758885,9.0,5.049752469181039,1.315,0.4960594722409804,70.5,20.74246851269154,11.205,1.3731988202733056,69.7564575,95.82424956057791,2497.34,1431.9235548031186,1219.63,784.2694364502546,1277.71,735.9499236700823,8.54403475,3.4754385194616355,34.18055965,14.434748146092273,1.175,0.3092329219213245,0.33,0.5715767664977295,0.6658333333333334,0.23140122682859265,0.7520833333333333,0.1008462457297136,0.12848125,0.18549292767431189
Ti2SiC,-0.805,7.8,6.0,6.1,2,0,0,22.0,4.0,4.0,1.76,51.0,4e-07,0.32,10.64,22.0,3560.0,1941.0,1619.0,110.0,116.0,716.0,44.0,6.0,970.0,4507.0,8.6e-06,6.82812,47.867,1.4,0.0,0.8516666666666667,0.8516666666666667,0.075545,14.0,3.0,14.0,1.11,85.0,0.001,12.06,150.0,3173.0,1687.0,1486.0,6.5,2330.0,8.15168,28.0855,1.1,0.0,0.54,0.54,1.38952128,6.0,2.0,14.0,0.67,95.0,2.417,5.29,140.0,4300.0,3800.0,500.0,11.260288,12.0107,0.7,0.0,0.3,0.3,1.262113612,16.0,6.6332495807108,3.25,0.82915619758885,9.0,5.0,1.325,0.4619794367718113,70.5,19.817921182606415,9.6575,2.5873574839979114,83.5,61.60154218848746,3648.25,408.1105089310982,2342.25,847.9962779989072,1306.0,468.50133404292455,8.267052,1.8106506462683514,33.95755,15.025734547186037,1.15,0.2872281323269014,0.0,0.0,0.6358333333333333,0.2319138369692024,0.6358333333333333,0.2319138369692024,0.700681223,0.6267570394816923
Ti2GaN,-0.823,5.2,10.1,10.6,2,0,0,22.0,4.0,4.0,1.76,51.0,4e-07,0.32,10.64,22.0,3560.0,1941.0,1619.0,110.0,116.0,716.0,44.0,6.0,970.0,4507.0,8.6e-06,6.82812,47.867,1.4,0.0,0.8516666666666667,0.8516666666666667,0.075545,31.0,4.0,13.0,1.36,81.0,1.4e-07,11.8,29.0,2477.0,302.91,2174.09,1.5,5904.0,5.999302,69.723,1.3,0.0,0.76,0.76,0.3012011,7.0,2.0,15.0,0.56,100.0,1.000298,13.54,0.02583,77.36,63.05,14.31,14.53413,14.0067,0.65,1.32,0.285,0.63,-0.07,20.5,8.616843969807043,3.5,0.8660254037844386,9.0,5.049752469181039,1.3599999999999999,0.4898979485566356,70.75,20.8611480987984,11.655,1.1868761519215048,18.2564575,10.906508439822469,2418.59,1422.1817057957117,1061.99,883.0912651306206,1356.6000000000001,807.4248980865032,8.547418,3.472952164441946,44.865925,19.92598082571784,1.1875,0.31299960063872284,0.33,0.5715767664977295,0.6870833333333334,0.23513995536937385,0.7733333333333333,0.09082186471941166,0.095572775,0.13275878069492003
Ti2GeC,-0.687,7.6,6.1,6.1,2,0,0,22.0,4.0,4.0,1.76,51.0,4e-07,0.32,10.64,22.0,3560.0,1941.0,1619.0,110.0,116.0,716.0,44.0,6.0,970.0,4507.0,8.6e-06,6.82812,47.867,1.4,0.0,0.8516666666666667,0.8516666666666667,0.075545,32.0,4.0,14.0,1.25,84.0,0.0005,13.63,60.0,3093.0,1211.4,1881.6,6.0,5323.0,7.899435,72.64,1.25,0.0,0.77,0.77,1.232676413,6.0,2.0,14.0,0.67,95.0,2.417,5.29,140.0,4300.0,3800.0,500.0,11.260288,12.0107,0.7,0.0,0.3,0.3,1.262113612,20.5,9.313968005098578,3.5,0.8660254037844386,9.0,5.0,1.3599999999999999,0.4494997219131509,70.25,19.638928178492836,10.05,3.0070833044663066,61.0,48.176757881783615,3628.25,432.16222359202106,2223.35,957.7722941806157,1404.9,533.3302260326149,8.203990749999999,1.817948550332678,45.096175,21.6140341790207,1.1875,0.2880429655450728,0.0,0.0,0.6933333333333334,0.229525476678395,0.6933333333333334,0.229525476678395,0.6614700062500001,0.5860174327907689
Ti2GeN,-3.136,5.6,4.3,4.2,2,0,0,22.0,4.0,4.0,1.76,51.0,4e-07,0.32,10.64,22.0,3560.0,1941.0,1619.0,110.0,116.0,716.0,44.0,6.0,970.0,4507.0,8.6e-06,6.82812,47.867,1.4,0.0,0.8516666666666667,0.8516666666666667,0.075545,32.0,4.0,14.0,1.25,84.0,0.0005,13.63,60.0,3093.0,1211.4,1881.6,6.0,5323.0,7.899435,72.64,1.25,0.0,0.77,0.77,1.232676413,7.0,2.0,15.0,0.56,100.0,1.000298,13.54,0.02583,77.36,63.05,14.31,14.53413,14.0067,0.65,1.32,0.285,0.63,-0.07,20.75,8.926785535678562,3.5,0.8660254037844386,9.25,5.261891294962297,1.3325,0.49220803528589413,71.5,21.266170318136737,12.1125,1.472843762929388,26.0064575,21.579257056208373,2572.59,1453.1823988405583,1289.1125,767.9816260619457,1283.4775000000002,740.5550897932915,9.02245125,3.2120845027185516,45.595175,20.854116438772344,1.175,0.3092329219213245,0.33,0.5715767664977295,0.6895833333333334,0.23595366482520347,0.7758333333333334,0.09055768572818347,0.32844160325,0.5254307010050957
Ti2InC,-3.01,6.9,9.2,8.2,2,0,0,22.0,4.0,4.0,1.76,51.0,4e-07,0.32,10.64,22.0,3560.0,1941.0,1619.0,110.0,116.0,716.0,44.0,6.0,970.0,4507.0,8.6e-06,6.82812,47.867,1.4,0.0,0.8516666666666667,0.8516666666666667,0.075545,49.0,5.0,13.0,1.56,79.0,8e-08,15.76,82.0,2345.0,429.75,1915.25,1.2,7310.0,5.7863557,114.818,1.55,0.0,0.94,0.94,0.383926,6.0,2.0,14.0,0.67,95.0,2.417,5.29,140.0,4300.0,3800.0,500.0,11.260288,12.0107,0.7,0.0,0.3,0.3,1.262113612,24.75,15.449514555480375,3.75,1.0897247358851685,8.75,4.763139720814412,1.4375,0.45057602022300297,69.0,18.867962264113206,10.5825,3.7021505574463065,66.5,48.99744891318323,3441.25,701.3235255572139,2027.9375,1194.730623077332,1413.3125,540.993454645017,7.675720924999999,2.1127988974778846,55.640675,37.16984852897406,1.2625,0.33048260166005716,0.0,0.0,0.7358333333333333,0.25419945143747086,0.7358333333333333,0.25419945143747086,0.449282403,0.48588201410935894
Ti2InN,-0.78,5.0,13.1,13.0,2,0,0,22.0,4.0,4.0,1.76,51.0,4e-07,0.32,10.64,22.0,3560.0,1941.0,1619.0,110.0,116.0,716.0,44.0,6.0,970.0,4507.0,8.6e-06,6.82812,47.867,1.4,0.0,0.8516666666666667,0.8516666666666667,0.075545,49.0,5.0,13.0,1.56,79.0,8e-08,15.76,82.0,2345.0,429.75,1915.25,1.2,7310.0,5.7863557,114.818,1.55,0.0,0.94,0.94,0.383926,7.0,2.0,15.0,0.56,100.0,1.000298,13.54,0.02583,77.36,63.05,14.31,14.53413,14.0067,0.65,1.32,0.285,0.63,-0.07,25.0,15.149257407543116,3.75,1.0897247358851685,9.0,5.049752469181039,1.4100000000000001,0.49749371855331,70.25,20.632195714465293,12.645,2.1531546623501057,31.5064575,30.5015295124346,2385.59,1421.9749450324362,1093.7,857.1615374303726,1291.89,747.4607431497657,8.494181424999999,3.513005134118165,56.139675,36.58964235431763,1.25,0.35178118198675723,0.33,0.5715767664977295,0.7320833333333334,0.2606305788105285,0.8183333333333334,0.11455833060546539,0.11625399999999998,0.16556969639852578
V2AlC,-0.528,7.9,4.1,5.3,2,0,0,23.0,4.0,5.0,1.71,54.0,2e-07,0.37,8.32,31.0,3680.0,2183.0,1497.0,160.0,128.0,628.0,47.0,7.0,628.0,6110.0,8.4e-06,6.746187,50.9415,1.35,0.0,0.7775,0.7775,0.527662,13.0,3.0,13.0,1.18,80.0,2.7e-08,10.0,235.0,2792.0,933.47,1858.53,2.75,2700.0,5.985769,26.9815386,1.25,0.0,0.675,0.675,0.432835,6.0,2.0,14.0,0.67,95.0,2.417,5.29,140.0,4300.0,3800.0,500.0,11.260288,12.0107,0.7,0.0,0.3,0.3,1.262113612,16.25,7.189401922274203,3.25,0.82915619758885,9.25,4.264680527307995,1.3175,0.43193604850718353,70.75,17.5695048308141,7.9825,1.6990935083155372,109.25,85.15390478421996,3613.0,537.3518400452351,2274.8675000000003,1017.626610141829,1338.1325,505.9044896704812,7.68460775,2.0876307957109383,35.21880965,16.589717987066244,1.1625,0.2701272848121789,0.0,0.0,0.6325,0.1964767797985299,0.6325,0.1964767797985299,0.687568153,0.33396534971062525
V2AlN,-2.727,5.9,2.9,3.5,2,0,0,23.0,4.0,5.0,1.71,54.0,2e-07,0.37,8.32,31.0,3680.0,2183.0,1497.0,160.0,128.0,628.0,47.0,7.0,628.0,6110.0,8.4e-06,6.746187,50.9415,1.35,0.0,0.7775,0.7775,0.527662,13.0,3.0,13.0,1.18,80.0,2.7e-08,10.0,235.0,2792.0,933.47,1858.53,2.75,2700.0,5.985769,26.9815386,1.25,0.0,0.675,0.675,0.432835,7.0,2.0,15.0,0.56,100.0,1.000298,13.54,0.02583,77.36,63.05,14.31,14.53413,14.0067,0.65,1.32,0.285,0.63,-0.07,16.5,6.837397165588672,3.25,0.82915619758885,9.5,4.55521678957215,1.29,0.4737615433949868,72.0,19.339079605813716,10.045,2.1312144425186306,74.2564575,93.66284581597934,2557.34,1476.9983976971673,1340.63,896.8227745491301,1216.71,709.722417674685,8.50306825,3.495846278069401,35.71780965,15.899812969330467,1.1500000000000001,0.29154759474226505,0.33,0.5715767664977295,0.62875,0.20282766699836588,0.715,0.06449321669757213,0.35453975,0.24814651538594593
V2SiC,-0.545,8.4,3.4,2.7,2,0,0,23.0,4.0,5.0,1.71,54.0,2e-07,0.37,8.32,31.0,3680.0,2183.0,1497.0,160.0,128.0,628.0,47.0,7.0,628.0,6110.0,8.4e-06,6.746187,50.9415,1.35,0.0,0.7775,0.7775,0.527662,14.0,3.0,14.0,1.11,85.0,0.001,12.06,150.0,3173.0,1687.0,1486.0,6.5,2330.0,8.15168,28.0855,1.1,0.0,0.54,0.54,1.38952128,6.0,2.0,14.0,0.67,95.0,2.417,5.29,140.0,4300.0,3800.0,500.0,11.260288,12.0107,0.7,0.0,0.3,0.3,1.262113612,16.5,7.088723439378913,3.25,0.82915619758885,9.5,4.5,1.3,0.43852023898561393,72.0,18.34393632784414,8.4975,2.400128902788348,88.0,57.109543860899464,3708.25,399.4548629069372,2463.25,797.8948473953194,1245.0,430.1493926532967,8.2260855,1.8433746316227335,35.4948,16.459053443925626,1.125,0.26575364531836626,0.0,0.0,0.5987499999999999,0.19786753776200883,0.5987499999999999,0.19786753776200883,0.9267397230000001,0.40161190000797353
V2SiN,-2.706,6.3,2.0,3.3,2,0,0,23.0,4.0,5.0,1.71,54.0,2e-07,0.37,8.32,31.0,3680.0,2183.0,1497.0,160.0,128.0,628.0,47.0,7.0,628.0,6110.0,8.4e-06,6.746187,50.9415,1.35,0.0,0.7775,0.7775,0.527662,14.0,3.0,14.0,1.11,85.0,0.001,12.06,150.0,3173.0,1687.0,1486.0,6.5,2330.0,8.15168,28.0855,1.1,0.0,0.54,0.54,1.38952128,7.0,2.0,15.0,0.56,100.0,1.000298,13.54,0.02583,77.36,63.05,14.31,14.53413,14.0067,0.65,1.32,0.285,0.63,-0.07,16.75,6.722164829874376,3.25,0.82915619758885,9.75,4.763139720814412,1.2725,0.4787679500551389,73.25,19.967160539245434,10.56,2.300304327692316,53.0064575,57.40919464770359,2652.59,1501.1477889601676,1529.0125,870.2593581621229,1123.5775,640.4516340198923,9.044546,3.2209334971702686,35.9938,15.75469172881526,1.1125,0.2858649156507318,0.33,0.5715767664977295,0.595,0.2035543539205192,0.6812499999999999,0.10137338161470197,0.59371132,0.5202286117843454
V2GaC,-0.532,7.7,3.1,5.2,2,0,0,23.0,4.0,5.0,1.71,54.0,2e-07,0.37,8.32,31.0,3680.0,2183.0,1497.0,160.0,128.0,628.0,47.0,7.0,628.0,6110.0,8.4e-06,6.746187,50.9415,1.35,0.0,0.7775,0.7775,0.527662,31.0,4.0,13.0,1.36,81.0,1.4e-07,11.8,29.0,2477.0,302.91,2174.09,1.5,5904.0,5.999302,69.723,1.3,0.0,0.76,0.76,0.3012011,6.0,2.0,14.0,0.67,95.0,2.417,5.29,140.0,4300.0,3800.0,500.0,11.260288,12.0107,0.7,0.0,0.3,0.3,1.262113612,20.75,9.12071817347735,3.5,0.8660254037844386,9.25,4.264680527307995,1.3625,0.4245806754905362,71.0,17.705931209625774,8.432500000000001,2.3043803397008924,57.75,47.49407857828174,3534.25,660.8019275849609,2117.2275,1238.1562220773071,1417.0225,597.2592121673387,7.687990999999999,2.08488404616192,45.904174999999995,21.016977412722195,1.175,0.275,0.0,0.0,0.6537499999999999,0.20436257607497513,0.6537499999999999,0.20436257607497513,0.654659678,0.3626947989455604
V2GaN,-2.709,5.7,2.4,4.4,2,0,0,23.0,4.0,5.0,1.71,54.0,2e-07,0.37,8.32,31.0,3680.0,2183.0,1497.0,160.0,128.0,628.0,47.0,7.0,628.0,6110.0,8.4e-06,6.746187,50.9415,1.35,0.0,0.7775,0.7775,0.527662,31.0,4.0,13.0,1.36,81.0,1.4e-07,11.8,29.0,2477.0,302.91,2174.09,1.5,5904.0,5.999302,69.723,1.3,0.0,0.76,0.76,0.3012011,7.0,2.0,15.0,0.56,100.0,1.000298,13.54,0.02583,77.36,63.05,14.31,14.53413,14.0067,0.65,1.32,0.285,0.63,-0.07,21.0,8.717797887081348,3.5,0.8660254037844386,9.5,4.55521678957215,1.335,0.4697073557013984,72.25,19.447043477094404,10.495000000000001,2.2603263038773846,22.7564575,13.148909036415104,2478.59,1470.7719076389785,1182.99,1003.5993237094174,1295.6000000000001,789.7108116582931,8.506451499999999,3.4934141228400404,46.403175,20.214713812391086,1.1625,0.29659526294261684,0.33,0.5715767664977295,0.65,0.2108539186261427,0.73625,0.06175809663517812,0.32163127499999994,0.24427943369055216
V2GeC,-0.496,8.1,2.8,3.6,2,0,0,23.0,4.0,5.0,1.71,54.0,2e-07,0.37,8.32,31.0,3680.0,2183.0,1497.0,160.0,128.0,628.0,47.0,7.0,628.0,6110.0,8.4e-06,6.746187,50.9415,1.35,0.0,0.7775,0.7775,0.527662,32.0,4.0,14.0,1.25,84.0,0.0005,13.63,60.0,3093.0,1211.4,1881.6,6.0,5323.0,7.899435,72.64,1.25,0.0,0.77,0.77,1.232676413,6.0,2.0,14.0,0.67,95.0,2.417,5.29,140.0,4300.0,3800.0,500.0,11.260288,12.0107,0.7,0.0,0.3,0.3,1.262113612,21.0,9.40744386111339,3.5,0.8660254037844386,9.5,4.5,1.335,0.42740496019583113,71.75,18.171062159378575,8.89,3.0032232684234454,65.5,44.612218057388716,3688.25,426.81868222935134,2344.35,929.3223700632628,1343.9,511.90031256095165,8.16302425,1.8491469395206772,46.633425,21.864320536364147,1.1625,0.2701272848121789,0.0,0.0,0.65625,0.20570382227853715,0.65625,0.20570382227853715,0.88752850625,0.3600169730807174
V2AsN,-2.676,6.1,2.5,4.2,2,0,0,23.0,4.0,5.0,1.71,54.0,2e-07,0.37,8.32,31.0,3680.0,2183.0,1497.0,160.0,128.0,628.0,47.0,7.0,628.0,6110.0,8.4e-06,6.746187,50.9415,1.35,0.0,0.7775,0.7775,0.527662,33.0,4.0,15.0,1.14,89.0,3.3e-07,12.95,50.0,887.0,1090.0,203.0,3.5,5727.0,9.78855,74.9216,1.15,0.0,0.6599999999999999,0.6599999999999999,0.80482,7.0,2.0,15.0,0.56,100.0,1.000298,13.54,0.02583,77.36,63.05,14.31,14.53413,14.0067,0.65,1.32,0.285,0.63,-0.07,21.5,9.313968005098578,3.5,0.8660254037844386,10.0,5.0,1.2799999999999998,0.4763926951581017,74.25,20.620075169601105,10.782499999999999,2.4713192327176183,28.0064575,17.92033775066527,2081.09,1624.3314945847721,1379.7625,881.4866812486449,802.8275,697.3707401868464,9.453763499999999,3.1852843978838448,47.702825,21.778823338437615,1.125,0.28613807855649,0.33,0.5715767664977295,0.625,0.20207517165649025,0.7112499999999999,0.06709368450159821,0.447536,0.319505758830729
V2CdC,-0.311,7.0,8.1,12.4,2,0,0,23.0,4.0,5.0,1.71,54.0,2e-07,0.37,8.32,31.0,3680.0,2183.0,1497.0,160.0,128.0,628.0,47.0,7.0,628.0,6110.0,8.4e-06,6.746187,50.9415,1.35,0.0,0.7775,0.7775,0.527662,48.0,5.0,12.0,1.61,75.0,7e-08,13.0,97.0,1040.0,594.22,445.78,2.0,8650.0,8.99382,112.411,1.55,0.0,1.09,1.09,-0.72,6.0,2.0,14.0,0.67,95.0,2.417,5.29,140.0,4300.0,3800.0,500.0,11.260288,12.0107,0.7,0.0,0.3,0.3,1.262113612,25.0,14.983324063771697,3.75,1.0897247358851685,9.0,4.06201920231798,1.425,0.4378070351193548,69.5,17.03672503740082,8.7325,2.756931038310534,74.75,46.31616888301536,3175.0,1258.362030577846,2190.0550000000003,1133.43634540057,984.9449999999999,512.4136991484518,8.4366205,1.870741849454448,56.57617499999999,35.941300649348726,1.2375,0.32088744132483593,0.0,0.0,0.73625,0.28233678913666216,0.73625,0.28233678913666216,0.399359403,0.7124312968675683
V2CdN,-2.52,5.0,4.2,4.5,2,0,0,23.0,4.0,5.0,1.71,54.0,2e-07,0.37,8.32,31.0,3680.0,2183.0,1497.0,160.0,128.0,628.0,47.0,7.0,628.0,6110.0,8.4e-06,6.746187,50.9415,1.35,0.0,0.7775,0.7775,0.527662,48.0,5.0,12.0,1.61,75.0,7e-08,13.0,97.0,1040.0,594.22,445.78,2.0,8650.0,8.99382,112.411,1.55,0.0,1.09,1.09,-0.72,7.0,2.0,15.0,0.56,100.0,1.000298,13.54,0.02583,77.36,63.05,14.31,14.53413,14.0067,0.65,1.32,0.285,0.63,-0.07,25.25,14.669270602180601,3.75,1.0897247358851685,9.25,4.380353866983808,1.3975,0.4852512235945418,70.75,18.93904696651867,10.795,2.482352714664054,39.7564575,35.386074292692015,2119.34,1597.3396967458111,1255.8175,946.0100868483116,863.5224999999999,651.5861709081539,9.255080999999999,3.1829904909139297,57.075174999999994,35.327719305339755,1.225,0.3418698582794336,0.33,0.5715767664977295,0.7325,0.28814601333351814,0.81875,0.1677842736969112,0.06633099999999999,0.5154015828080081
V2InC,-0.361,7.5,3.7,3.9,2,0,0,23.0,4.0,5.0,1.71,54.0,2e-07,0.37,8.32,31.0,3680.0,2183.0,1497.0,160.0,128.0,628.0,47.0,7.0,628.0,6110.0,8.4e-06,6.746187,50.9415,1.35,0.0,0.7775,0.7775,0.527662,49.0,5.0,13.0,1.56,79.0,8e-08,15.76,82.0,2345.0,429.75,1915.25,1.2,7310.0,5.7863557,114.818,1.55,0.0,0.94,0.94,0.383926,6.0,2.0,14.0,0.67,95.0,2.417,5.29,140.0,4300.0,3800.0,500.0,11.260288,12.0107,0.7,0.0,0.3,0.3,1.262113612,25.25,15.368392889303683,3.75,1.0897247358851685,9.25,4.264680527307995,1.4125,0.4330343519860751,70.5,17.44276354251241,9.4225,3.862398056907133,71.0,44.94997219131509,3501.25,713.9360528086531,2148.9375,1192.050077269722,1352.3125,520.8656669130247,7.634754425,2.1295642563430763,57.177925,36.878999626371034,1.2375,0.32088744132483593,0.0,0.0,0.69875,0.23958623186652442,0.69875,0.23958623186652442,0.6753409029999999,0.34381789311358746
V2SnN,-2.527,5.7,2.3,4.3,2,0,0,23.0,4.0,5.0,1.71,54.0,2e-07,0.37,8.32,31.0,3680.0,2183.0,1497.0,160.0,128.0,628.0,47.0,7.0,628.0,6110.0,8.4e-06,6.746187,50.9415,1.35,0.0,0.7775,0.7775,0.527662,50.0,5.0,14.0,1.45,83.0,1.15e-07,16.29,67.0,2875.0,505.08,2369.92,1.5,7310.0,7.343918,118.71,1.45,0.0,0.83,0.83,1.1120702,7.0,2.0,15.0,0.56,100.0,1.000298,13.54,0.02583,77.36,63.05,14.31,14.53413,14.0067,0.65,1.32,0.285,0.63,-0.07,25.75,15.449514555480375,3.75,1.0897247358851685,9.75,4.763139720814412,1.3575,0.47251322732808226,72.75,19.68978161382193,11.6175,3.4378508911818724,32.2564575,23.712256669240038,2578.09,1480.7276401485858,1233.5325,962.2433936737368,1344.5575000000001,846.6705527055668,8.8426055,3.295051456769719,58.649924999999996,37.81226579883669,1.2000000000000002,0.32015621187164245,0.33,0.5715767664977295,0.6675,0.2218741197165636,0.7537499999999999,0.07459264373917845,0.52434855,0.4179380619983151
Cr2AlC,-0.188,6.4,2.4,3.4,2,0,0,24.0,4.0,6.0,1.66,57.0,1.27e-07,0.21,7.23,94.0,2944.0,2180.0,764.0,160.0,279.0,1120.0,115.0,8.5,1060.0,7140.0,4.9e-06,6.76651,51.9961,1.4,0.0,0.94,0.94,0.6758412,13.0,3.0,13.0,1.18,80.0,2.7e-08,10.0,235.0,2792.0,933.47,1858.53,2.75,2700.0,5.985769,26.9815386,1.25,0.0,0.675,0.675,0.432835,6.0,2.0,14.0,0.67,95.0,2.417,5.29,140.0,4300.0,3800.0,500.0,11.260288,12.0107,0.7,0.0,0.3,0.3,1.262113612,16.75,7.660776723022281,3.25,0.82915619758885,9.75,3.766629793329841,1.2925,0.40935162146985565,72.25,16.145819892467525,7.4375,1.678114641495032,140.75,57.56463758246029,3245.0,612.257298854003,2273.3675000000003,1017.7631208531532,971.6324999999999,523.2702219396303,7.69476925,2.08308282849739,35.746109649999994,17.090287809849762,1.1875,0.2880429655450728,0.0,0.0,0.7137499999999999,0.26223498527084443,0.7137499999999999,0.26223498527084443,0.761657753,0.3054952664263108
Cr2SiC,-0.155,6.8,2.4,2.8,2,0,0,24.0,4.0,6.0,1.66,57.0,1.27e-07,0.21,7.23,94.0,2944.0,2180.0,764.0,160.0,279.0,1120.0,115.0,8.5,1060.0,7140.0,4.9e-06,6.76651,51.9961,1.4,0.0,0.94,0.94,0.6758412,14.0,3.0,14.0,1.11,85.0,0.001,12.06,150.0,3173.0,1687.0,1486.0,6.5,2330.0,8.15168,28.0855,1.1,0.0,0.54,0.54,1.38952128,6.0,2.0,14.0,0.67,95.0,2.417,5.29,140.0,4300.0,3800.0,500.0,11.260288,12.0107,0.7,0.0,0.3,0.3,1.262113612,17.0,7.54983443527075,3.25,0.82915619758885,10.0,4.0,1.275,0.41524089393989116,73.5,16.874537030686206,7.952500000000001,2.500223739988084,119.5,25.743931323712,3340.25,561.9432244453171,2461.75,798.422937734131,878.5,366.92608247438613,8.236246999999999,1.8352267738285093,36.022099999999995,16.954898271001213,1.15,0.2872281323269014,0.0,0.0,0.6799999999999999,0.27349588662354685,0.6799999999999999,0.27349588662354685,1.000829323,0.3280950614139337
Cr2SiN,-2.24,4.7,3.6,4.0,2,0,0,24.0,4.0,6.0,1.66,57.0,1.27e-07,0.21,7.23,94.0,2944.0,2180.0,764.0,160.0,279.0,1120.0,115.0,8.5,1060.0,7140.0,4.9e-06,6.76651,51.9961,1.4,0.0,0.94,0.94,0.6758412,14.0,3.0,14.0,1.11,85.0,0.001,12.06,150.0,3173.0,1687.0,1486.0,6.5,2330.0,8.15168,28.0855,1.1,0.0,0.54,0.54,1.38952128,7.0,2.0,15.0,0.56,100.0,1.000298,13.54,0.02583,77.36,63.05,14.31,14.53413,14.0067,0.65,1.32,0.285,0.63,-0.07,17.25,7.189401922274203,3.25,0.82915619758885,10.25,4.264680527307995,1.2475,0.45603590867386745,74.75,18.525320510047862,10.015,2.8337298742117247,84.5064575,53.86704751142315,2284.59,1277.769511414324,1527.5125,869.1326929581869,757.0775,520.3670368295344,9.0547075,3.2136904485838005,36.5211,16.255835911450383,1.1375,0.3069507289452168,0.33,0.5715767664977295,0.67625,0.27873318334923813,0.7625,0.180329559418305,0.66780092,0.5160813326880591
Cr2GaC,-0.148,6.2,2.4,3.6,2,0,0,24.0,4.0,6.0,1.66,57.0,1.27e-07,0.21,7.23,94.0,2944.0,2180.0,764.0,160.0,279.0,1120.0,115.0,8.5,1060.0,7140.0,4.9e-06,6.76651,51.9961,1.4,0.0,0.94,0.94,0.6758412,31.0,4.0,13.0,1.36,81.0,1.4e-07,11.8,29.0,2477.0,302.91,2174.09,1.5,5904.0,5.999302,69.723,1.3,0.0,0.76,0.76,0.3012011,6.0,2.0,14.0,0.67,95.0,2.417,5.29,140.0,4300.0,3800.0,500.0,11.260288,12.0107,0.7,0.0,0.3,0.3,1.262113612,21.25,9.256754290786809,3.5,0.8660254037844386,9.75,3.766629793329841,1.3375,0.4043745170012571,72.5,16.27114009527298,7.8875,2.393703981280894,89.25,39.53084238920289,3166.25,681.770626750669,2115.7275,1238.077446191776,1050.5225,657.5844501041292,7.6981525,2.080313548321682,46.43147499999999,21.14955668097738,1.2,0.291547594742265,0.0,0.0,0.7349999999999999,0.26167728216259045,0.7349999999999999,0.26167728216259045,0.728749278,0.3438289860998093
Cr2GeN,-2.174,4.4,2.9,2.8,2,0,0,24.0,4.0,6.0,1.66,57.0,1.27e-07,0.21,7.23,94.0,2944.0,2180.0,764.0,160.0,279.0,1120.0,115.0,8.5,1060.0,7140.0,4.9e-06,6.76651,51.9961,1.4,0.0,0.94,0.94,0.6758412,32.0,4.0,14.0,1.25,84.0,0.0005,13.63,60.0,3093.0,1211.4,1881.6,6.0,5323.0,7.899435,72.64,1.25,0.0,0.77,0.77,1.232676413,7.0,2.0,15.0,0.56,100.0,1.000298,13.54,0.02583,77.36,63.05,14.31,14.53413,14.0067,0.65,1.32,0.285,0.63,-0.07,21.75,9.12071817347735,3.5,0.8660254037844386,10.25,4.264680527307995,1.2825000000000002,0.44946495970208844,74.5,18.39157415774952,10.4075,3.1776593193733023,62.0064575,38.38227970167899,2264.59,1264.2620473224686,1408.6125,871.7093210863068,855.9775,666.5630904263676,8.99164625,3.2332071614640134,47.659725,21.178695232517867,1.175,0.3092329219213245,0.33,0.5715767664977295,0.73375,0.2682204084330646,0.82,0.12980754985747167,0.6285897032500001,0.46298318929355703
Cr2AsC,-0.059,6.5,3.3,3.3,2,0,0,24.0,4.0,6.0,1.66,57.0,1.27e-07,0.21,7.23,94.0,2944.0,2180.0,764.0,160.0,279.0,1120.0,115.0,8.5,1060.0,7140.0,4.9e-06,6.76651,51.9961,1.4,0.0,0.94,0.94,0.6758412,33.0,4.0,15.0,1.14,89.0,3.3e-07,12.95,50.0,887.0,1090.0,203.0,3.5,5727.0,9.78855,74.9216,1.15,0.0,0.6599999999999999,0.6599999999999999,0.80482,6.0,2.0,14.0,0.67,95.0,2.417,5.29,140.0,4300.0,3800.0,500.0,11.260288,12.0107,0.7,0.0,0.3,0.3,1.262113612,21.75,9.807522622966516,3.5,0.8660254037844386,10.25,4.264680527307995,1.2825,0.41245454294988676,74.5,17.628102563804195,8.175,2.868357543961352,94.5,31.823733281939127,2768.75,1219.3373969086654,2312.5,967.2480292045055,557.75,231.44154229524136,8.6454645,1.9496721790215783,47.73112499999999,22.647575567858805,1.1624999999999999,0.28586491565073174,0.0,0.0,0.71,0.2628687885618983,0.71,0.2628687885618983,0.854654003,0.24106783166510962
Cr2AsN,-2.153,4.4,11.5,12.1,2,0,0,24.0,4.0,6.0,1.66,57.0,1.27e-07,0.21,7.23,94.0,2944.0,2180.0,764.0,160.0,279.0,1120.0,115.0,8.5,1060.0,7140.0,4.9e-06,6.76651,51.9961,1.4,0.0,0.94,0.94,0.6758412,33.0,4.0,15.0,1.14,89.0,3.3e-07,12.95,50.0,887.0,1090.0,203.0,3.5,5727.0,9.78855,74.9216,1.15,0.0,0.6599999999999999,0.6599999999999999,0.80482,7.0,2.0,15.0,0.56,100.0,1.000298,13.54,0.02583,77.36,63.05,14.31,14.53413,14.0067,0.65,1.32,0.285,0.63,-0.07,22.0,9.40744386111339,3.5,0.8660254037844386,10.5,4.5,1.255,0.4539548435692695,75.75,19.149086140074676,10.2375,3.0147253191625927,59.5064575,38.7554084302813,1713.09,1263.7559275034084,1378.2625,880.1200524466818,436.3275,334.3946123500646,9.463925,3.1766513617762646,48.230124999999994,21.86345576417129,1.15,0.30618621784789724,0.33,0.5715767664977295,0.70625,0.2687325575735102,0.7925,0.14788086421170252,0.5216256,0.3456099034075268
Cr2InN,-2.058,3.8,2.8,3.1,2,0,0,24.0,4.0,6.0,1.66,57.0,1.27e-07,0.21,7.23,94.0,2944.0,2180.0,764.0,160.0,279.0,1120.0,115.0,8.5,1060.0,7140.0,4.9e-06,6.76651,51.9961,1.4,0.0,0.94,0.94,0.6758412,49.0,5.0,13.0,1.56,79.0,8e-08,15.76,82.0,2345.0,429.75,1915.25,1.2,7310.0,5.7863557,114.818,1.55,0.0,0.94,0.94,0.383926,7.0,2.0,15.0,0.56,100.0,1.000298,13.54,0.02583,77.36,63.05,14.31,14.53413,14.0067,0.65,1.32,0.285,0.63,-0.07,26.0,14.983324063771697,3.75,1.0897247358851685,10.0,4.06201920231798,1.3599999999999999,0.4636809247747851,73.25,17.865819320702872,10.94,3.792116823094984,67.5064575,39.26675900297755,2077.59,1180.4406737739937,1213.2,975.4541769094026,864.39,679.540111067772,8.463376425,3.527718818834608,58.204225,36.1788003114652,1.25,0.35178118198675723,0.33,0.5715767664977295,0.77625,0.28362331973940363,0.8624999999999999,0.13423393758658797,0.4164021,0.30506515417744784
Cr2SnN,-2.051,4.1,2.9,5.6,2,0,0,24.0,4.0,6.0,1.66,57.0,1.27e-07,0.21,7.23,94.0,2944.0,2180.0,764.0,160.0,279.0,1120.0,115.0,8.5,1060.0,7140.0,4.9e-06,6.76651,51.9961,1.4,0.0,0.94,0.94,0.6758412,50.0,5.0,14.0,1.45,83.0,1.15e-07,16.29,67.0,2875.0,505.08,2369.92,1.5,7310.0,7.343918,118.71,1.45,0.0,0.83,0.83,1.1120702,7.0,2.0,15.0,0.56,100.0,1.000298,13.54,0.02583,77.36,63.05,14.31,14.53413,14.0067,0.65,1.32,0.285,0.63,-0.07,26.25,15.368392889303683,3.75,1.0897247358851685,10.25,4.264680527307995,1.3325,0.45416819571608047,74.25,18.267115262131565,11.0725,3.9635992166211755,63.7564575,38.41047114847615,2210.09,1231.6544094428436,1232.0325,960.7633403542987,978.0575,859.902856326661,8.852767,3.2885957254832947,59.177225,37.708303928006025,1.225,0.33260336739125174,0.33,0.5715767664977295,0.74875,0.2714860723867801,0.835,0.1265898890117216,0.5984381500000001,0.42503232449462885
Ta2AlC,-0.535,8.6,5.2,6.3,2,0,0,73.0,6.0,5.0,2.0,52.0,1.35e-07,0.34,10.85,57.0,5731.0,3290.0,2441.0,200.0,186.0,800.0,69.0,6.5,873.0,16650.0,6.3e-06,7.549571,180.94788,1.45,0.0,0.82,0.82,0.32312,13.0,3.0,13.0,1.18,80.0,2.7e-08,10.0,235.0,2792.0,933.47,1858.53,2.75,2700.0,5.985769,26.9815386,1.25,0.0,0.675,0.675,0.432835,6.0,2.0,14.0,0.67,95.0,2.417,5.29,140.0,4300.0,3800.0,500.0,11.260288,12.0107,0.7,0.0,0.3,0.3,1.262113612,41.25,31.846310618343217,4.25,1.7853571071357126,9.25,4.264680527307995,1.4625,0.5669380477618343,69.75,18.525320510047862,9.2475,2.3110644192665855,122.25,73.38724344189527,4638.5,1215.6538364189043,2828.3675000000003,1113.6556223396665,1810.1325,792.9024357818244,8.08629975,1.9405273989940688,100.22199965,80.8992182244731,1.2125000000000001,0.30695072894521686,0.0,0.0,0.6537499999999999,0.2126433340126137,0.6537499999999999,0.2126433340126137,0.585297153,0.39331887393724985
Ta2SiC,-0.532,9.1,13.4,13.4,2,0,0,73.0,6.0,5.0,2.0,52.0,1.35e-07,0.34,10.85,57.0,5731.0,3290.0,2441.0,200.0,186.0,800.0,69.0,6.5,873.0,16650.0,6.3e-06,7.549571,180.94788,1.45,0.0,0.82,0.82,0.32312,14.0,3.0,14.0,1.11,85.0,0.001,12.06,150.0,3173.0,1687.0,1486.0,6.5,2330.0,8.15168,28.0855,1.1,0.0,0.54,0.54,1.38952128,6.0,2.0,14.0,0.67,95.0,2.417,5.29,140.0,4300.0,3800.0,500.0,11.260288,12.0107,0.7,0.0,0.3,0.3,1.262113612,41.5,31.62672920173694,4.25,1.7853571071357126,9.5,4.5,1.445,0.5763896251668658,71.0,19.32614809008769,9.7625,2.629024296198116,101.0,44.141816908686486,4733.75,1073.9058094171946,3016.75,795.4631905374378,1717.0,803.5549141160174,8.6277775,1.53962973433558,100.49799,80.65038561837197,1.175,0.3092329219213245,0.0,0.0,0.6199999999999999,0.2172556098240043,0.6199999999999999,0.2172556098240043,0.8244687230000001,0.503368285936729
Ta2GaC,-0.526,8.4,5.0,5.4,2,0,0,73.0,6.0,5.0,2.0,52.0,1.35e-07,0.34,10.85,57.0,5731.0,3290.0,2441.0,200.0,186.0,800.0,69.0,6.5,873.0,16650.0,6.3e-06,7.549571,180.94788,1.45,0.0,0.82,0.82,0.32312,31.0,4.0,13.0,1.36,81.0,1.4e-07,11.8,29.0,2477.0,302.91,2174.09,1.5,5904.0,5.999302,69.723,1.3,0.0,0.76,0.76,0.3012011,6.0,2.0,14.0,0.67,95.0,2.417,5.29,140.0,4300.0,3800.0,500.0,11.260288,12.0107,0.7,0.0,0.3,0.3,1.262113612,45.75,28.647643882176418,4.5,1.6583123951777,9.25,4.264680527307995,1.5075,0.5496078147188229,70.0,18.66815470259447,9.6975,2.574056866116209,70.75,41.583500333665995,4559.75,1336.8779628298164,2670.7275,1382.8243698202423,1889.0225,809.321522337538,8.089683,1.9368705904289265,110.907365,72.95212428625005,1.225,0.30923292192132457,0.0,0.0,0.6749999999999999,0.21788758569500927,0.6749999999999999,0.21788758569500927,0.552388678,0.409857577307821
Ta2InC,-0.383,8.2,6.0,7.2,2,0,0,73.0,6.0,5.0,2.0,52.0,1.35e-07,0.34,10.85,57.0,5731.0,3290.0,2441.0,200.0,186.0,800.0,69.0,6.5,873.0,16650.0,6.3e-06,7.549571,180.94788,1.45,0.0,0.82,0.82,0.32312,49.0,5.0,13.0,1.56,79.0,8e-08,15.76,82.0,2345.0,429.75,1915.25,1.2,7310.0,5.7863557,114.818,1.55,0.0,0.94,0.94,0.383926,6.0,2.0,14.0,0.67,95.0,2.417,5.29,140.0,4300.0,3800.0,500.0,11.260288,12.0107,0.7,0.0,0.3,0.3,1.262113612,50.25,27.36215452043205,4.75,1.6393596310755,9.25,4.264680527307995,1.5575,0.5429721447735602,69.5,18.39157415774952,10.6875,3.705269052309157,84.0,33.904277016329374,4526.75,1388.514021355204,2702.4375,1328.5529060668791,1824.3125,794.1473685461345,8.036446425000001,1.995630109161475,122.18111499999999,69.09920611140532,1.2875,0.3416412592179112,0.0,0.0,0.72,0.2473863375370596,0.72,0.2473863375370596,0.5730699029999999,0.3985933256384159
α-Ti3AlC2,-0.78,7.8,10.4,10.0,3,1,0,22.0,4.0,4.0,1.76,51.0,4e-07,0.32,10.64,22.0,3560.0,1941.0,1619.0,110.0,116.0,716.0,44.0,6.0,970.0,4507.0,8.6e-06,6.82812,47.867,1.4,0.0,0.8516666666666667,0.8516666666666667,0.075545,13.0,3.0,13.0,1.18,80.0,2.7e-08,10.0,235.0,2792.0,933.47,1858.53,2.75,2700.0,5.985769,26.9815386,1.25,0.0,0.675,0.675,0.432835,6.0,2.0,14.0,0.67,95.0,2.417,5.29,140.0,4300.0,3800.0,500.0,11.260288,12.0107,0.7,0.0,0.3,0.3,1.262113612,15.166666666666666,7.22072634081149,3.1666666666666665,0.8975274678557507,8.833333333333332,4.844813951249544,1.3,0.49040799340956914,70.5,20.130822139197395,8.75,2.4570307283385775,96.83333333333333,81.25764921258525,3678.666666666667,516.4838386199084,2392.745,1056.9166973442136,1285.9216666666669,562.1461203998081,8.165117500000001,2.208785777963822,32.43398976666666,16.21976247307515,1.1416666666666666,0.31677629681247016,0.0,0.0,0.6383333333333333,0.24725717605584496,0.6383333333333333,0.24725717605584496,0.530616204,0.5324483514556687
α-Ti3SiC2,-0.838,8.1,7.3,7.7,3,1,0,22.0,4.0,4.0,1.76,51.0,4e-07,0.32,10.64,22.0,3560.0,1941.0,1619.0,110.0,116.0,716.0,44.0,6.0,970.0,4507.0,8.6e-06,6.82812,47.867,1.4,0.0,0.8516666666666667,0.8516666666666667,0.075545,14.0,3.0,14.0,1.11,85.0,0.001,12.06,150.0,3173.0,1687.0,1486.0,6.5,2330.0,8.15168,28.0855,1.1,0.0,0.54,0.54,1.38952128,6.0,2.0,14.0,0.67,95.0,2.417,5.29,140.0,4300.0,3800.0,500.0,11.260288,12.0107,0.7,0.0,0.3,0.3,1.262113612,15.333333333333332,7.180219742846005,3.1666666666666665,0.8975274678557507,9.0,5.0,1.2883333333333333,0.4939438789534248,71.33333333333333,20.604745947367455,9.093333333333334,2.735822037747014,82.66666666666666,60.758172747010384,3742.166666666666,417.5046573259859,2518.333333333333,910.7135785867158,1223.8333333333335,513.9829493497058,8.526102666666667,1.9891860402454953,32.61798333333333,16.163029758414382,1.1166666666666667,0.3131382371342656,0.0,0.0,0.6158333333333333,0.24903285146966275,0.6158333333333333,0.24903285146966275,0.6900639173333334,0.615984687012951
β-Ti3SiC2,-0.507,7.8,2.4,2.6,3,0,1,22.0,4.0,4.0,1.76,51.0,4e-07,0.32,10.64,22.0,3560.0,1941.0,1619.0,110.0,116.0,716.0,44.0,6.0,970.0,4507.0,8.6e-06,6.82812,47.867,1.4,0.0,0.8516666666666667,0.8516666666666667,0.075545,14.0,3.0,14.0,1.11,85.0,0.001,12.06,150.0,3173.0,1687.0,1486.0,6.5,2330.0,8.15168,28.0855,1.1,0.0,0.54,0.54,1.38952128,6.0,2.0,14.0,0.67,95.0,2.417,5.29,140.0,4300.0,3800.0,500.0,11.260288,12.0107,0.7,0.0,0.3,0.3,1.262113612,15.333333333333332,7.180219742846005,3.1666666666666665,0.8975274678557507,9.0,5.0,1.2883333333333333,0.4939438789534248,71.33333333333333,20.604745947367455,9.093333333333334,2.735822037747014,82.66666666666666,60.758172747010384,3742.166666666666,417.5046573259859,2518.333333333333,910.7135785867158,1223.8333333333335,513.9829493497058,8.526102666666667,1.9891860402454953,32.61798333333333,16.163029758414382,1.1166666666666667,0.3131382371342656,0.0,0.0,0.6158333333333333,0.24903285146966275,0.6158333333333333,0.24903285146966275,0.6900639173333334,0.615984687012951
α-Ti3GaN2,-3.954,5.2,8.4,7.9,3,1,0,22.0,4.0,4.0,1.76,51.0,4e-07,0.32,10.64,22.0,3560.0,1941.0,1619.0,110.0,116.0,716.0,44.0,6.0,970.0,4507.0,8.6e-06,6.82812,47.867,1.4,0.0,0.8516666666666667,0.8516666666666667,0.075545,31.0,4.0,13.0,1.36,81.0,1.4e-07,11.8,29.0,2477.0,302.91,2174.09,1.5,5904.0,5.999302,69.723,1.3,0.0,0.76,0.76,0.3012011,7.0,2.0,15.0,0.56,100.0,1.000298,13.54,0.02583,77.36,63.05,14.31,14.53413,14.0067,0.65,1.32,0.285,0.63,-0.07,18.499999999999996,8.73212459828649,3.333333333333333,0.9428090415820634,9.166666666666666,5.2094998693625945,1.2933333333333334,0.5374838498865699,72.33333333333333,22.253588973966025,11.8,1.2969194269498774,15.841943333333331,11.454244649317658,2218.6200000000003,1561.7644889034964,1042.0016666666668,902.5466962142303,1176.6183333333333,844.9828071508648,9.258653666666666,3.741816762138487,40.2229,20.083703921836726,1.1333333333333333,0.3435921354681383,0.44,0.6222539674441618,0.6475,0.25836693329879157,0.7625,0.09913865150496158,0.06463935,0.12421337173433664
β-Ti3GaN2,-3.689,4.9,3.4,3.9,3,0,1,22.0,4.0,4.0,1.76,51.0,4e-07,0.32,10.64,22.0,3560.0,1941.0,1619.0,110.0,116.0,716.0,44.0,6.0,970.0,4507.0,8.6e-06,6.82812,47.867,1.4,0.0,0.8516666666666667,0.8516666666666667,0.075545,31.0,4.0,13.0,1.36,81.0,1.4e-07,11.8,29.0,2477.0,302.91,2174.09,1.5,5904.0,5.999302,69.723,1.3,0.0,0.76,0.76,0.3012011,7.0,2.0,15.0,0.56,100.0,1.000298,13.54,0.02583,77.36,63.05,14.31,14.53413,14.0067,0.65,1.32,0.285,0.63,-0.07,18.499999999999996,8.73212459828649,3.333333333333333,0.9428090415820634,9.166666666666666,5.2094998693625945,1.2933333333333334,0.5374838498865699,72.33333333333333,22.253588973966025,11.8,1.2969194269498774,15.841943333333331,11.454244649317658,2218.6200000000003,1561.7644889034964,1042.0016666666668,902.5466962142303,1176.6183333333333,844.9828071508648,9.258653666666666,3.741816762138487,40.2229,20.083703921836726,1.1333333333333333,0.3435921354681383,0.44,0.6222539674441618,0.6475,0.25836693329879157,0.7625,0.09913865150496158,0.06463935,0.12421337173433664
α-Ti3GeC2,-0.856,8.0,7.6,8.0,3,1,0,22.0,4.0,4.0,1.76,51.0,4e-07,0.32,10.64,22.0,3560.0,1941.0,1619.0,110.0,116.0,716.0,44.0,6.0,970.0,4507.0,8.6e-06,6.82812,47.867,1.4,0.0,0.8516666666666667,0.8516666666666667,0.075545,32.0,4.0,14.0,1.25,84.0,0.0005,13.63,60.0,3093.0,1211.4,1881.6,6.0,5323.0,7.899435,72.64,1.25,0.0,0.77,0.77,1.232676413,6.0,2.0,14.0,0.67,95.0,2.417,5.29,140.0,4300.0,3800.0,500.0,11.260288,12.0107,0.7,0.0,0.3,0.3,1.262113612,18.333333333333332,9.410396142328736,3.333333333333333,0.9428090415820634,9.0,5.0,1.3116666666666668,0.48824231233635984,71.16666666666666,20.49728979374807,9.355,3.062617344690649,67.66666666666666,52.88246926492328,3728.833333333333,436.3219058855005,2439.0666666666666,996.2977912697031,1289.7666666666667,566.1144220816927,8.484061833333334,1.9992949614540299,40.04373333333333,21.67113679664472,1.1416666666666666,0.31677629681247016,0.0,0.0,0.6541666666666667,0.25209263068254184,0.6541666666666667,0.25209263068254184,0.6639231061666666,0.5884599213230173
α-Ti3GeN2,-3.946,5.4,9.8,8.6,3,1,0,22.0,4.0,4.0,1.76,51.0,4e-07,0.32,10.64,22.0,3560.0,1941.0,1619.0,110.0,116.0,716.0,44.0,6.0,970.0,4507.0,8.6e-06,6.82812,47.867,1.4,0.0,0.8516666666666667,0.8516666666666667,0.075545,32.0,4.0,14.0,1.25,84.0,0.0005,13.63,60.0,3093.0,1211.4,1881.6,6.0,5323.0,7.899435,72.64,1.25,0.0,0.77,0.77,1.232676413,7.0,2.0,15.0,0.56,100.0,1.000298,13.54,0.02583,77.36,63.05,14.31,14.53413,14.0067,0.65,1.32,0.285,0.63,-0.07,18.666666666666664,8.975274678557506,3.333333333333333,0.9428090415820634,9.333333333333332,5.343739847293799,1.2750000000000001,0.5367727638395972,72.83333333333333,22.47529507901707,12.105,1.4653071350402955,21.00861,20.015956841085565,2321.286666666667,1595.2631656528927,1193.4166666666667,839.8832779354257,1127.87,792.8605058899075,9.5753425,3.5267904975673345,40.709066666666665,20.813958872005955,1.125,0.340036762718386,0.44,0.6222539674441618,0.6491666666666667,0.2591184306665798,0.7641666666666667,0.09916666666666667,0.21988523549999997,0.45758700074342945
β-Ti3GeN2,-3.701,5.2,7.7,7.1,3,0,1,22.0,4.0,4.0,1.76,51.0,4e-07,0.32,10.64,22.0,3560.0,1941.0,1619.0,110.0,116.0,716.0,44.0,6.0,970.0,4507.0,8.6e-06,6.82812,47.867,1.4,0.0,0.8516666666666667,0.8516666666666667,0.075545,32.0,4.0,14.0,1.25,84.0,0.0005,13.63,60.0,3093.0,1211.4,1881.6,6.0,5323.0,7.899435,72.64,1.25,0.0,0.77,0.77,1.232676413,7.0,2.0,15.0,0.56,100.0,1.000298,13.54,0.02583,77.36,63.05,14.31,14.53413,14.0067,0.65,1.32,0.285,0.63,-0.07,18.666666666666664,8.975274678557506,3.333333333333333,0.9428090415820634,9.333333333333332,5.343739847293799,1.2750000000000001,0.5367727638395972,72.83333333333333,22.47529507901707,12.105,1.4653071350402955,21.00861,20.015956841085565,2321.286666666667,1595.2631656528927,1193.4166666666667,839.8832779354257,1127.87,792.8605058899075,9.5753425,3.5267904975673345,40.709066666666665,20.813958872005955,1.125,0.340036762718386,0.44,0.6222539674441618,0.6491666666666667,0.2591184306665798,0.7641666666666667,0.09916666666666667,0.21988523549999997,0.45758700074342945
α-Ti3InC2,-0.763,7.6,10.0,8.1,3,1,0,22.0,4.0,4.0,1.76,51.0,4e-07,0.32,10.64,22.0,3560.0,1941.0,1619.0,110.0,116.0,716.0,44.0,6.0,970.0,4507.0,8.6e-06,6.82812,47.867,1.4,0.0,0.8516666666666667,0.8516666666666667,0.075545,49.0,5.0,13.0,1.56,79.0,8e-08,15.76,82.0,2345.0,429.75,1915.25,1.2,7310.0,5.7863557,114.818,1.55,0.0,0.94,0.94,0.383926,6.0,2.0,14.0,0.67,95.0,2.417,5.29,140.0,4300.0,3800.0,500.0,11.260288,12.0107,0.7,0.0,0.3,0.3,1.262113612,21.166666666666664,14.357537702854515,3.4999999999999996,1.118033988749895,8.833333333333332,4.844813951249544,1.3633333333333335,0.49533378196480354,70.33333333333333,20.055478608655097,9.71,3.61178626167164,71.33333333333333,52.98637141336964,3604.166666666667,653.1616483604107,2308.7916666666665,1182.0895554118938,1295.375,572.0849614567752,8.13188195,2.2425702472682123,47.0734,34.27828781853025,1.1916666666666667,0.3516824641001532,0.0,0.0,0.6825,0.2722654444144945,0.6825,0.2722654444144945,0.522464704,0.5342542547307614
α-Ti3InN2,-3.86,5.0,9.0,9.4,3,1,0,22.0,4.0,4.0,1.76,51.0,4e-07,0.32,10.64,22.0,3560.0,1941.0,1619.0,110.0,116.0,716.0,44.0,6.0,970.0,4507.0,8.6e-06,6.82812,47.867,1.4,0.0,0.8516666666666667,0.8516666666666667,0.075545,49.0,5.0,13.0,1.56,79.0,8e-08,15.76,82.0,2345.0,429.75,1915.25,1.2,7310.0,5.7863557,114.818,1.55,0.0,0.94,0.94,0.383926,7.0,2.0,15.0,0.56,100.0,1.000298,13.54,0.02583,77.36,63.05,14.31,14.53413,14.0067,0.65,1.32,0.285,0.63,-0.07,21.499999999999996,14.0089257261219,3.4999999999999996,1.118033988749895,9.166666666666666,5.2094998693625945,1.3266666666666669,0.5467073155618908,72.0,22.135943621178654,12.46,1.9646882704388497,24.675276666666665,27.45537489247638,2196.6200000000003,1558.8969173104422,1063.1416666666667,886.3273893886816,1133.4783333333332,798.2727522473479,9.223162616666666,3.773439595449961,47.738733333333336,33.604011464787284,1.1749999999999998,0.37499999999999994,0.44,0.6222539674441618,0.6775,0.27929101708114823,0.7925,0.11907339006773184,0.07842683333333333,0.15133610795776914
β-Ti3InN2,-3.637,4.8,2.9,2.8,3,0,1,22.0,4.0,4.0,1.76,51.0,4e-07,0.32,10.64,22.0,3560.0,1941.0,1619.0,110.0,116.0,716.0,44.0,6.0,970.0,4507.0,8.6e-06,6.82812,47.867,1.4,0.0,0.8516666666666667,0.8516666666666667,0.075545,49.0,5.0,13.0,1.56,79.0,8e-08,15.76,82.0,2345.0,429.75,1915.25,1.2,7310.0,5.7863557,114.818,1.55,0.0,0.94,0.94,0.383926,7.0,2.0,15.0,0.56,100.0,1.000298,13.54,0.02583,77.36,63.05,14.31,14.53413,14.0067,0.65,1.32,0.285,0.63,-0.07,21.499999999999996,14.0089257261219,3.4999999999999996,1.118033988749895,9.166666666666666,5.2094998693625945,1.3266666666666669,0.5467073155618908,72.0,22.135943621178654,12.46,1.9646882704388497,24.675276666666665,27.45537489247638,2196.6200000000003,1558.8969173104422,1063.1416666666667,886.3273893886816,1133.4783333333332,798.2727522473479,9.223162616666666,3.773439595449961,47.738733333333336,33.604011464787284,1.1749999999999998,0.37499999999999994,0.44,0.6222539674441618,0.6775,0.27929101708114823,0.7925,0.11907339006773184,0.07842683333333333,0.15133610795776914
α-Ti3SnC2,-0.802,7.8,8.1,8.2,3,1,0,22.0,4.0,4.0,1.76,51.0,4e-07,0.32,10.64,22.0,3560.0,1941.0,1619.0,110.0,116.0,716.0,44.0,6.0,970.0,4507.0,8.6e-06,6.82812,47.867,1.4,0.0,0.8516666666666667,0.8516666666666667,0.075545,50.0,5.0,14.0,1.45,83.0,1.15e-07,16.29,67.0,2875.0,505.08,2369.92,1.5,7310.0,7.343918,118.71,1.45,0.0,0.83,0.83,1.1120702,6.0,2.0,14.0,0.67,95.0,2.417,5.29,140.0,4300.0,3800.0,500.0,11.260288,12.0107,0.7,0.0,0.3,0.3,1.262113612,21.333333333333332,14.681810363696826,3.4999999999999996,1.118033988749895,9.0,5.0,1.345,0.4897193073588175,71.0,20.396078054371138,9.798333333333334,3.762027009767769,68.83333333333333,52.77757309901832,3692.5,493.13410954830533,2321.3466666666664,1162.29992725152,1371.1533333333334,670.7750523751528,8.391475666666667,2.0367371084760104,47.722066666666656,35.566728634013494,1.175,0.3363406011768427,0.0,0.0,0.6641666666666667,0.257618635022995,0.6641666666666667,0.257618635022995,0.6438220706666666,0.5704737297383242
β-Ti3SnC2,-0.574,7.6,2.6,2.6,3,0,1,22.0,4.0,4.0,1.76,51.0,4e-07,0.32,10.64,22.0,3560.0,1941.0,1619.0,110.0,116.0,716.0,44.0,6.0,970.0,4507.0,8.6e-06,6.82812,47.867,1.4,0.0,0.8516666666666667,0.8516666666666667,0.075545,50.0,5.0,14.0,1.45,83.0,1.15e-07,16.29,67.0,2875.0,505.08,2369.92,1.5,7310.0,7.343918,118.71,1.45,0.0,0.83,0.83,1.1120702,6.0,2.0,14.0,0.67,95.0,2.417,5.29,140.0,4300.0,3800.0,500.0,11.260288,12.0107,0.7,0.0,0.3,0.3,1.262113612,21.333333333333332,14.681810363696826,3.4999999999999996,1.118033988749895,9.0,5.0,1.345,0.4897193073588175,71.0,20.396078054371138,9.798333333333334,3.762027009767769,68.83333333333333,52.77757309901832,3692.5,493.13410954830533,2321.3466666666664,1162.29992725152,1371.1533333333334,670.7750523751528,8.391475666666667,2.0367371084760104,47.722066666666656,35.566728634013494,1.175,0.3363406011768427,0.0,0.0,0.6641666666666667,0.257618635022995,0.6641666666666667,0.257618635022995,0.6438220706666666,0.5704737297383242
α-V3AlC2,-0.531,8.4,7.5,7.3,3,1,0,23.0,4.0,5.0,1.71,54.0,2e-07,0.37,8.32,31.0,3680.0,2183.0,1497.0,160.0,128.0,628.0,47.0,7.0,628.0,6110.0,8.4e-06,6.746187,50.9415,1.35,0.0,0.7775,0.7775,0.527662,13.0,3.0,13.0,1.18,80.0,2.7e-08,10.0,235.0,2792.0,933.47,1858.53,2.75,2700.0,5.985769,26.9815386,1.25,0.0,0.675,0.675,0.432835,6.0,2.0,14.0,0.67,95.0,2.417,5.29,140.0,4300.0,3800.0,500.0,11.260288,12.0107,0.7,0.0,0.3,0.3,1.262113612,15.666666666666666,7.695597587076796,3.1666666666666665,0.8975274678557507,9.333333333333332,4.346134936801766,1.2750000000000001,0.4670385423067351,72.0,18.681541692269406,7.59,1.731415605797753,101.33333333333333,77.13336214346913,3738.666666666667,506.0786061033953,2513.745,1011.1338265160551,1224.9216666666669,528.293198909364,8.124151,2.233821184254684,33.97123976666666,17.688771076811985,1.1166666666666667,0.2967415635794143,0.0,0.0,0.60125,0.2160765200108517,0.60125,0.2160765200108517,0.756674704,0.35896833405084805
β-V3AlC2,-0.26,8.1,4.8,5.4,3,0,1,23.0,4.0,5.0,1.71,54.0,2e-07,0.37,8.32,31.0,3680.0,2183.0,1497.0,160.0,128.0,628.0,47.0,7.0,628.0,6110.0,8.4e-06,6.746187,50.9415,1.35,0.0,0.7775,0.7775,0.527662,13.0,3.0,13.0,1.18,80.0,2.7e-08,10.0,235.0,2792.0,933.47,1858.53,2.75,2700.0,5.985769,26.9815386,1.25,0.0,0.675,0.675,0.432835,6.0,2.0,14.0,0.67,95.0,2.417,5.29,140.0,4300.0,3800.0,500.0,11.260288,12.0107,0.7,0.0,0.3,0.3,1.262113612,15.666666666666666,7.695597587076796,3.1666666666666665,0.8975274678557507,9.333333333333332,4.346134936801766,1.2750000000000001,0.4670385423067351,72.0,18.681541692269406,7.59,1.731415605797753,101.33333333333333,77.13336214346913,3738.666666666667,506.0786061033953,2513.745,1011.1338265160551,1224.9216666666669,528.293198909364,8.124151,2.233821184254684,33.97123976666666,17.688771076811985,1.1166666666666667,0.2967415635794143,0.0,0.0,0.60125,0.2160765200108517,0.60125,0.2160765200108517,0.756674704,0.35896833405084805
α-V3AlN2,-3.415,5.7,2.9,3.5,3,1,0,23.0,4.0,5.0,1.71,54.0,2e-07,0.37,8.32,31.0,3680.0,2183.0,1497.0,160.0,128.0,628.0,47.0,7.0,628.0,6110.0,8.4e-06,6.746187,50.9415,1.35,0.0,0.7775,0.7775,0.527662,13.0,3.0,13.0,1.18,80.0,2.7e-08,10.0,235.0,2792.0,933.47,1858.53,2.75,2700.0,5.985769,26.9815386,1.25,0.0,0.675,0.675,0.432835,7.0,2.0,15.0,0.56,100.0,1.000298,13.54,0.02583,77.36,63.05,14.31,14.53413,14.0067,0.65,1.32,0.285,0.63,-0.07,16.0,7.280109889280518,3.1666666666666665,0.8975274678557507,9.666666666666666,4.714045207910317,1.2383333333333335,0.5149568482460987,73.66666666666666,20.765890836230028,10.34,2.3394016328967537,54.67527666666666,81.8246968248977,2331.1200000000003,1624.2798616002108,1268.095,959.8085114360051,1063.025,752.4889156824837,9.215431666666666,3.770484772856388,34.6365731,16.86878184242235,1.1,0.32015621187164245,0.44,0.6222539674441618,0.59625,0.22305058282820064,0.7112499999999999,0.06792689084596759,0.31263683333333336,0.2726343578913075
α-V3SiC2,-0.508,8.7,3.1,4.0,3,1,0,23.0,4.0,5.0,1.71,54.0,2e-07,0.37,8.32,31.0,3680.0,2183.0,1497.0,160.0,128.0,628.0,47.0,7.0,628.0,6110.0,8.4e-06,6.746187,50.9415,1.35,0.0,0.7775,0.7775,0.527662,14.0,3.0,14.0,1.11,85.0,0.001,12.06,150.0,3173.0,1687.0,1486.0,6.5,2330.0,8.15168,28.0855,1.1,0.0,0.54,0.54,1.38952128,6.0,2.0,14.0,0.67,95.0,2.417,5.29,140.0,4300.0,3800.0,500.0,11.260288,12.0107,0.7,0.0,0.3,0.3,1.262113612,15.833333333333332,7.646713164636308,3.1666666666666665,0.8975274678557507,9.5,4.5,1.2633333333333334,0.47013000566037283,72.83333333333333,19.12604390760294,7.933333333333334,2.289553571235134,87.16666666666666,56.26549169389312,3802.166666666666,395.0318200966713,2639.333333333333,839.2410592645926,1162.8333333333333,468.71007978161606,8.485136166666667,2.0242678110017467,34.15523333333333,17.620719913657204,1.0916666666666668,0.2907127257085402,0.0,0.0,0.57875,0.2142464993879713,0.57875,0.2142464993879713,0.9161224173333333,0.390775038492351
α-V3SiN2,-3.392,5.9,2.0,2.3,3,1,0,23.0,4.0,5.0,1.71,54.0,2e-07,0.37,8.32,31.0,3680.0,2183.0,1497.0,160.0,128.0,628.0,47.0,7.0,628.0,6110.0,8.4e-06,6.746187,50.9415,1.35,0.0,0.7775,0.7775,0.527662,14.0,3.0,14.0,1.11,85.0,0.001,12.06,150.0,3173.0,1687.0,1486.0,6.5,2330.0,8.15168,28.0855,1.1,0.0,0.54,0.54,1.38952128,7.0,2.0,15.0,0.56,100.0,1.000298,13.54,0.02583,77.36,63.05,14.31,14.53413,14.0067,0.65,1.32,0.285,0.63,-0.07,16.166666666666664,7.22072634081149,3.1666666666666665,0.8975274678557507,9.833333333333332,4.844813951249544,1.2266666666666668,0.516935413975694,74.5,21.10094784600919,10.683333333333334,2.414274678287916,40.50861,50.887648189557744,2394.62,1648.3258412098014,1393.6833333333332,957.1021543643545,1000.9366666666666,697.6612463716821,9.576416833333333,3.5406759585001755,34.820566666666664,16.79011955910049,1.0750000000000002,0.31324910215354174,0.44,0.6222539674441618,0.57375,0.2207692517086562,0.68875,0.09368330961275864,0.47208454666666666,0.4896713236270504
α-V3GaC2,-0.528,8.3,3.9,4.1,3,1,0,23.0,4.0,5.0,1.71,54.0,2e-07,0.37,8.32,31.0,3680.0,2183.0,1497.0,160.0,128.0,628.0,47.0,7.0,628.0,6110.0,8.4e-06,6.746187,50.9415,1.35,0.0,0.7775,0.7775,0.527662,31.0,4.0,13.0,1.36,81.0,1.4e-07,11.8,29.0,2477.0,302.91,2174.09,1.5,5904.0,5.999302,69.723,1.3,0.0,0.76,0.76,0.3012011,6.0,2.0,14.0,0.67,95.0,2.417,5.29,140.0,4300.0,3800.0,500.0,11.260288,12.0107,0.7,0.0,0.3,0.3,1.262113612,18.666666666666664,9.392668535736915,3.333333333333333,0.9428090415820634,9.333333333333332,4.346134936801766,1.305,0.4657520799738848,72.16666666666666,18.756480361612503,7.890000000000001,2.2121934815924216,67.0,51.62363799656123,3686.166666666667,607.6979558592867,2408.6516666666666,1187.3362595942322,1277.515,599.6425152747261,8.1264065,2.231666704152806,41.09481666666667,21.611016031676737,1.125,0.3010398644698074,0.0,0.0,0.6154166666666666,0.2231190669923921,0.6154166666666666,0.2231190669923921,0.7347357206666667,0.38141091690878204
α-V3GaN2,-3.411,5.5,2.6,2.9,3,1,0,23.0,4.0,5.0,1.71,54.0,2e-07,0.37,8.32,31.0,3680.0,2183.0,1497.0,160.0,128.0,628.0,47.0,7.0,628.0,6110.0,8.4e-06,6.746187,50.9415,1.35,0.0,0.7775,0.7775,0.527662,31.0,4.0,13.0,1.36,81.0,1.4e-07,11.8,29.0,2477.0,302.91,2174.09,1.5,5904.0,5.999302,69.723,1.3,0.0,0.76,0.76,0.3012011,7.0,2.0,15.0,0.56,100.0,1.000298,13.54,0.02583,77.36,63.05,14.31,14.53413,14.0067,0.65,1.32,0.285,0.63,-0.07,18.999999999999996,8.94427190999916,3.333333333333333,0.9428090415820634,9.666666666666666,4.714045207910317,1.2683333333333333,0.5159268897388035,73.83333333333333,20.81999573060048,10.64,2.391401262858243,20.341943333333333,14.383053586996825,2278.6200000000003,1613.590381354574,1163.0016666666666,1023.1271355573992,1115.6183333333333,814.706315826275,9.217687166666666,3.768555671667038,41.76015,20.717627427688235,1.1083333333333334,0.3245723682358408,0.44,0.6222539674441618,0.6104166666666666,0.2301874990572299,0.7254166666666666,0.0677528699679127,0.29069785,0.2673238427467937
α-V3GeC2,-0.478,8.5,2.4,3.5,3,1,0,23.0,4.0,5.0,1.71,54.0,2e-07,0.37,8.32,31.0,3680.0,2183.0,1497.0,160.0,128.0,628.0,47.0,7.0,628.0,6110.0,8.4e-06,6.746187,50.9415,1.35,0.0,0.7775,0.7775,0.527662,32.0,4.0,14.0,1.25,84.0,0.0005,13.63,60.0,3093.0,1211.4,1881.6,6.0,5323.0,7.899435,72.64,1.25,0.0,0.77,0.77,1.232676413,6.0,2.0,14.0,0.67,95.0,2.417,5.29,140.0,4300.0,3800.0,500.0,11.260288,12.0107,0.7,0.0,0.3,0.3,1.262113612,18.833333333333332,9.616247824501103,3.333333333333333,0.9428090415820634,9.5,4.5,1.2866666666666666,0.4653911138911967,72.66666666666666,19.0233774311737,8.195,2.782808832816225,72.16666666666666,49.04901176940832,3788.833333333333,416.79348070184056,2560.0666666666666,941.6571326950991,1228.7666666666667,532.9540995453757,8.443095333333332,2.0333555712782307,41.58098333333333,22.27226842932833,1.1166666666666667,0.2967415635794143,0.0,0.0,0.6170833333333333,0.22422745458326213,0.6170833333333333,0.22422745458326213,0.8899816061666667,0.3624524523299392
α-V3GeN2,-3.359,5.7,2.0,3.4,3,1,0,23.0,4.0,5.0,1.71,54.0,2e-07,0.37,8.32,31.0,3680.0,2183.0,1497.0,160.0,128.0,628.0,47.0,7.0,628.0,6110.0,8.4e-06,6.746187,50.9415,1.35,0.0,0.7775,0.7775,0.527662,32.0,4.0,14.0,1.25,84.0,0.0005,13.63,60.0,3093.0,1211.4,1881.6,6.0,5323.0,7.899435,72.64,1.25,0.0,0.77,0.77,1.232676413,7.0,2.0,15.0,0.56,100.0,1.000298,13.54,0.02583,77.36,63.05,14.31,14.53413,14.0067,0.65,1.32,0.285,0.63,-0.07,19.166666666666664,9.172725270544674,3.333333333333333,0.9428090415820634,9.833333333333332,4.844813951249544,1.25,0.5142956348249516,74.33333333333333,21.02115336723675,10.945,2.625171422974126,25.50861,20.731884580621223,2381.286666666667,1642.2880891271448,1314.4166666666667,949.1891735698539,1066.87,756.591647984565,9.534375999999998,3.5587944094799853,42.246316666666665,21.391378813002888,1.1,0.32015621187164245,0.44,0.6222539674441618,0.6120833333333333,0.23129804305748508,0.7270833333333333,0.06869947638487177,0.4459437355,0.44184797659156916
α-V3AsC2,-0.48,8.5,3.0,2.9,3,1,0,23.0,4.0,5.0,1.71,54.0,2e-07,0.37,8.32,31.0,3680.0,2183.0,1497.0,160.0,128.0,628.0,47.0,7.0,628.0,6110.0,8.4e-06,6.746187,50.9415,1.35,0.0,0.7775,0.7775,0.527662,33.0,4.0,15.0,1.14,89.0,3.3e-07,12.95,50.0,887.0,1090.0,203.0,3.5,5727.0,9.78855,74.9216,1.15,0.0,0.6599999999999999,0.6599999999999999,0.80482,6.0,2.0,14.0,0.67,95.0,2.417,5.29,140.0,4300.0,3800.0,500.0,11.260288,12.0107,0.7,0.0,0.3,0.3,1.262113612,19.0,9.848857801796104,3.333333333333333,0.9428090415820634,9.666666666666666,4.678556282539399,1.2683333333333333,0.46862979940341914,73.5,19.60229578391266,8.081666666666667,2.5644324691613325,70.5,49.60090724976712,3421.1666666666665,1166.7391048940156,2539.833333333333,971.2575039035163,949.0,556.8707210834486,8.757947833333333,2.07071237327346,41.96125,22.812241716948815,1.1,0.29154759474226505,0.0,0.0,0.59875,0.21529413020331045,0.59875,0.21529413020331045,0.818672204,0.3285151606623525
α-V3AsN2,-3.351,5.7,2.6,2.8,3,1,0,23.0,4.0,5.0,1.71,54.0,2e-07,0.37,8.32,31.0,3680.0,2183.0,1497.0,160.0,128.0,628.0,47.0,7.0,628.0,6110.0,8.4e-06,6.746187,50.9415,1.35,0.0,0.7775,0.7775,0.527662,33.0,4.0,15.0,1.14,89.0,3.3e-07,12.95,50.0,887.0,1090.0,203.0,3.5,5727.0,9.78855,74.9216,1.15,0.0,0.6599999999999999,0.6599999999999999,0.80482,7.0,2.0,15.0,0.56,100.0,1.000298,13.54,0.02583,77.36,63.05,14.31,14.53413,14.0067,0.65,1.32,0.285,0.63,-0.07,19.333333333333332,9.410396142328736,3.333333333333333,0.9428090415820634,10.0,5.0,1.2316666666666667,0.5159268897388035,75.16666666666666,21.481904529678513,10.831666666666667,2.5193545249174876,23.841943333333333,18.130874969319294,2013.62,1688.0928643886864,1294.1833333333334,952.4577508856875,787.1033333333334,712.6775343886056,9.849228499999999,3.4829797028294966,42.626583333333336,21.9415020112128,1.0833333333333335,0.3144660377352202,0.44,0.6222539674441618,0.59375,0.22223650127735542,0.70875,0.06947346615795126,0.3746343333333333,0.3293203832286864
α-V3CdC2,-0.384,7.8,3.4,3.7,3,1,0,23.0,4.0,5.0,1.71,54.0,2e-07,0.37,8.32,31.0,3680.0,2183.0,1497.0,160.0,128.0,628.0,47.0,7.0,628.0,6110.0,8.4e-06,6.746187,50.9415,1.35,0.0,0.7775,0.7775,0.527662,48.0,5.0,12.0,1.61,75.0,7e-08,13.0,97.0,1040.0,594.22,445.78,2.0,8650.0,8.99382,112.411,1.55,0.0,1.09,1.09,-0.72,6.0,2.0,14.0,0.67,95.0,2.417,5.29,140.0,4300.0,3800.0,500.0,11.260288,12.0107,0.7,0.0,0.3,0.3,1.262113612,21.5,14.080127840328723,3.4999999999999996,1.118033988749895,9.166666666666666,4.2196629670573875,1.3466666666666667,0.47978004219526355,71.16666666666666,18.415723957772848,8.09,2.5802713035648015,78.33333333333333,49.455928753678144,3446.6666666666665,1111.4355082004934,2457.203333333333,1103.2131163358943,989.4633333333333,507.8583595736993,8.625492833333332,2.025476375567273,48.20948333333333,33.57809384387469,1.1666666666666667,0.33747427885527653,0.0,0.0,0.6704166666666667,0.28427325713514145,0.6704166666666667,0.28427325713514145,0.5645355373333334,0.6617326827415484
α-V3CdN2,-3.287,5.0,2.1,2.1,3,1,0,23.0,4.0,5.0,1.71,54.0,2e-07,0.37,8.32,31.0,3680.0,2183.0,1497.0,160.0,128.0,628.0,47.0,7.0,628.0,6110.0,8.4e-06,6.746187,50.9415,1.35,0.0,0.7775,0.7775,0.527662,48.0,5.0,12.0,1.61,75.0,7e-08,13.0,97.0,1040.0,594.22,445.78,2.0,8650.0,8.99382,112.411,1.55,0.0,1.09,1.09,-0.72,7.0,2.0,15.0,0.56,100.0,1.000298,13.54,0.02583,77.36,63.05,14.31,14.53413,14.0067,0.65,1.32,0.285,0.63,-0.07,21.833333333333332,13.716373022373256,3.4999999999999996,1.118033988749895,9.5,4.6097722286464435,1.31,0.5315072906367324,72.83333333333333,20.594632526192083,10.84,2.5264203925712754,31.675276666666665,32.33177596657952,2039.12,1671.9602712983342,1211.5533333333333,987.4500946320725,827.5666666666666,684.7087986793282,9.716773499999999,3.497848422513796,48.87481666666667,32.86647545328505,1.15,0.36055512754639896,0.44,0.6222539674441618,0.6654166666666667,0.29080139509446806,0.7804166666666666,0.15336107086074866,0.12049766666666666,0.46122363207366357
α-V3InC2,-0.413,8.1,3.4,3.9,3,1,0,23.0,4.0,5.0,1.71,54.0,2e-07,0.37,8.32,31.0,3680.0,2183.0,1497.0,160.0,128.0,628.0,47.0,7.0,628.0,6110.0,8.4e-06,6.746187,50.9415,1.35,0.0,0.7775,0.7775,0.527662,49.0,5.0,13.0,1.56,79.0,8e-08,15.76,82.0,2345.0,429.75,1915.25,1.2,7310.0,5.7863557,114.818,1.55,0.0,0.94,0.94,0.383926,6.0,2.0,14.0,0.67,95.0,2.417,5.29,140.0,4300.0,3800.0,500.0,11.260288,12.0107,0.7,0.0,0.3,0.3,1.262113612,21.666666666666664,14.395215254459455,3.4999999999999996,1.118033988749895,9.333333333333332,4.346134936801766,1.3383333333333334,0.4755493898873409,71.83333333333333,18.613764321657836,8.55,3.4975705854206858,75.83333333333333,48.824231233635984,3664.166666666667,651.8589869664212,2429.7916666666665,1150.2048224905664,1234.375,539.925877435968,8.09091545,2.2666320159885265,48.61065,34.34827617992641,1.1666666666666667,0.33747427885527653,0.0,0.0,0.6454166666666666,0.25091257054112603,0.6454166666666666,0.25091257054112603,0.748523204,0.36670159299736244
β-V3InN2,-3.121,5.2,1.5,2.7,3,0,1,23.0,4.0,5.0,1.71,54.0,2e-07,0.37,8.32,31.0,3680.0,2183.0,1497.0,160.0,128.0,628.0,47.0,7.0,628.0,6110.0,8.4e-06,6.746187,50.9415,1.35,0.0,0.7775,0.7775,0.527662,49.0,5.0,13.0,1.56,79.0,8e-08,15.76,82.0,2345.0,429.75,1915.25,1.2,7310.0,5.7863557,114.818,1.55,0.0,0.94,0.94,0.383926,7.0,2.0,15.0,0.56,100.0,1.000298,13.54,0.02583,77.36,63.05,14.31,14.53413,14.0067,0.65,1.32,0.285,0.63,-0.07,21.999999999999996,14.035668847618199,3.4999999999999996,1.118033988749895,9.666666666666666,4.714045207910317,1.3016666666666667,0.5271121533622822,73.5,20.71834935510066,11.3,3.0705048444840464,29.175276666666665,27.38558234703842,2256.6200000000003,1611.634325397669,1184.1416666666667,1006.3095735643293,1072.4783333333332,762.7101308145986,9.182196116666667,3.7995733525414623,49.275983333333336,33.64501567773036,1.15,0.36055512754639896,0.44,0.6222539674441618,0.6404166666666666,0.2578008625319594,0.7554166666666666,0.10566669952680875,0.30448533333333333,0.26963333835579173
α-V3SnC2,-0.38,8.3,2.8,4.6,3,1,0,23.0,4.0,5.0,1.71,54.0,2e-07,0.37,8.32,31.0,3680.0,2183.0,1497.0,160.0,128.0,628.0,47.0,7.0,628.0,6110.0,8.4e-06,6.746187,50.9415,1.35,0.0,0.7775,0.7775,0.527662,50.0,5.0,14.0,1.45,83.0,1.15e-07,16.29,67.0,2875.0,505.08,2369.92,1.5,7310.0,7.343918,118.71,1.45,0.0,0.83,0.83,1.1120702,6.0,2.0,14.0,0.67,95.0,2.417,5.29,140.0,4300.0,3800.0,500.0,11.260288,12.0107,0.7,0.0,0.3,0.3,1.262113612,21.833333333333332,14.712995011968918,3.4999999999999996,1.118033988749895,9.5,4.5,1.32,0.46872166581031854,72.5,18.9274932307477,8.638333333333334,3.680459285952713,73.33333333333333,48.82849805413046,3752.5,480.50104058159957,2442.3466666666664,1128.5115097133726,1310.1533333333334,650.7095185684282,8.350509166666667,2.068348791428194,49.259316666666656,35.60619216964078,1.1500000000000001,0.32015621187164245,0.0,0.0,0.6270833333333333,0.23202647418392197,0.6270833333333333,0.23202647418392197,0.8698805706666667,0.3458540116656206
α-V3SnN2,-3.255,5.5,2.3,3.8,3,1,0,23.0,4.0,5.0,1.71,54.0,2e-07,0.37,8.32,31.0,3680.0,2183.0,1497.0,160.0,128.0,628.0,47.0,7.0,628.0,6110.0,8.4e-06,6.746187,50.9415,1.35,0.0,0.7775,0.7775,0.527662,50.0,5.0,14.0,1.45,83.0,1.15e-07,16.29,67.0,2875.0,505.08,2369.92,1.5,7310.0,7.343918,118.71,1.45,0.0,0.83,0.83,1.1120702,7.0,2.0,15.0,0.56,100.0,1.000298,13.54,0.02583,77.36,63.05,14.31,14.53413,14.0067,0.65,1.32,0.285,0.63,-0.07,22.166666666666664,14.357537702854515,3.4999999999999996,1.118033988749895,9.833333333333332,4.844813951249544,1.2833333333333334,0.5196686978792887,74.16666666666666,20.947686162332,11.388333333333332,3.2023346518161118,26.675276666666665,22.7397560193542,2344.9533333333334,1628.4940551592101,1196.6966666666667,997.2483758934994,1148.2566666666667,859.1659835108827,9.441789833333333,3.6070243248512295,49.92464999999999,34.91590991414229,1.1333333333333333,0.3435921354681384,0.44,0.6222539674441618,0.6220833333333333,0.23907554884503676,0.7370833333333333,0.07796121721015446,0.4258427,0.40696634946890875
β-Ta3AlC2,-0.248,9.1,135.0,137.0,3,0,1,73.0,6.0,5.0,2.0,52.0,1.35e-07,0.34,10.85,57.0,5731.0,3290.0,2441.0,200.0,186.0,800.0,69.0,6.5,873.0,16650.0,6.3e-06,7.549571,180.94788,1.45,0.0,0.82,0.82,0.32312,13.0,3.0,13.0,1.18,80.0,2.7e-08,10.0,235.0,2792.0,933.47,1858.53,2.75,2700.0,5.985769,26.9815386,1.25,0.0,0.675,0.675,0.432835,6.0,2.0,14.0,0.67,95.0,2.417,5.29,140.0,4300.0,3800.0,500.0,11.260288,12.0107,0.7,0.0,0.3,0.3,1.262113612,40.666666666666664,32.41741644377122,4.166666666666667,1.8633899812498247,9.333333333333332,4.346134936801766,1.4200000000000002,0.604400529450463,71.0,19.6468827043885,8.855,2.5386856835772322,114.33333333333331,65.49724336862498,4764.166666666667,1089.6974223252168,3067.245,981.1315661648033,1696.9216666666669,871.0451484742656,8.525843,2.011039362099359,98.97442976666667,82.12520583217787,1.1666666666666667,0.3374742788552764,0.0,0.0,0.6224999999999999,0.23373328817265202,0.6224999999999999,0.23373328817265202,0.654403704,0.4314630213515513
α-Cr3AlC2,-0.072,6.8,2.3,2.6,3,1,0,24.0,4.0,6.0,1.66,57.0,1.27e-07,0.21,7.23,94.0,2944.0,2180.0,764.0,160.0,279.0,1120.0,115.0,8.5,1060.0,7140.0,4.9e-06,6.76651,51.9961,1.4,0.0,0.94,0.94,0.6758412,13.0,3.0,13.0,1.18,80.0,2.7e-08,10.0,235.0,2792.0,933.47,1858.53,2.75,2700.0,5.985769,26.9815386,1.25,0.0,0.675,0.675,0.432835,6.0,2.0,14.0,0.67,95.0,2.417,5.29,140.0,4300.0,3800.0,500.0,11.260288,12.0107,0.7,0.0,0.3,0.3,1.262113612,16.166666666666664,8.173466556826153,3.1666666666666665,0.8975274678557507,9.833333333333332,3.8477987935383986,1.25,0.44384682042344287,73.5,17.240939649566666,7.045,1.5808621065734987,132.83333333333331,50.1079390471765,3370.6666666666665,659.33164812727,2512.245,1011.6254742368837,858.4216666666666,462.5824636543797,8.1343125,2.2275672777573403,34.49853976666667,18.195260480134202,1.1416666666666666,0.31677629681247016,0.0,0.0,0.6825,0.28623635338649767,0.6825,0.28623635338649767,0.830764304,0.3168794950937098
α-Cr3GaC2,-0.052,6.6,2.0,2.5,3,1,0,24.0,4.0,6.0,1.66,57.0,1.27e-07,0.21,7.23,94.0,2944.0,2180.0,764.0,160.0,279.0,1120.0,115.0,8.5,1060.0,7140.0,4.9e-06,6.76651,51.9961,1.4,0.0,0.94,0.94,0.6758412,31.0,4.0,13.0,1.36,81.0,1.4e-07,11.8,29.0,2477.0,302.91,2174.09,1.5,5904.0,5.999302,69.723,1.3,0.0,0.76,0.76,0.3012011,6.0,2.0,14.0,0.67,95.0,2.417,5.29,140.0,4300.0,3800.0,500.0,11.260288,12.0107,0.7,0.0,0.3,0.3,1.262113612,19.166666666666664,9.633564011078949,3.333333333333333,0.9428090415820634,9.833333333333332,3.8477987935383986,1.28,0.4441846462902561,73.66666666666666,17.30767331432956,7.345000000000001,2.173045098473568,98.5,37.27264412407577,3318.1666666666665,713.6241813603448,2407.1516666666666,1187.6222456434632,911.015,577.0709584834434,8.136568,2.225396444143829,41.62211666666666,21.856311936251323,1.15,0.3201562118716424,0.0,0.0,0.6966666666666667,0.2876147114148061,0.6966666666666667,0.2876147114148061,0.8088253206666667,0.3468134053002388
α-Cr3GaN2,-2.838,3.8,2.0,2.8,3,1,0,24.0,4.0,6.0,1.66,57.0,1.27e-07,0.21,7.23,94.0,2944.0,2180.0,764.0,160.0,279.0,1120.0,115.0,8.5,1060.0,7140.0,4.9e-06,6.76651,51.9961,1.4,0.0,0.94,0.94,0.6758412,31.0,4.0,13.0,1.36,81.0,1.4e-07,11.8,29.0,2477.0,302.91,2174.09,1.5,5904.0,5.999302,69.723,1.3,0.0,0.76,0.76,0.3012011,7.0,2.0,15.0,0.56,100.0,1.000298,13.54,0.02583,77.36,63.05,14.31,14.53413,14.0067,0.65,1.32,0.285,0.63,-0.07,19.499999999999996,9.17877987534291,3.333333333333333,0.9428090415820634,10.166666666666666,4.2196629670573875,1.2433333333333334,0.49469406932186094,75.33333333333333,19.39644870130154,10.094999999999999,2.9231190533401126,51.84194333333333,43.25020000516093,1910.62,1306.7831644155813,1161.5016666666666,1021.6317293985582,749.1183333333333,720.0804603518663,9.227848666666667,3.761899361844876,42.28745,20.956640552161502,1.1333333333333333,0.3435921354681383,0.44,0.6222539674441618,0.6916666666666667,0.2945146666787392,0.8066666666666666,0.1401982722987539,0.36478745,0.334760308138155
α-Cr3GeC2,-0.003,6.8,2.0,2.0,3,1,0,24.0,4.0,6.0,1.66,57.0,1.27e-07,0.21,7.23,94.0,2944.0,2180.0,764.0,160.0,279.0,1120.0,115.0,8.5,1060.0,7140.0,4.9e-06,6.76651,51.9961,1.4,0.0,0.94,0.94,0.6758412,32.0,4.0,14.0,1.25,84.0,0.0005,13.63,60.0,3093.0,1211.4,1881.6,6.0,5323.0,7.899435,72.64,1.25,0.0,0.77,0.77,1.232676413,6.0,2.0,14.0,0.67,95.0,2.417,5.29,140.0,4300.0,3800.0,500.0,11.260288,12.0107,0.7,0.0,0.3,0.3,1.262113612,19.333333333333332,9.843215373488933,3.333333333333333,0.9428090415820634,10.0,4.0,1.2616666666666667,0.4427722012753535,74.16666666666666,17.553885293258837,7.65,2.8115476165272395,103.66666666666666,28.364688532673078,3420.833333333333,623.8927302741145,2558.5666666666666,942.258778444412,862.2666666666665,470.90050848230015,8.453256833333333,2.0248831737342616,42.108283333333326,22.49896857979766,1.1416666666666666,0.31677629681247016,0.0,0.0,0.6983333333333333,0.288005594081473,0.6983333333333333,0.288005594081473,0.9640712061666667,0.28839698272009556
α-Cr3GeN2,-2.793,4.0,3.5,3.9,3,1,0,24.0,4.0,6.0,1.66,57.0,1.27e-07,0.21,7.23,94.0,2944.0,2180.0,764.0,160.0,279.0,1120.0,115.0,8.5,1060.0,7140.0,4.9e-06,6.76651,51.9961,1.4,0.0,0.94,0.94,0.6758412,32.0,4.0,14.0,1.25,84.0,0.0005,13.63,60.0,3093.0,1211.4,1881.6,6.0,5323.0,7.899435,72.64,1.25,0.0,0.77,0.77,1.232676413,7.0,2.0,15.0,0.56,100.0,1.000298,13.54,0.02583,77.36,63.05,14.31,14.53413,14.0067,0.65,1.32,0.285,0.63,-0.07,19.666666666666664,9.392668535736915,3.333333333333333,0.9428090415820634,10.333333333333332,4.346134936801766,1.225,0.492061987964931,75.83333333333333,19.573933914491715,10.399999999999999,3.1701419526576404,57.00861,42.0478133588918,2013.2866666666666,1369.9201269984887,1312.9166666666667,947.8167477008529,700.3699999999999,625.6739420816565,9.544537499999999,3.5508388501847343,42.77361666666666,21.611086811049603,1.125,0.340036762718386,0.44,0.6222539674441618,0.6933333333333332,0.29492466081281765,0.8083333333333332,0.13969212178533505,0.5200333355000001,0.46133268939586564
α-Cr3AsN2,-2.769,4.0,2.6,3.0,3,1,0,24.0,4.0,6.0,1.66,57.0,1.27e-07,0.21,7.23,94.0,2944.0,2180.0,764.0,160.0,279.0,1120.0,115.0,8.5,1060.0,7140.0,4.9e-06,6.76651,51.9961,1.4,0.0,0.94,0.94,0.6758412,33.0,4.0,15.0,1.14,89.0,3.3e-07,12.95,50.0,887.0,1090.0,203.0,3.5,5727.0,9.78855,74.9216,1.15,0.0,0.6599999999999999,0.6599999999999999,0.80482,7.0,2.0,15.0,0.56,100.0,1.000298,13.54,0.02583,77.36,63.05,14.31,14.53413,14.0067,0.65,1.32,0.285,0.63,-0.07,19.833333333333332,9.616247824501103,3.333333333333333,0.9428090415820634,10.5,4.5,1.2066666666666668,0.49283758875403244,76.66666666666666,20.005554784164875,10.286666666666665,3.062986922742062,55.341943333333326,42.09437251169197,1645.62,1326.1319085219238,1292.6833333333334,951.0581303065666,420.6033333333333,349.1092398598977,9.85939,3.473929727844246,43.15388333333333,22.14670329676004,1.1083333333333334,0.33592740617910616,0.44,0.6222539674441618,0.6749999999999999,0.2930017064796722,0.7899999999999999,0.15033296378372907,0.4487239333333334,0.3696169650632695
α-Cr3CdN2,-2.73,3.3,2.7,3.2,3,1,0,24.0,4.0,6.0,1.66,57.0,1.27e-07,0.21,7.23,94.0,2944.0,2180.0,764.0,160.0,279.0,1120.0,115.0,8.5,1060.0,7140.0,4.9e-06,6.76651,51.9961,1.4,0.0,0.94,0.94,0.6758412,48.0,5.0,12.0,1.61,75.0,7e-08,13.0,97.0,1040.0,594.22,445.78,2.0,8650.0,8.99382,112.411,1.55,0.0,1.09,1.09,-0.72,7.0,2.0,15.0,0.56,100.0,1.000298,13.54,0.02583,77.36,63.05,14.31,14.53413,14.0067,0.65,1.32,0.285,0.63,-0.07,22.333333333333332,13.767917618708921,3.4999999999999996,1.118033988749895,10.0,4.123105625617661,1.285,0.5129571132170797,74.33333333333333,19.23249564900221,10.294999999999998,3.070280931771553,63.17527666666666,44.66599721435858,1671.12,1312.7023534678376,1210.0533333333333,985.9744415495205,461.0666666666666,335.3412525406851,9.726935,3.4892227807242397,49.402116666666664,32.90384139055381,1.1749999999999998,0.37499999999999994,0.44,0.6222539674441618,0.7466666666666666,0.3307273129869312,0.8616666666666666,0.17218368744518808,0.19458726666666668,0.5277781662718238
α-Cr3InN2,-2.744,3.6,2.5,3.0,3,1,0,24.0,4.0,6.0,1.66,57.0,1.27e-07,0.21,7.23,94.0,2944.0,2180.0,764.0,160.0,279.0,1120.0,115.0,8.5,1060.0,7140.0,4.9e-06,6.76651,51.9961,1.4,0.0,0.94,0.94,0.6758412,49.0,5.0,13.0,1.56,79.0,8e-08,15.76,82.0,2345.0,429.75,1915.25,1.2,7310.0,5.7863557,114.818,1.55,0.0,0.94,0.94,0.383926,7.0,2.0,15.0,0.56,100.0,1.000298,13.54,0.02583,77.36,63.05,14.31,14.53413,14.0067,0.65,1.32,0.285,0.63,-0.07,22.499999999999996,14.080127840328723,3.4999999999999996,1.118033988749895,10.166666666666666,4.2196629670573875,1.2766666666666666,0.5079916884709389,75.0,19.313207915827967,10.754999999999999,3.6018363372035656,60.67527666666666,43.09498451660497,1888.62,1298.1454151211258,1182.6416666666667,1004.8206968644814,705.9783333333332,636.2975813096853,9.192357616666666,3.793066556777959,49.80328333333333,33.675236882929106,1.1749999999999998,0.37499999999999994,0.44,0.6222539674441618,0.7216666666666666,0.3087699611181257,0.8366666666666666,0.14613540144521978,0.37857493333333336,0.3335589091995329
α-Cr3SnN2,-2.728,3.8,4.6,6.6,3,1,0,24.0,4.0,6.0,1.66,57.0,1.27e-07,0.21,7.23,94.0,2944.0,2180.0,764.0,160.0,279.0,1120.0,115.0,8.5,1060.0,7140.0,4.9e-06,6.76651,51.9961,1.4,0.0,0.94,0.94,0.6758412,50.0,5.0,14.0,1.45,83.0,1.15e-07,16.29,67.0,2875.0,505.08,2369.92,1.5,7310.0,7.343918,118.71,1.45,0.0,0.83,0.83,1.1120702,7.0,2.0,15.0,0.56,100.0,1.000298,13.54,0.02583,77.36,63.05,14.31,14.53413,14.0067,0.65,1.32,0.285,0.63,-0.07,22.666666666666664,14.395215254459455,3.4999999999999996,1.118033988749895,10.333333333333332,4.346134936801766,1.2583333333333333,0.4993467955461637,75.66666666666666,19.507833184532707,10.843333333333334,3.7277949991322687,58.17527666666666,42.21142113006568,1976.9533333333331,1343.4368392381616,1195.1966666666667,995.7648634201863,781.7566666666667,785.4040831883221,9.451951333333334,3.5994367614626714,50.45195,34.93524267029642,1.1583333333333332,0.35988038136148637,0.44,0.6222539674441618,0.7033333333333333,0.2983519547261068,0.8183333333333332,0.1387343584777117,0.4999323,0.43150710405133547
β-Ta3AlC2,-3.234,8.8,14.6,15.7,3,0,1,73.0,6.0,5.0,2.0,52.0,1.35e-07,0.34,10.85,57.0,5731.0,3290.0,2441.0,200.0,186.0,800.0,69.0,6.5,873.0,16650.0,6.3e-06,7.549571,180.94788,1.45,0.0,0.82,0.82,0.32312,13.0,3.0,13.0,1.18,80.0,2.7e-08,10.0,235.0,2792.0,933.47,1858.53,2.75,2700.0,5.985769,26.9815386,1.25,0.0,0.675,0.675,0.432835,6.0,2.0,14.0,0.67,95.0,2.417,5.29,140.0,4300.0,3800.0,500.0,11.260288,12.0107,0.7,0.0,0.3,0.3,1.262113612,40.666666666666664,32.41741644377122,4.166666666666667,1.8633899812498247,9.333333333333332,4.346134936801766,1.4200000000000002,0.604400529450463,71.0,19.6468827043885,8.855,2.5386856835772322,114.33333333333331,65.49724336862498,4764.166666666667,1089.6974223252168,3067.245,981.1315661648033,1696.9216666666669,871.0451484742656,8.525843,2.011039362099359,98.97442976666667,82.12520583217787,1.1666666666666667,0.3374742788552764,0.0,0.0,0.6224999999999999,0.23373328817265202,0.6224999999999999,0.23373328817265202,0.654403704,0.4314630213515513
α-Ta3AlN2,-0.528,6.2,6.0,5.6,3,1,0,73.0,6.0,5.0,2.0,52.0,1.35e-07,0.34,10.85,57.0,5731.0,3290.0,2441.0,200.0,186.0,800.0,69.0,6.5,873.0,16650.0,6.3e-06,7.549571,180.94788,1.45,0.0,0.82,0.82,0.32312,13.0,3.0,13.0,1.18,80.0,2.7e-08,10.0,235.0,2792.0,933.47,1858.53,2.75,2700.0,5.985769,26.9815386,1.25,0.0,0.675,0.675,0.432835,7.0,2.0,15.0,0.56,100.0,1.000298,13.54,0.02583,77.36,63.05,14.31,14.53413,14.0067,0.65,1.32,0.285,0.63,-0.07,41.0,32.0624390837628,4.166666666666667,1.8633899812498247,9.666666666666666,4.714045207910317,1.3833333333333335,0.6503759596486396,72.66666666666666,21.71532996653644,11.605,1.400865803708549,67.67527666666666,79.04886980313563,3356.6200000000003,2540.9620616608977,1821.595,1496.7947299563157,1535.025,1094.8497468716882,9.617123666666666,3.5205340827664986,99.6397631,81.42306204913298,1.15,0.3605551275463989,0.44,0.6222539674441618,0.6174999999999999,0.2406371750166628,0.7324999999999999,0.08877640452282348,0.21036583333333334,0.20200785356879622
β-Ta3AlN2,-2.959,5.9,11.0,11.2,3,0,1,73.0,6.0,5.0,2.0,52.0,1.35e-07,0.34,10.85,57.0,5731.0,3290.0,2441.0,200.0,186.0,800.0,69.0,6.5,873.0,16650.0,6.3e-06,7.549571,180.94788,1.45,0.0,0.82,0.82,0.32312,13.0,3.0,13.0,1.18,80.0,2.7e-08,10.0,235.0,2792.0,933.47,1858.53,2.75,2700.0,5.985769,26.9815386,1.25,0.0,0.675,0.675,0.432835,7.0,2.0,15.0,0.56,100.0,1.000298,13.54,0.02583,77.36,63.05,14.31,14.53413,14.0067,0.65,1.32,0.285,0.63,-0.07,41.0,32.0624390837628,4.166666666666667,1.8633899812498247,9.666666666666666,4.714045207910317,1.3833333333333335,0.6503759596486396,72.66666666666666,21.71532996653644,11.605,1.400865803708549,67.67527666666666,79.04886980313563,3356.6200000000003,2540.9620616608977,1821.595,1496.7947299563157,1535.025,1094.8497468716882,9.617123666666666,3.5205340827664986,99.6397631,81.42306204913298,1.15,0.3605551275463989,0.44,0.6222539674441618,0.6174999999999999,0.2406371750166628,0.7324999999999999,0.08877640452282348,0.21036583333333334,0.20200785356879622
α-Ta3SiC2,-0.272,9.4,9.8,8.2,3,1,0,73.0,6.0,5.0,2.0,52.0,1.35e-07,0.34,10.85,57.0,5731.0,3290.0,2441.0,200.0,186.0,800.0,69.0,6.5,873.0,16650.0,6.3e-06,7.549571,180.94788,1.45,0.0,0.82,0.82,0.32312,14.0,3.0,14.0,1.11,85.0,0.001,12.06,150.0,3173.0,1687.0,1486.0,6.5,2330.0,8.15168,28.0855,1.1,0.0,0.54,0.54,1.38952128,6.0,2.0,14.0,0.67,95.0,2.417,5.29,140.0,4300.0,3800.0,500.0,11.260288,12.0107,0.7,0.0,0.3,0.3,1.262113612,40.833333333333336,32.27701280409257,4.166666666666667,1.8633899812498247,9.5,4.5,1.4083333333333334,0.6095740771682762,71.83333333333333,20.111494778415206,9.198333333333332,2.7965241322438508,100.16666666666666,43.29517550746529,4827.666666666666,978.3335604769753,3192.833333333333,711.0040826574455,1634.8333333333335,870.589726692328,8.886828166666668,1.6917365918512464,99.15842333333333,81.9647866068085,1.1416666666666666,0.3359274061791062,0.0,0.0,0.6,0.23409399821439247,0.6,0.23409399821439247,0.8138514173333333,0.49256568986470534
β-Ta3SiC2,-0.582,9.1,3.8,3.9,3,0,1,73.0,6.0,5.0,2.0,52.0,1.35e-07,0.34,10.85,57.0,5731.0,3290.0,2441.0,200.0,186.0,800.0,69.0,6.5,873.0,16650.0,6.3e-06,7.549571,180.94788,1.45,0.0,0.82,0.82,0.32312,14.0,3.0,14.0,1.11,85.0,0.001,12.06,150.0,3173.0,1687.0,1486.0,6.5,2330.0,8.15168,28.0855,1.1,0.0,0.54,0.54,1.38952128,6.0,2.0,14.0,0.67,95.0,2.417,5.29,140.0,4300.0,3800.0,500.0,11.260288,12.0107,0.7,0.0,0.3,0.3,1.262113612,40.833333333333336,32.27701280409257,4.166666666666667,1.8633899812498247,9.5,4.5,1.4083333333333334,0.6095740771682762,71.83333333333333,20.111494778415206,9.198333333333332,2.7965241322438508,100.16666666666666,43.29517550746529,4827.666666666666,978.3335604769753,3192.833333333333,711.0040826574455,1634.8333333333335,870.589726692328,8.886828166666668,1.6917365918512464,99.15842333333333,81.9647866068085,1.1416666666666666,0.3359274061791062,0.0,0.0,0.6,0.23409399821439247,0.6,0.23409399821439247,0.8138514173333333,0.49256568986470534
α-Ti4AlC3,-0.792,8.0,4.1,4.3,4,1,0,22.0,4.0,4.0,1.76,51.0,4e-07,0.32,10.64,22.0,3560.0,1941.0,1619.0,110.0,116.0,716.0,44.0,6.0,970.0,4507.0,8.6e-06,6.82812,47.867,1.4,0.0,0.8516666666666667,0.8516666666666667,0.075545,13.0,3.0,13.0,1.18,80.0,2.7e-08,10.0,235.0,2792.0,933.47,1858.53,2.75,2700.0,5.985769,26.9815386,1.25,0.0,0.675,0.675,0.432835,6.0,2.0,14.0,0.67,95.0,2.417,5.29,140.0,4300.0,3800.0,500.0,11.260288,12.0107,0.7,0.0,0.3,0.3,1.262113612,14.875,7.440388094716565,3.125,0.9270248108869579,8.875,4.88460592064498,1.27875,0.5059505287080941,71.125,20.642416888533184,8.55375,2.536177919133435,92.875,76.61174436729658,3741.5,496.12070103957564,2512.18375,1047.1838837321923,1229.31625,569.981383554268,8.384889124999999,2.2431466146756565,31.810204825,16.698277892591438,1.11875,0.32781235104858386,0.0,0.0,0.6227083333333334,0.2561357299417201,0.6227083333333334,0.2561357299417201,0.5651694795,0.5515471772257624
α-Ti4SiC3,-0.835,8.3,3.1,3.2,4,1,0,22.0,4.0,4.0,1.76,51.0,4e-07,0.32,10.64,22.0,3560.0,1941.0,1619.0,110.0,116.0,716.0,44.0,6.0,970.0,4507.0,8.6e-06,6.82812,47.867,1.4,0.0,0.8516666666666667,0.8516666666666667,0.075545,14.0,3.0,14.0,1.11,85.0,0.001,12.06,150.0,3173.0,1687.0,1486.0,6.5,2330.0,8.15168,28.0855,1.1,0.0,0.54,0.54,1.38952128,6.0,2.0,14.0,0.67,95.0,2.417,5.29,140.0,4300.0,3800.0,500.0,11.260288,12.0107,0.7,0.0,0.3,0.3,1.262113612,15.0,7.416198487095663,3.125,0.9270248108869579,9.0,5.0,1.27,0.5081830378908765,71.75,20.97468712519927,8.811250000000001,2.764264990463107,82.25,60.327750662526775,3789.125,414.2135432056755,2606.375,928.0603344476048,1182.75,530.525623792103,8.655628,2.0605177351141624,31.9482,16.66232630742178,1.0999999999999999,0.324037034920393,0.0,0.0,0.6058333333333333,0.2565814252391973,0.6058333333333333,0.2565814252391973,0.6847552645,0.6104579947031755
β-Ti4SiC3,-0.07,7.5,2.9,2.0,4,0,1,22.0,4.0,4.0,1.76,51.0,4e-07,0.32,10.64,22.0,3560.0,1941.0,1619.0,110.0,116.0,716.0,44.0,6.0,970.0,4507.0,8.6e-06,6.82812,47.867,1.4,0.0,0.8516666666666667,0.8516666666666667,0.075545,14.0,3.0,14.0,1.11,85.0,0.001,12.06,150.0,3173.0,1687.0,1486.0,6.5,2330.0,8.15168,28.0855,1.1,0.0,0.54,0.54,1.38952128,6.0,2.0,14.0,0.67,95.0,2.417,5.29,140.0,4300.0,3800.0,500.0,11.260288,12.0107,0.7,0.0,0.3,0.3,1.262113612,15.0,7.416198487095663,3.125,0.9270248108869579,9.0,5.0,1.27,0.5081830378908765,71.75,20.97468712519927,8.811250000000001,2.764264990463107,82.25,60.327750662526775,3789.125,414.2135432056755,2606.375,928.0603344476048,1182.75,530.525623792103,8.655628,2.0605177351141624,31.9482,16.66232630742178,1.0999999999999999,0.324037034920393,0.0,0.0,0.6058333333333333,0.2565814252391973,0.6058333333333333,0.2565814252391973,0.6847552645,0.6104579947031755
α-Ti4GaC3,-0.811,7.9,4.0,4.1,4,1,0,22.0,4.0,4.0,1.76,51.0,4e-07,0.32,10.64,22.0,3560.0,1941.0,1619.0,110.0,116.0,716.0,44.0,6.0,970.0,4507.0,8.6e-06,6.82812,47.867,1.4,0.0,0.8516666666666667,0.8516666666666667,0.075545,31.0,4.0,13.0,1.36,81.0,1.4e-07,11.8,29.0,2477.0,302.91,2174.09,1.5,5904.0,5.999302,69.723,1.3,0.0,0.76,0.76,0.3012011,6.0,2.0,14.0,0.67,95.0,2.417,5.29,140.0,4300.0,3800.0,500.0,11.260288,12.0107,0.7,0.0,0.3,0.3,1.262113612,17.125,9.075206609218327,3.25,0.9682458365518543,8.875,4.88460592064498,1.30125,0.5050603305546774,71.25,20.69873184521216,8.77875,2.7271571163942867,67.125,56.49211781301884,3702.125,575.9875080025607,2433.36375,1178.5375126394736,1268.76125,620.8130205713613,8.38658075,2.2413411036551163,37.1528875,20.66509687785406,1.125,0.33071891388307384,0.0,0.0,0.6333333333333333,0.25982098538117443,0.6333333333333333,0.25982098538117443,0.548715242,0.5571843574059803
β-Ti4GaC3,-0.005,7.1,2.4,2.4,4,0,1,22.0,4.0,4.0,1.76,51.0,4e-07,0.32,10.64,22.0,3560.0,1941.0,1619.0,110.0,116.0,716.0,44.0,6.0,970.0,4507.0,8.6e-06,6.82812,47.867,1.4,0.0,0.8516666666666667,0.8516666666666667,0.075545,31.0,4.0,13.0,1.36,81.0,1.4e-07,11.8,29.0,2477.0,302.91,2174.09,1.5,5904.0,5.999302,69.723,1.3,0.0,0.76,0.76,0.3012011,6.0,2.0,14.0,0.67,95.0,2.417,5.29,140.0,4300.0,3800.0,500.0,11.260288,12.0107,0.7,0.0,0.3,0.3,1.262113612,17.125,9.075206609218327,3.25,0.9682458365518543,8.875,4.88460592064498,1.30125,0.5050603305546774,71.25,20.69873184521216,8.77875,2.7271571163942867,67.125,56.49211781301884,3702.125,575.9875080025607,2433.36375,1178.5375126394736,1268.76125,620.8130205713613,8.38658075,2.2413411036551163,37.1528875,20.66509687785406,1.125,0.33071891388307384,0.0,0.0,0.6333333333333333,0.25982098538117443,0.6333333333333333,0.25982098538117443,0.548715242,0.5571843574059803
α-Ti4GeN3,-4.346,5.3,2.5,2.8,4,1,0,22.0,4.0,4.0,1.76,51.0,4e-07,0.32,10.64,22.0,3560.0,1941.0,1619.0,110.0,116.0,716.0,44.0,6.0,970.0,4507.0,8.6e-06,6.82812,47.867,1.4,0.0,0.8516666666666667,0.8516666666666667,0.075545,32.0,4.0,14.0,1.25,84.0,0.0005,13.63,60.0,3093.0,1211.4,1881.6,6.0,5323.0,7.899435,72.64,1.25,0.0,0.77,0.77,1.232676413,7.0,2.0,15.0,0.56,100.0,1.000298,13.54,0.02583,77.36,63.05,14.31,14.53413,14.0067,0.65,1.32,0.285,0.63,-0.07,17.625,8.816709987291178,3.25,0.9682458365518543,9.375,5.383713866839507,1.2462499999999999,0.5554938681029702,73.5,23.02715787933891,12.10125,1.4615098143700571,18.50968625,18.692024104478318,2195.635,1647.441132597763,1145.56875,869.6779418042851,1050.06625,806.5794949342795,9.851788125,3.642714213817714,38.2660125,20.358749929295602,1.1,0.3517811819867572,0.495,0.6390422521242238,0.6289583333333333,0.267677689556136,0.7583333333333333,0.1027064316930109,0.165607051625,0.4089030696392398
β-Ti4GeN3,-3.895,4.9,3.1,3.2,4,0,1,22.0,4.0,4.0,1.76,51.0,4e-07,0.32,10.64,22.0,3560.0,1941.0,1619.0,110.0,116.0,716.0,44.0,6.0,970.0,4507.0,8.6e-06,6.82812,47.867,1.4,0.0,0.8516666666666667,0.8516666666666667,0.075545,32.0,4.0,14.0,1.25,84.0,0.0005,13.63,60.0,3093.0,1211.4,1881.6,6.0,5323.0,7.899435,72.64,1.25,0.0,0.77,0.77,1.232676413,7.0,2.0,15.0,0.56,100.0,1.000298,13.54,0.02583,77.36,63.05,14.31,14.53413,14.0067,0.65,1.32,0.285,0.63,-0.07,17.625,8.816709987291178,3.25,0.9682458365518543,9.375,5.383713866839507,1.2462499999999999,0.5554938681029702,73.5,23.02715787933891,12.10125,1.4615098143700571,18.50968625,18.692024104478318,2195.635,1647.441132597763,1145.56875,869.6779418042851,1050.06625,806.5794949342795,9.851788125,3.642714213817714,38.2660125,20.358749929295602,1.1,0.3517811819867572,0.495,0.6390422521242238,0.6289583333333333,0.267677689556136,0.7583333333333333,0.1027064316930109,0.165607051625,0.4089030696392398
α-Ti4InC3,-0.744,7.8,3.8,3.8,4,1,0,22.0,4.0,4.0,1.76,51.0,4e-07,0.32,10.64,22.0,3560.0,1941.0,1619.0,110.0,116.0,716.0,44.0,6.0,970.0,4507.0,8.6e-06,6.82812,47.867,1.4,0.0,0.8516666666666667,0.8516666666666667,0.075545,49.0,5.0,13.0,1.56,79.0,8e-08,15.76,82.0,2345.0,429.75,1915.25,1.2,7310.0,5.7863557,114.818,1.55,0.0,0.94,0.94,0.383926,6.0,2.0,14.0,0.67,95.0,2.417,5.29,140.0,4300.0,3800.0,500.0,11.260288,12.0107,0.7,0.0,0.3,0.3,1.262113612,19.375,13.425139664077987,3.375,1.1110243021644486,8.875,4.88460592064498,1.32625,0.512248413857964,71.0,20.591260281974,9.27375,3.484766625973682,73.75,54.71231579818204,3685.625,611.6342733815691,2449.21875,1150.2841594410215,1236.40625,578.0596035647513,8.3599624625,2.270607896524683,42.7897625,31.885012986156106,1.15625,0.3565787956398978,0.0,0.0,0.6558333333333333,0.2770391568793922,0.6558333333333333,0.2770391568793922,0.5590558545,0.5532485972369541
β-Ti4InN3,-3.749,4.5,0.6,2.2,4,0,1,22.0,4.0,4.0,1.76,51.0,4e-07,0.32,10.64,22.0,3560.0,1941.0,1619.0,110.0,116.0,716.0,44.0,6.0,970.0,4507.0,8.6e-06,6.82812,47.867,1.4,0.0,0.8516666666666667,0.8516666666666667,0.075545,49.0,5.0,13.0,1.56,79.0,8e-08,15.76,82.0,2345.0,429.75,1915.25,1.2,7310.0,5.7863557,114.818,1.55,0.0,0.94,0.94,0.383926,7.0,2.0,15.0,0.56,100.0,1.000298,13.54,0.02583,77.36,63.05,14.31,14.53413,14.0067,0.65,1.32,0.285,0.63,-0.07,19.75,13.055171389146908,3.375,1.1110243021644486,9.25,5.2855936279664935,1.285,0.5651327277728657,72.875,22.80042488639192,12.3675,1.8564196050462294,21.25968625,25.110276596393728,2102.135,1614.7602857312909,1047.8625,900.1672357644162,1054.2725,810.980645326231,9.587653212500001,3.8456607821337077,43.5382625,31.169080036389325,1.1375,0.3805834336909582,0.495,0.6390422521242238,0.6502083333333333,0.2842649359654554,0.7795833333333333,0.11918633287606614,0.05951325,0.13990744537528194
α-V4AlC3,-0.504,8.6,3.7,3.7,4,1,0,23.0,4.0,5.0,1.71,54.0,2e-07,0.37,8.32,31.0,3680.0,2183.0,1497.0,160.0,128.0,628.0,47.0,7.0,628.0,6110.0,8.4e-06,6.746187,50.9415,1.35,0.0,0.7775,0.7775,0.527662,13.0,3.0,13.0,1.18,80.0,2.7e-08,10.0,235.0,2792.0,933.47,1858.53,2.75,2700.0,5.985769,26.9815386,1.25,0.0,0.675,0.675,0.432835,6.0,2.0,14.0,0.67,95.0,2.417,5.29,140.0,4300.0,3800.0,500.0,11.260288,12.0107,0.7,0.0,0.3,0.3,1.262113612,15.375,7.920503456220444,3.125,0.9270248108869579,9.375,4.3857011982122085,1.25375,0.482232762781626,72.625,19.1829188342129,7.393750000000001,1.7139715392911286,97.375,72.46885106719989,3801.5,477.4471174905133,2633.18375,986.4119924496242,1168.3162499999999,530.1493752693079,8.343922625,2.2717693002969583,33.347454825,18.18137065532314,1.09375,0.30663241430090205,0.0,0.0,0.5856250000000001,0.22360592428421927,0.5856250000000001,0.22360592428421927,0.7912279794999999,0.36597702568584145
β-V4AlC3,-0.253,7.8,3.2,3.8,4,0,1,23.0,4.0,5.0,1.71,54.0,2e-07,0.37,8.32,31.0,3680.0,2183.0,1497.0,160.0,128.0,628.0,47.0,7.0,628.0,6110.0,8.4e-06,6.746187,50.9415,1.35,0.0,0.7775,0.7775,0.527662,13.0,3.0,13.0,1.18,80.0,2.7e-08,10.0,235.0,2792.0,933.47,1858.53,2.75,2700.0,5.985769,26.9815386,1.25,0.0,0.675,0.675,0.432835,6.0,2.0,14.0,0.67,95.0,2.417,5.29,140.0,4300.0,3800.0,500.0,11.260288,12.0107,0.7,0.0,0.3,0.3,1.262113612,15.375,7.920503456220444,3.125,0.9270248108869579,9.375,4.3857011982122085,1.25375,0.482232762781626,72.625,19.1829188342129,7.393750000000001,1.7139715392911286,97.375,72.46885106719989,3801.5,477.4471174905133,2633.18375,986.4119924496242,1168.3162499999999,530.1493752693079,8.343922625,2.2717693002969583,33.347454825,18.18137065532314,1.09375,0.30663241430090205,0.0,0.0,0.5856250000000001,0.22360592428421927,0.5856250000000001,0.22360592428421927,0.7912279794999999,0.36597702568584145
α-V4AlN3,-3.759,5.5,1.0,1.3,4,1,0,23.0,4.0,5.0,1.71,54.0,2e-07,0.37,8.32,31.0,3680.0,2183.0,1497.0,160.0,128.0,628.0,47.0,7.0,628.0,6110.0,8.4e-06,6.746187,50.9415,1.35,0.0,0.7775,0.7775,0.527662,13.0,3.0,13.0,1.18,80.0,2.7e-08,10.0,235.0,2792.0,933.47,1858.53,2.75,2700.0,5.985769,26.9815386,1.25,0.0,0.675,0.675,0.432835,7.0,2.0,15.0,0.56,100.0,1.000298,13.54,0.02583,77.36,63.05,14.31,14.53413,14.0067,0.65,1.32,0.285,0.63,-0.07,15.75,7.479137650825796,3.125,0.9270248108869579,9.75,4.789311015167004,1.2125,0.5324882627814438,74.5,21.395092895334667,10.4875,2.4234054035592143,44.88468625,73.27339346880898,2218.01,1681.7502351716796,1231.8274999999999,987.8041449567571,986.1825,761.4407973334171,9.571613375,3.8514628786362763,34.095954825,17.307653529095745,1.0750000000000002,0.33071891388307384,0.495,0.6390422521242238,0.5800000000000001,0.23079346827845887,0.7093750000000001,0.06950438385454544,0.29168537499999997,0.2817605406834576
β-V4AlN3,-3.329,5.1,3.2,3.5,4,0,1,23.0,4.0,5.0,1.71,54.0,2e-07,0.37,8.32,31.0,3680.0,2183.0,1497.0,160.0,128.0,628.0,47.0,7.0,628.0,6110.0,8.4e-06,6.746187,50.9415,1.35,0.0,0.7775,0.7775,0.527662,13.0,3.0,13.0,1.18,80.0,2.7e-08,10.0,235.0,2792.0,933.47,1858.53,2.75,2700.0,5.985769,26.9815386,1.25,0.0,0.675,0.675,0.432835,7.0,2.0,15.0,0.56,100.0,1.000298,13.54,0.02583,77.36,63.05,14.31,14.53413,14.0067,0.65,1.32,0.285,0.63,-0.07,15.75,7.479137650825796,3.125,0.9270248108869579,9.75,4.789311015167004,1.2125,0.5324882627814438,74.5,21.395092895334667,10.4875,2.4234054035592143,44.88468625,73.27339346880898,2218.01,1681.7502351716796,1231.8274999999999,987.8041449567571,986.1825,761.4407973334171,9.571613375,3.8514628786362763,34.095954825,17.307653529095745,1.0750000000000002,0.33071891388307384,0.495,0.6390422521242238,0.5800000000000001,0.23079346827845887,0.7093750000000001,0.06950438385454544,0.29168537499999997,0.2817605406834576
α-V4SiN3,-3.753,5.7,1.0,1.1,4,1,0,23.0,4.0,5.0,1.71,54.0,2e-07,0.37,8.32,31.0,3680.0,2183.0,1497.0,160.0,128.0,628.0,47.0,7.0,628.0,6110.0,8.4e-06,6.746187,50.9415,1.35,0.0,0.7775,0.7775,0.527662,14.0,3.0,14.0,1.11,85.0,0.001,12.06,150.0,3173.0,1687.0,1486.0,6.5,2330.0,8.15168,28.0855,1.1,0.0,0.54,0.54,1.38952128,7.0,2.0,15.0,0.56,100.0,1.000298,13.54,0.02583,77.36,63.05,14.31,14.53413,14.0067,0.65,1.32,0.285,0.63,-0.07,15.875,7.440388094716565,3.125,0.9270248108869579,9.875,4.88460592064498,1.20375,0.5335245425470134,75.125,21.61849613178493,10.745000000000001,2.4669768949059896,34.25968625,46.03557481174096,2265.635,1702.5960722893142,1326.01875,990.78536428731,939.61625,716.7475802354951,9.842352250000001,3.6613123508575356,34.23395,17.254699624667477,1.05625,0.32445868381043524,0.495,0.6390422521242238,0.563125,0.22815068348571738,0.6925,0.08935533000330756,0.41127115999999997,0.46179356808086797
α-V4GaC3,-0.502,8.5,2.2,2.8,4,1,0,23.0,4.0,5.0,1.71,54.0,2e-07,0.37,8.32,31.0,3680.0,2183.0,1497.0,160.0,128.0,628.0,47.0,7.0,628.0,6110.0,8.4e-06,6.746187,50.9415,1.35,0.0,0.7775,0.7775,0.527662,31.0,4.0,13.0,1.36,81.0,1.4e-07,11.8,29.0,2477.0,302.91,2174.09,1.5,5904.0,5.999302,69.723,1.3,0.0,0.76,0.76,0.3012011,6.0,2.0,14.0,0.67,95.0,2.417,5.29,140.0,4300.0,3800.0,500.0,11.260288,12.0107,0.7,0.0,0.3,0.3,1.262113612,17.625,9.353308238265218,3.25,0.9682458365518543,9.375,4.3857011982122085,1.2762499999999999,0.4824659962111319,72.75,19.233759382918358,7.61875,2.113027670784271,71.625,52.96682334254151,3762.125,564.1866795441026,2554.36375,1133.3312142522316,1207.76125,588.5581356254771,8.345614249999999,2.270017084007505,38.6901375,21.502323256216844,1.1,0.31024184114977144,0.0,0.0,0.59625,0.22954098217965346,0.59625,0.22954098217965346,0.774773742,0.38422460001651526
α-V4GaN3,-3.762,5.4,1.1,1.4,4,1,0,23.0,4.0,5.0,1.71,54.0,2e-07,0.37,8.32,31.0,3680.0,2183.0,1497.0,160.0,128.0,628.0,47.0,7.0,628.0,6110.0,8.4e-06,6.746187,50.9415,1.35,0.0,0.7775,0.7775,0.527662,31.0,4.0,13.0,1.36,81.0,1.4e-07,11.8,29.0,2477.0,302.91,2174.09,1.5,5904.0,5.999302,69.723,1.3,0.0,0.76,0.76,0.3012011,7.0,2.0,15.0,0.56,100.0,1.000298,13.54,0.02583,77.36,63.05,14.31,14.53413,14.0067,0.65,1.32,0.285,0.63,-0.07,18.0,8.888194417315589,3.25,0.9682458365518543,9.75,4.789311015167004,1.2349999999999999,0.5344389581607987,74.625,21.4297544316308,10.712499999999999,2.45110051813466,19.13468625,14.815162243792622,2178.635,1671.5067679716406,1153.0075,1032.607501373949,1025.6275,812.0978625102705,9.573305,3.8498901969663364,39.4386375,20.57533818014527,1.08125,0.3344188055417937,0.495,0.6390422521242238,0.590625,0.23680077992903656,0.72,0.0699330036534968,0.2752311375,0.2768378169661929
α-V4GeC3,-0.46,8.7,1.1,1.2,4,1,0,23.0,4.0,5.0,1.71,54.0,2e-07,0.37,8.32,31.0,3680.0,2183.0,1497.0,160.0,128.0,628.0,47.0,7.0,628.0,6110.0,8.4e-06,6.746187,50.9415,1.35,0.0,0.7775,0.7775,0.527662,32.0,4.0,14.0,1.25,84.0,0.0005,13.63,60.0,3093.0,1211.4,1881.6,6.0,5323.0,7.899435,72.64,1.25,0.0,0.77,0.77,1.232676413,6.0,2.0,14.0,0.67,95.0,2.417,5.29,140.0,4300.0,3800.0,500.0,11.260288,12.0107,0.7,0.0,0.3,0.3,1.262113612,17.75,9.536115561380326,3.25,0.9682458365518543,9.5,4.5,1.2625,0.48144963391823237,73.125,19.41930418423894,7.8475,2.5969393042579956,75.5,50.79616127228513,3839.125,402.3684373494024,2667.925,929.1700271613371,1171.2,533.9451095384244,8.583130874999998,2.105540371997972,39.0547625,22.043395385632945,1.09375,0.30663241430090205,0.0,0.0,0.5974999999999999,0.23045471355561378,0.5974999999999999,0.23045471355561378,0.891208156125,0.36365787021935664
α-V4AsN3,-3.735,5.6,1.3,1.5,4,1,0,23.0,4.0,5.0,1.71,54.0,2e-07,0.37,8.32,31.0,3680.0,2183.0,1497.0,160.0,128.0,628.0,47.0,7.0,628.0,6110.0,8.4e-06,6.746187,50.9415,1.35,0.0,0.7775,0.7775,0.527662,33.0,4.0,15.0,1.14,89.0,3.3e-07,12.95,50.0,887.0,1090.0,203.0,3.5,5727.0,9.78855,74.9216,1.15,0.0,0.6599999999999999,0.6599999999999999,0.80482,7.0,2.0,15.0,0.56,100.0,1.000298,13.54,0.02583,77.36,63.05,14.31,14.53413,14.0067,0.65,1.32,0.285,0.63,-0.07,18.25,9.270248108869579,3.25,0.9682458365518543,10.0,5.0,1.2075,0.5329575499043052,75.625,21.88571166309197,10.85625,2.5426754487153875,21.75968625,17.87501900691013,1979.885,1718.0936311432506,1251.39375,983.240266109173,779.24125,720.0801971558012,10.046961,3.6064398848606225,40.0884625,21.579145503583863,1.0625,0.3257203555198846,0.495,0.6390422521242238,0.578125,0.2300738672144231,0.7075,0.07060010623221469,0.33818349999999997,0.32810046860641634
α-V4CdC3,-0.357,8.1,1.5,1.6,4,1,0,23.0,4.0,5.0,1.71,54.0,2e-07,0.37,8.32,31.0,3680.0,2183.0,1497.0,160.0,128.0,628.0,47.0,7.0,628.0,6110.0,8.4e-06,6.746187,50.9415,1.35,0.0,0.7775,0.7775,0.527662,48.0,5.0,12.0,1.61,75.0,7e-08,13.0,97.0,1040.0,594.22,445.78,2.0,8650.0,8.99382,112.411,1.55,0.0,1.09,1.09,-0.72,6.0,2.0,14.0,0.67,95.0,2.417,5.29,140.0,4300.0,3800.0,500.0,11.260288,12.0107,0.7,0.0,0.3,0.3,1.262113612,19.75,13.264143394882309,3.375,1.1110243021644486,9.25,4.293891009329417,1.3074999999999999,0.49481688532223717,72.0,19.013153341831543,7.768750000000001,2.4242031551625374,80.125,50.85871975384359,3582.5,1002.9176187504136,2590.7775,1062.8986882783092,991.7225,505.5501548251667,8.719928999999999,2.092185393218655,44.026137500000004,31.509409483753323,1.13125,0.3399793192239787,0.0,0.0,0.6375,0.27948054494007274,0.6375,0.27948054494007274,0.6471236045,0.6185415687076415
α-V4CdN3,-3.671,5.1,1.3,1.7,4,1,0,23.0,4.0,5.0,1.71,54.0,2e-07,0.37,8.32,31.0,3680.0,2183.0,1497.0,160.0,128.0,628.0,47.0,7.0,628.0,6110.0,8.4e-06,6.746187,50.9415,1.35,0.0,0.7775,0.7775,0.527662,48.0,5.0,12.0,1.61,75.0,7e-08,13.0,97.0,1040.0,594.22,445.78,2.0,8650.0,8.99382,112.411,1.55,0.0,1.09,1.09,-0.72,7.0,2.0,15.0,0.56,100.0,1.000298,13.54,0.02583,77.36,63.05,14.31,14.53413,14.0067,0.65,1.32,0.285,0.63,-0.07,20.125,12.87864026207736,3.375,1.1110243021644486,9.625,4.715334028465004,1.2662499999999999,0.5479721137977734,73.875,21.29810731027525,10.8625,2.5478704343039107,27.63468625,29.88225838285819,1999.01,1706.635061605146,1189.4212499999999,1006.8016212422076,809.58875,699.9909449135307,9.94761975,3.623096903794037,44.774637500000004,30.754666797534053,1.1125,0.36379080527138125,0.495,0.6390422521242238,0.631875,0.2862847959200768,0.76125,0.14177997919311458,0.147581,0.429034895505016
α-V4InC3,-0.384,8.3,1.9,1.9,4,1,0,23.0,4.0,5.0,1.71,54.0,2e-07,0.37,8.32,31.0,3680.0,2183.0,1497.0,160.0,128.0,628.0,47.0,7.0,628.0,6110.0,8.4e-06,6.746187,50.9415,1.35,0.0,0.7775,0.7775,0.527662,49.0,5.0,13.0,1.56,79.0,8e-08,15.76,82.0,2345.0,429.75,1915.25,1.2,7310.0,5.7863557,114.818,1.55,0.0,0.94,0.94,0.383926,6.0,2.0,14.0,0.67,95.0,2.417,5.29,140.0,4300.0,3800.0,500.0,11.260288,12.0107,0.7,0.0,0.3,0.3,1.262113612,19.875,13.531791270929359,3.375,1.1110243021644486,9.375,4.3857011982122085,1.30125,0.4912595418920634,72.5,19.13765920900464,8.11375,3.212397615099974,78.25,50.47709876765898,3745.625,602.1806077706256,2570.21875,1102.1822489774263,1175.40625,539.6271562601696,8.318995962499999,2.2984444570975624,44.3270125,32.16562073679899,1.13125,0.3399793192239787,0.0,0.0,0.6187499999999999,0.2521935020971,0.6187499999999999,0.2521935020971,0.7851143545,0.37226734850498344
α-V4InN3,-3.661,5.3,1.4,2.2,4,1,0,23.0,4.0,5.0,1.71,54.0,2e-07,0.37,8.32,31.0,3680.0,2183.0,1497.0,160.0,128.0,628.0,47.0,7.0,628.0,6110.0,8.4e-06,6.746187,50.9415,1.35,0.0,0.7775,0.7775,0.527662,49.0,5.0,13.0,1.56,79.0,8e-08,15.76,82.0,2345.0,429.75,1915.25,1.2,7310.0,5.7863557,114.818,1.55,0.0,0.94,0.94,0.383926,7.0,2.0,15.0,0.56,100.0,1.000298,13.54,0.02583,77.36,63.05,14.31,14.53413,14.0067,0.65,1.32,0.285,0.63,-0.07,20.25,13.150570329837409,3.375,1.1110243021644486,9.75,4.789311015167004,1.26,0.544288526426931,74.375,21.365494962672877,11.2075,2.966427775962192,25.75968625,25.640569699158373,2162.135,1669.129887209201,1168.8625,1020.3339293308588,993.2725,769.7492137662435,9.5466867125,3.8751621824206595,45.0755125,31.41947471427703,1.1125,0.36379080527138125,0.495,0.6390422521242238,0.6131249999999999,0.25930722005952705,0.7424999999999999,0.10116508785149152,0.28557175,0.27915007685551063
α-V4SnC3,-0.365,8.5,1.1,1.2,4,1,0,23.0,4.0,5.0,1.71,54.0,2e-07,0.37,8.32,31.0,3680.0,2183.0,1497.0,160.0,128.0,628.0,47.0,7.0,628.0,6110.0,8.4e-06,6.746187,50.9415,1.35,0.0,0.7775,0.7775,0.527662,50.0,5.0,14.0,1.45,83.0,1.15e-07,16.29,67.0,2875.0,505.08,2369.92,1.5,7310.0,7.343918,118.71,1.45,0.0,0.83,0.83,1.1120702,6.0,2.0,14.0,0.67,95.0,2.417,5.29,140.0,4300.0,3800.0,500.0,11.260288,12.0107,0.7,0.0,0.3,0.3,1.262113612,20.0,13.80217374184226,3.375,1.1110243021644486,9.5,4.5,1.2874999999999999,0.48532849699971253,73.0,19.352002480363627,8.18,3.370956837457282,76.375,50.58146276058058,3811.875,455.80929057556517,2579.635,1084.0276714987492,1232.24,630.7964673331645,8.513691249999999,2.1358849358292775,44.8135125,33.239609864905056,1.11875,0.32590019561209227,0.0,0.0,0.605,0.23683459417914435,0.605,0.23683459417914435,0.8761323795,0.3514857060081611
α-V4SnN3,-3.649,5.4,1.4,1.8,4,1,0,23.0,4.0,5.0,1.71,54.0,2e-07,0.37,8.32,31.0,3680.0,2183.0,1497.0,160.0,128.0,628.0,47.0,7.0,628.0,6110.0,8.4e-06,6.746187,50.9415,1.35,0.0,0.7775,0.7775,0.527662,50.0,5.0,14.0,1.45,83.0,1.15e-07,16.29,67.0,2875.0,505.08,2369.92,1.5,7310.0,7.343918,118.71,1.45,0.0,0.83,0.83,1.1120702,7.0,2.0,15.0,0.56,100.0,1.000298,13.54,0.02583,77.36,63.05,14.31,14.53413,14.0067,0.65,1.32,0.285,0.63,-0.07,20.375,13.425139664077987,3.375,1.1110243021644486,9.875,4.88460592064498,1.2462499999999999,0.5378879413967188,74.875,21.514166844198268,11.27375,3.071420426691858,23.88468625,21.70592114919103,2228.385,1685.5110887724827,1178.27875,1013.7961587695711,1050.10625,848.4829141169771,9.741382,3.7172554754467035,45.5620125,32.506916301128804,1.1,0.35,0.495,0.6390422521242238,0.599375,0.24407910474884983,0.72875,0.07827236102226633,0.376589775,0.3921973364308513
α-Cr4AlC3,-0.01,6.9,1.0,1.1,4,1,0,24.0,4.0,6.0,1.66,57.0,1.27e-07,0.21,7.23,94.0,2944.0,2180.0,764.0,160.0,279.0,1120.0,115.0,8.5,1060.0,7140.0,4.9e-06,6.76651,51.9961,1.4,0.0,0.94,0.94,0.6758412,13.0,3.0,13.0,1.18,80.0,2.7e-08,10.0,235.0,2792.0,933.47,1858.53,2.75,2700.0,5.985769,26.9815386,1.25,0.0,0.675,0.675,0.432835,6.0,2.0,14.0,0.67,95.0,2.417,5.29,140.0,4300.0,3800.0,500.0,11.260288,12.0107,0.7,0.0,0.3,0.3,1.262113612,15.875,8.402938474129154,3.125,0.9270248108869579,9.875,3.887077951366553,1.22875,0.45865121552220917,74.125,17.73018259917252,6.848750000000001,1.4916805748886053,128.875,45.41320705477648,3433.5,672.9069400741829,2631.68375,987.097472440507,801.81625,417.6786101160047,8.354084125,2.2646342372990627,33.874754825,18.692109678626444,1.11875,0.32781235104858386,0.0,0.0,0.6668749999999999,0.296278347799835,0.6668749999999999,0.296278347799835,0.8653175795,0.31681770179156443
β-Cr4SiN3,-2.672,3.5,2.9,4.3,4,0,1,24.0,4.0,6.0,1.66,57.0,1.27e-07,0.21,7.23,94.0,2944.0,2180.0,764.0,160.0,279.0,1120.0,115.0,8.5,1060.0,7140.0,4.9e-06,6.76651,51.9961,1.4,0.0,0.94,0.94,0.6758412,14.0,3.0,14.0,1.11,85.0,0.001,12.06,150.0,3173.0,1687.0,1486.0,6.5,2330.0,8.15168,28.0855,1.1,0.0,0.54,0.54,1.38952128,7.0,2.0,15.0,0.56,100.0,1.000298,13.54,0.02583,77.36,63.05,14.31,14.53413,14.0067,0.65,1.32,0.285,0.63,-0.07,16.375,7.920503456220444,3.125,0.9270248108869579,10.375,4.3857011982122085,1.17875,0.5098636459878267,76.625,20.155256758473705,10.2,3.004371814539605,65.75968625,53.90884820228864,1897.635,1411.8373650583837,1324.51875,989.4882234447955,573.11625,489.374146255641,9.85251375,3.652723370342796,34.76125,17.76576726903457,1.0812499999999998,0.34725485957722746,0.495,0.6390422521242238,0.6443749999999999,0.30576172810703434,0.7737499999999999,0.1685183595339095,0.48536076000000006,0.48578726816122636
α-Cr4GeN3,-3.125,3.8,1.5,1.4,4,1,0,24.0,4.0,6.0,1.66,57.0,1.27e-07,0.21,7.23,94.0,2944.0,2180.0,764.0,160.0,279.0,1120.0,115.0,8.5,1060.0,7140.0,4.9e-06,6.76651,51.9961,1.4,0.0,0.94,0.94,0.6758412,32.0,4.0,14.0,1.25,84.0,0.0005,13.63,60.0,3093.0,1211.4,1881.6,6.0,5323.0,7.899435,72.64,1.25,0.0,0.77,0.77,1.232676413,7.0,2.0,15.0,0.56,100.0,1.000298,13.54,0.02583,77.36,63.05,14.31,14.53413,14.0067,0.65,1.32,0.285,0.63,-0.07,18.625,9.353308238265218,3.25,0.9682458365518543,10.375,4.3857011982122085,1.19625,0.5096061592053219,76.5,20.1059692628831,10.39625,3.1663699148235978,54.50968625,43.55105458105921,1887.635,1403.0243922950876,1265.06875,980.1673536753494,622.5662500000001,588.9723044409113,9.820983125,3.668324411056887,40.3305625,21.409915994051534,1.1,0.3517811819867572,0.495,0.6390422521242238,0.673125,0.305408921570736,0.8025,0.14402690720834074,0.46575515162500003,0.45080671572117426
α-Ta4AlC3,-0.582,9.4,3.8,3.3,4,1,0,73.0,6.0,5.0,2.0,52.0,1.35e-07,0.34,10.85,57.0,5731.0,3290.0,2441.0,200.0,186.0,800.0,69.0,6.5,873.0,16650.0,6.3e-06,7.549571,180.94788,1.45,0.0,0.82,0.82,0.32312,13.0,3.0,13.0,1.18,80.0,2.7e-08,10.0,235.0,2792.0,933.47,1858.53,2.75,2700.0,5.985769,26.9815386,1.25,0.0,0.675,0.675,0.432835,6.0,2.0,14.0,0.67,95.0,2.417,5.29,140.0,4300.0,3800.0,500.0,11.260288,12.0107,0.7,0.0,0.3,0.3,1.262113612,40.375,32.69532650089306,4.125,1.899835519196333,9.375,4.3857011982122085,1.39875,0.6211971808532296,71.625,20.155256758473705,8.65875,2.6232300580581946,110.375,60.786383138002215,4827.0,1015.090882630713,3186.68375,883.7519208456847,1640.31625,902.2858860130959,8.745614624999998,2.0096509595650516,98.350644825,82.72433180050814,1.1437499999999998,0.34949740700039533,0.0,0.0,0.606875,0.2420864708632021,0.606875,0.2420864708632021,0.6889569795,0.44531882213729085
β-Ta4SiC3,-0.717,8.5,26.0,26.4,4,0,1,73.0,6.0,5.0,2.0,52.0,1.35e-07,0.34,10.85,57.0,5731.0,3290.0,2441.0,200.0,186.0,800.0,69.0,6.5,873.0,16650.0,6.3e-06,7.549571,180.94788,1.45,0.0,0.82,0.82,0.32312,14.0,3.0,14.0,1.11,85.0,0.001,12.06,150.0,3173.0,1687.0,1486.0,6.5,2330.0,8.15168,28.0855,1.1,0.0,0.54,0.54,1.38952128,6.0,2.0,14.0,0.67,95.0,2.417,5.29,140.0,4300.0,3800.0,500.0,11.260288,12.0107,0.7,0.0,0.3,0.3,1.262113612,40.5,32.592176975464525,4.125,1.899835519196333,9.5,4.5,1.39,0.6246999279654193,72.25,20.480173339110195,8.91625,2.8348233520803374,99.75,42.8595088632616,4874.625,923.2836695052068,3280.875,647.0358254185003,1593.75,899.4308964561981,9.0163535,1.7485418922525842,98.48864,82.60599969682953,1.125,0.34731109973624513,0.0,0.0,0.59,0.2414539293529927,0.59,0.2414539293529927,0.8085427645000001,0.48698775879860146
